,Close,High,Low,Open,Volume
2001-01-02,2.5292792320251465,2.6329854275757816,2.5292792320251465,2.581131978149139,6704000
2001-01-03,2.7366929054260254,2.7770227598301602,2.523518607480519,2.535041523496412,14215200
2001-01-04,2.713646411895752,2.771260977930664,2.65603184586084,2.67331586401991,22256000
2001-01-05,2.615701198577881,2.6906004832281973,2.5177567916922143,2.6906004832281973,12950400
2001-01-08,2.632986545562744,2.6617934826849163,2.5926559896281653,2.6272247361565406,6118400
2001-01-09,2.7251694202423096,2.759738161070101,2.6502701301306786,2.6502701301306786,12219200
2001-01-10,2.7078845500946045,2.7597380101520685,2.7021234452564387,2.7309303760528563,12905600
2001-01-11,2.6675546169281006,2.707884459352173,2.661792808980221,2.696361546759185,10503200
2001-01-12,2.673316478729248,2.7078852262990227,2.6272248153028817,2.667555372452437,7568800
2001-01-16,2.6617939472198486,2.690601592672465,2.6502710296994163,2.6617939472198486,10085600
2001-01-17,2.6387457847595215,2.6733145068306072,2.632984682732233,2.6617915994735784,11560800
2001-01-18,2.5926554203033447,2.6387470722198487,2.5926554203033447,2.6272241592407224,12277600
2001-01-19,2.5350403785705566,2.586893828874467,2.500471646135504,2.581132021817294,13512000
2001-01-22,2.656031370162964,2.690600103592616,2.563848081017224,2.563848081017224,10532800
2001-01-23,2.7366929054260254,2.7539769277983748,2.656032493314776,2.656032493314776,10667200
2001-01-24,2.7366929054260254,2.8115915078778384,2.71364707339424,2.7366929054260254,16905600
2001-01-25,2.771260976791382,2.782783889993627,2.7194075157298743,2.736692237184646,8588000
2001-01-26,2.7943079471588135,2.8058308650784314,2.7655003007082217,2.7770232186278396,9619200
2001-01-29,2.8337149620056152,2.885337566988425,2.788545160667443,2.79407611010203,13421600
2001-01-30,2.7682647705078125,2.810669007300847,2.7396878187639455,2.810669007300847,10181600
2001-01-31,2.8576834201812744,2.9037750882487146,2.7608909875699545,2.7839368216036746,22312800
2001-02-01,2.947100877761841,2.968303176432995,2.8807289461400414,2.9498664408474022,14117600
2001-02-02,2.9590847492218018,3.023613150484116,2.92866443321263,3.0190040543192715,20815200
2001-02-05,2.9581637382507324,3.0337540576982707,2.941570706991363,3.0236138328562587,22342400
2001-02-06,2.8852474689483643,2.989544564106519,2.7652594656190783,2.9489334024060163,45325600
2001-02-07,2.8114092350006104,2.9950832095464675,2.7698750598077866,2.8621734616299244,31675200
2001-02-08,2.713571548461914,2.9037061067326135,2.6858821129241433,2.9037061067326135,25032000
2001-02-09,2.633272647857666,2.7181871581494867,2.6286576235756685,2.6674229473185687,12229600
2001-02-12,2.71264910697937,2.7274168324714694,2.630503611923921,2.630503611923921,9684800
2001-02-13,2.7846407890319824,2.838173816579317,2.732030765965046,2.732030765965046,10632800
2001-02-14,2.862173557281494,2.870480427806714,2.793872758775981,2.8584815365835134,11556000
2001-02-15,2.86586332321167,2.86586332321167,2.796639569742353,2.8427887387218975,7546400
2001-02-16,2.9397029876708984,2.9803143179394693,2.8797090850745866,2.888938780823895,14260000
2001-02-20,2.9627785682678223,3.1150710726560824,2.95354886888873,2.95354886888873,12986400
2001-02-21,2.8704800605773926,2.9535485791571445,2.820638843802413,2.9535485791571445,7784000
2001-02-22,2.780026435852051,2.8612489080397716,2.6951119450877745,2.8612489080397716,13300000
2001-02-23,2.8307912349700928,2.83817509810221,2.6535783437540985,2.8289452251757674,10644000
2001-02-26,2.9609320163726807,2.9720077227027275,2.844635867590943,2.861249603131191,10453600
2001-02-27,2.9387800693511963,3.018156722655817,2.8981687378877665,2.9673926903604047,12234400
2001-02-28,2.8224844932556152,2.999697392402428,2.6674231844965055,2.9572402215039624,25921600
2001-03-01,2.6858835220336914,2.838175849479651,2.6535790462614623,2.8335609998172884,16067200
2001-03-02,2.7412612438201904,2.778180551013884,2.7006499178845558,2.7320313730104813,11494400
2001-03-05,2.7606446743011475,2.7892571242863013,2.7403390930286506,2.7597216693280524,8249600
2001-03-06,2.8252530097961426,2.82894485285372,2.774488803404462,2.8151001333087744,7008800
2001-03-07,2.9526238441467285,2.9553928576935893,2.789255741829266,2.815099340131301,9160800
2001-03-08,3.031078338623047,3.050460910886086,2.898168642943776,2.9313961108748843,12845600
2001-03-09,2.9193978309631348,3.0089272007569656,2.9000152546754263,3.0033895230121326,10426400
2001-03-12,2.842790126800537,2.9175519438046056,2.8151006823106415,2.9166289388489166,8344000
2001-03-13,2.851097822189331,2.8843253060495,2.792026896255916,2.879710455977919,11052000
2001-03-14,2.7671058177948,2.841867643901491,2.7569531141364667,2.815101025063121,15036800
2001-03-15,2.780026435852051,2.8150997321036466,2.7458759681994582,2.7671045468792435,12808000
2001-03-16,2.7421844005584717,2.7781808834187443,2.6904973643030297,2.750491267676599,15605600
2001-03-19,2.8889389038085938,2.895399937571388,2.7975635388482507,2.8058704062123883,11321600
2001-03-20,2.9304747581481934,2.96739426601619,2.8630969555660424,2.8889403998193273,15464800
2001-03-21,2.936933994293213,3.013541807502797,2.90739854517611,2.9304731368044923,21248800
2001-03-22,2.8806328773498535,2.951702685080543,2.8031023860607256,2.951702685080543,16254400
2001-03-23,2.8926310539245605,2.9249355200188654,2.792025812226823,2.8714024701650835,11749600
2001-03-26,2.8667871952056885,2.9461638462042927,2.8612493425450207,2.9212432451635455,14960000
2001-03-27,2.8704800605773926,2.884324784333149,2.778181667478732,2.8151009895091534,23019200
2001-03-28,2.917550563812256,2.985851137775347,2.782794896788962,2.815099350777397,26683200
2001-03-29,2.953547716140747,2.998774070463895,2.8843239415436983,2.8981686612540756,13179200
2001-03-30,2.953547716140747,3.078150369579305,2.93970299643037,2.93970299643037,30416000
2001-04-02,2.9055533409118652,2.925859099841786,2.8612501549569314,2.8612501549569314,17977600
2001-04-03,2.757875442504883,2.952625075383038,2.7440307210875905,2.944318207323626,26736800
2001-04-04,2.772642135620117,2.8150992862554327,2.756951411245086,2.757874239697934,20464800
2001-04-05,2.7514147758483887,2.8151007100570893,2.6831139928609518,2.7597216444862713,25020800
2001-04-06,2.7209556102752686,2.7781806709293746,2.696958015552266,2.7754116567533993,21120800
2001-04-09,2.713571548461914,2.730185280202632,2.611120496136052,2.7209554096749957,20084000
2001-04-10,2.675729751586914,2.706188206945765,2.653578163693674,2.6997273491492164,20061600
2001-04-11,2.713571548461914,2.7458760072860717,2.539127717274655,2.6628075246276217,24297600
2001-04-12,2.63142728805542,2.676653480917917,2.5594344758820387,2.6074296839976263,40300000
2001-04-16,2.564971685409546,2.639733312861606,2.5557418135653642,2.5658945141533174,15896800
2001-04-17,2.5622031688690186,2.616659229680614,2.5585111489959353,2.575124886334415,19076800
2001-04-18,2.754183769226074,2.8058708145339484,2.5751248564958735,2.5751248564958735,14360000
2001-04-19,2.806793451309204,2.8612495043465094,2.7643362851012285,2.7643362851012285,11671200
2001-04-20,2.7643368244171143,2.819715717050045,2.753260940263404,2.819715717050045,11098400
2001-04-23,2.7643368244171143,2.8474053394117167,2.7366472020554427,2.7412622271383245,7077600
2001-04-24,2.7551074028015137,2.796641579097877,2.6674238483226875,2.7043431748234226,13561600
2001-04-25,2.758798837661743,2.7920263145997106,2.721879516644673,2.7560299986137187,12774400
2001-04-26,2.863095760345459,2.9073989400380507,2.72649420160404,2.75972149835089,11937600
2001-04-27,2.922166347503662,2.972007551249093,2.8806320110491366,2.8843240303096134,11096000
2001-04-30,2.8917088508605957,2.9904682862571166,2.8695572560940157,2.953548785600924,8803200
2001-05-01,2.9978511333465576,2.9996971430700587,2.890785034015979,2.8926310437394798,12003200
2001-05-02,2.982161283493042,3.0227724507350935,2.9720084036599195,2.9904681531664656,6588800
2001-05-03,2.912935733795166,2.943394180759032,2.8935531657477616,2.935087315582966,7404000
2001-05-04,2.927704334259033,2.9415492310739033,2.825253259727156,2.865864417178902,7093600
2001-05-07,2.900937557220459,2.9304730050092327,2.889861676277091,2.9286269955111455,5156800
2001-05-08,2.928204298019409,2.985511227300461,2.9069452815537784,2.9069452815537784,9212800
2001-05-09,2.9245083332061768,2.9411458933395838,2.906946620885476,2.9282056471458815,9140800
2001-05-10,3.0733208656311035,3.0964285413125405,2.93929627615974,2.962403951841177,16482400
2001-05-11,3.1657519340515137,3.1916324209738827,3.0723970686564033,3.0742453726406955,16570400
2001-05-14,3.1334011554718018,3.148190054710455,3.1139904387374933,3.147265550173256,8286400
2001-05-15,3.1657519340515137,3.1657519340515132,3.064078290346329,3.1241580425011417,15541600
2001-05-16,3.2027244567871094,3.2212103179475955,3.096428992138311,3.124158136474241,16221600
2001-05-17,3.1796164512634277,3.248939481282876,3.1703731690370693,3.2036482798616306,9830400
2001-05-18,3.1250829696655273,3.177768455221789,3.073321636226377,3.1611308963518923,19556000
2001-05-21,3.1444921493530273,3.1657511659663524,3.105671075793183,3.133400565162402,10613600
2001-05-22,3.1315531730651855,3.210119151070409,3.122309888679412,3.144493418610023,5468800
2001-05-23,3.127854347229004,3.134324466873607,3.068698766138302,3.120459723295128,8731200
2001-05-24,3.1463398933410645,3.1565073228161653,3.1056701754406615,3.1287778414858898,8546400
2001-05-25,3.132476568222046,3.156508749222273,3.1204604777219322,3.156508749222273,7980800
2001-05-29,3.1426448822021484,3.151887814346992,3.077943299402464,3.133401950057305,9092000
2001-05-30,3.0936553478240967,3.170372638183777,3.061304394341495,3.143567653108362,11811200
2001-05-31,3.0927317142486572,3.138022920838456,3.0927317142486572,3.105671958247113,14184000
2001-06-01,3.096428632736206,3.12323362194094,3.073320956372503,3.096428632736206,12806400
2001-06-04,3.047440767288208,3.101974902900359,3.0234085840854603,3.101974902900359,6866400
2001-06-05,3.113990545272827,3.1241579799588424,3.0178628732304618,3.0548349462943922,10837600
2001-06-06,3.102898359298706,3.1417194340021317,3.0779420296883138,3.0779420296883138,4032000
2001-06-07,3.1102941036224365,3.1139910647289053,3.0187875287789403,3.0271063083101675,10435200
2001-06-08,3.071471929550171,3.1102930045090766,3.0086190292129835,3.1102930045090766,6568800
2001-06-11,3.07794189453125,3.0881093268069923,3.031726549710675,3.0723962788136445,5401600
2001-06-12,3.1241583824157715,3.138023131972804,3.0317276589561613,3.096429235896934,5088800
2001-06-13,3.028029680252075,3.1149147668797084,3.0178625990848302,3.1149147668797084,9244000
2001-06-14,3.012317180633545,3.0640785107975446,2.9910581573327635,3.03634901270545,5709600
2001-06-15,2.943918466567993,2.9947554683346156,2.930053893830771,2.9531615738253434,11596800
2001-06-18,2.982738494873047,3.0613044426071556,2.9642522858194003,2.9670250937691587,8700800
2001-06-19,3.0492894649505615,3.0871860442696564,3.0271059380489262,3.0271059380489262,6340000
2001-06-20,3.054835081100464,3.096428973653657,3.0224844716675348,3.0363488674551338,9578400
2001-06-21,3.1528117656707764,3.166676161454271,3.061305202080839,3.0686998285748617,10504000
2001-06-22,3.117687225341797,3.1407948985381595,3.0603802945414493,3.1380220905850313,6329600
2001-06-25,3.0751688480377197,3.124156996915591,3.0733201920769417,3.118611381628328,7077600
2001-06-26,3.0178627967834473,3.062229494893398,3.009544018850633,3.0363486565495466,8166400
2001-06-27,2.974421501159668,3.0261828470142182,2.974421501159668,3.017864065583939,7800000
2001-06-28,2.987361192703247,3.0502141178854774,2.974420946800186,2.974420946800186,8414400
2001-06-29,2.945767402648926,3.0317278322910366,2.9411457604331406,2.9873611248052456,15692000
2001-07-02,3.00307297706604,3.0483638132460094,2.9531603247658134,2.9531603247658134,6204000
2001-07-03,3.04374361038208,3.0770187256974904,2.9855121585801125,3.0215600826400695,4440800
2001-07-05,2.9531617164611816,3.162979503257387,2.9374484862540293,3.0039985443855834,13555200
2001-07-06,2.8440933227539062,2.953161601560228,2.8440933227539062,2.9485399597393447,17378400
2001-07-09,2.8792166709899902,2.895854227516222,2.845017405950597,2.8514875276446663,7531200
2001-07-10,2.816363573074341,2.934674941259983,2.8154392448505177,2.893081052675848,12076000
2001-07-11,2.8191370964050293,2.8875358113588145,2.8108183170987133,2.8163641112037188,15536000
2001-07-12,3.0252573490142822,3.049289533077579,2.8838384637167818,2.8884599290842754,18632800
2001-07-13,3.1001269817352295,3.120461503967004,2.9531620968380774,3.0455928331860904,11269600
2001-07-16,3.0982768535614014,3.118611718732976,3.050212851170931,3.0964281974007934,5432000
2001-07-17,3.130628824234009,3.1444935752055097,3.066851745474685,3.0918080856662282,7379200
2001-07-18,3.1454174518585205,3.17869256919906,3.096429280548967,3.130628549995529,5352000
2001-07-19,3.155583620071411,3.179615796314543,3.114914244438154,3.156508124401196,5620000
2001-07-20,3.161129951477051,3.207345300613864,3.1398709331855326,3.1398709331855326,4269600
2001-07-23,3.1620543003082275,3.2165884297908507,3.120460412974845,3.170373077774904,9461600
2001-07-24,3.067775249481201,3.1426442542369974,3.0418947625708865,3.1389469410797557,8042400
2001-07-25,3.1056714057922363,3.113066031101786,3.0511372782173036,3.087185547708646,5869600
2001-07-26,3.059455633163452,3.1010495133015246,3.043742585441899,3.0964280494184258,12666400
2001-07-27,3.059455633163452,3.0936552416075855,3.030802345531186,3.073320377407841,12915200
2001-07-30,3.0927317142486572,3.0964290275611313,3.040046233629114,3.0594565996267975,5408800
2001-07-31,3.143568515777588,3.165752042898914,3.078867296247056,3.0936561967962066,8344000
2001-08-01,3.159281015396118,3.2628032895674166,3.1472649269581234,3.154659551410767,13286400
2001-08-02,3.222134828567505,3.241545194379309,3.211967393353169,3.211967393353169,13181600
2001-08-03,3.2119667530059814,3.253560637592711,3.1842376141465385,3.2212096817607523,6348800
2001-08-06,3.1518874168395996,3.256334229361034,3.1417203338006203,3.2212104569688744,9401600
2001-08-07,3.1773390769958496,3.211583527972276,3.160679538021143,3.165307109278327,7555200
2001-08-08,3.14957332611084,3.243977274087111,3.146796853631305,3.1838181343102305,11740800
2001-08-09,3.2717432975769043,3.2791476954791747,3.1421695118372877,3.156052228312358,18601600
2001-08-10,3.314317464828491,3.371700129149005,3.2125091247734923,3.2486046773793165,16713600
2001-08-13,3.2708187103271484,3.3300524955343276,3.2680422369771898,3.3180205225824912,12755200
2001-08-14,3.3541150093078613,3.3781785918757268,3.239349334675355,3.239349334675355,13715200
2001-08-15,3.368925094604492,3.378180241713461,3.2902549319333305,3.318020726321469,13864000
2001-08-16,3.3865082263946533,3.3883593254508404,3.314317128508587,3.3457851063416753,14256000
2001-08-17,3.360593318939209,3.3670719886681253,3.3180187496421603,3.358742220007944,7097600
2001-08-20,3.4244558811187744,3.424455881118774,3.3642963798206065,3.3642963798206065,11908800
2001-08-21,3.2439775466918945,3.406870771694436,3.2402753477006714,3.405945045416066,16187200
2001-08-22,3.274519443511963,3.280998113800879,3.1764133100410143,3.230094124504661,9601600
2001-08-23,3.2504568099975586,3.267116355429067,3.1949252272666597,3.267116355429067,11551200
2001-08-24,3.3393070697784424,3.3504133131618272,3.2439773921326296,3.25045606352803,9736800
2001-08-27,3.313392400741577,3.345786114393179,3.2782222141996935,3.339307442275089,3865600
2001-08-28,3.2809994220733643,3.321722559136156,3.2634141502248473,3.3133927864345405,9589600
2001-08-29,3.274519443511963,3.2948808273938193,3.2578599047515935,3.280998113800879,8536800
2001-08-30,3.231019973754883,3.3457856629020513,3.231019973754883,3.2624879568225658,11904000
2001-08-31,3.2486045360565186,3.2772960434991596,3.2347218219218714,3.2347218219218714,5720800
2001-09-04,3.253232479095459,3.3161684387699975,3.2513813799213764,3.257860050500132,15024000
2001-09-05,3.23472261428833,3.2486053318236396,3.1791906849636375,3.2393501868001,17084000
2001-09-06,3.154200553894043,3.285625400442451,3.1421685873733654,3.2393489863517124,10863200
2001-09-07,3.0070414543151855,3.1403173958655586,3.0051903554388044,3.100519652675883,18165600
2001-09-10,2.952436923980713,3.007968688928594,2.9367029268543234,2.961692247560462,13309600
2001-09-17,2.820085048675537,2.8598827992130853,2.7627023851571724,2.7997234868674945,19091200
2001-09-18,2.7765846252441406,2.804350400884384,2.7756590758520665,2.7765846252441406,9651200
2001-09-19,2.833967685699463,2.9237438657730794,2.775659304900626,2.7904677433348204,19084000
2001-09-20,2.843223810195923,2.85988335332605,2.774734714629177,2.833968665373027,9589600
2001-09-21,2.7756600379943848,2.9422552791751566,2.7395644818439684,2.7756600379943848,15578400
2001-09-24,2.7997233867645264,2.8867231050710473,2.7756596273805725,2.7756596273805725,12655200
2001-09-25,2.8459999561309814,2.8524786269732223,2.7728831245558836,2.8089788537963614,21476800
2001-09-26,2.843223810195923,2.863585552479666,2.799724029324368,2.846000459561135,13819200
2001-09-27,2.84137225151062,2.8598827135460363,2.7960212046770994,2.832116932227646,11076800
2001-09-28,3.044989585876465,3.0579469312788117,2.846000772737044,2.8645114174809034,16681600
2001-10-01,3.065349817276001,3.080158256854685,2.982977850053255,3.044988433518466,10653600
2001-10-02,3.1467974185943604,3.1551271905895564,3.0533191800359685,3.0653507983147925,21011200
2001-10-03,3.2486045360565186,3.257860031874015,3.1097752763436577,3.146796553491513,19708000
2001-10-04,3.23472261428833,3.2837755184231634,3.2023289005836384,3.2393501868001,10711200
2001-10-05,3.206955909729004,3.2300941187369734,3.1218071169879296,3.2300941187369734,11410400
2001-10-08,3.124584197998047,3.193073465355462,3.091265467104808,3.1421694662301354,10472800
2001-10-09,3.065349817276001,3.109775136012053,3.044988433518466,3.109775136012053,9741600
2001-10-10,3.23472261428833,3.2384248135222067,3.0875635488226796,3.1005208930800956,13727200
2001-10-11,3.1727113723754883,3.2948810979424064,3.1097754103487634,3.211583750361915,22318400
2001-10-12,3.193999767303467,3.19492549382756,3.0338833255738793,3.100521512859709,10408000
2001-10-15,3.2365739345550537,3.239350407639168,3.1467975388494778,3.1939993465853025,6635200
2001-10-16,3.2680411338806152,3.290253619305087,3.217136785905596,3.2365731519783716,12243200
2001-10-17,3.3087658882141113,3.35504233420312,3.2578618682384546,3.3319041112086154,24555200
2001-10-18,3.2365739345550537,3.3143183584608407,3.206957044787247,3.2902544148612627,15268000
2001-10-19,3.278221368789673,3.282849293161529,3.1930729268756313,3.2263920052110597,8289600
2001-10-22,3.256009340286255,3.3041368653784744,3.211584013984462,3.2847008513203977,9118400
2001-10-23,3.2143595218658447,3.266189230193564,3.1921470419118245,3.23934882660987,9596800
2001-10-24,3.206955909729004,3.2393492611157413,3.184743073734491,3.215285679094315,5203200
2001-10-25,3.2393505573272705,3.2393505573272705,3.1375425381786046,3.15605283034295,5799200
2001-10-26,3.2597103118896484,3.2689654523203124,3.206955234700717,3.2393485792690164,4915200
2001-10-29,3.1338393688201904,3.236573082624989,3.109775431554717,3.236573082624989,6647200
2001-10-30,3.0311052799224854,3.0829349934903094,3.0079670716788023,3.0829349934903094,4805600
2001-10-31,3.1282882690429688,3.1560540712678793,3.044990862368237,3.054246012089431,7101600
2001-11-01,3.1708600521087646,3.1921475153919503,3.0746053695958833,3.128285831664504,5760800
2001-11-02,3.2661895751953125,3.2837744864381246,3.166232345660909,3.1791896858462487,7996000
2001-11-05,3.3319027423858643,3.341157886556933,3.2402752616233608,3.2856263154082828,6675200
2001-11-06,3.3712880611419678,3.3824082083254563,3.2434051312709853,3.3314404841061047,4524000
2001-11-07,3.3129067420959473,3.3722146663729706,3.28973956208129,3.3722146663729706,9328800
2001-11-08,3.244330406188965,3.359239727584185,3.2424773436287717,3.331439193642703,9486400
2001-11-09,3.232285976409912,3.2730600976025617,3.192438387140708,3.2452595443574275,5136000
2001-11-12,3.2424776554107666,3.306418924974776,3.192436477402584,3.232284042834692,3432000
2001-11-13,3.342559576034546,3.3453395235770045,3.226723715058846,3.275838006991585,8709600
2001-11-14,3.4055745601654053,3.428741734044081,3.374993720964103,3.400941196090274,18225600
2001-11-15,3.5343830585479736,3.5584771109912117,3.390746689069794,3.3916732202393374,18168000
2001-11-16,3.3861148357391357,3.553844978931374,3.385187950653463,3.5445782490931483,13252000
2001-11-19,3.5084354877471924,3.5686699040203025,3.397233026200761,3.4055732196543156,13000800
2001-11-20,3.475076198577881,3.498243373235067,3.438008577725171,3.488976644773405,6384000
2001-11-21,3.4055745601654053,3.4695158328094644,3.3759206058809412,3.456542271997889,7849600
2001-11-23,3.4148402214050293,3.442641104175928,3.391673054764553,3.391673054764553,2406400
2001-11-26,3.4593214988708496,3.460248029996912,3.3786995042899597,3.40557350248359,10829600
2001-11-27,3.5075109004974365,3.540871696161858,3.44264307948674,3.465810259420021,11296000
2001-11-28,3.5445778369903564,3.558478283634673,3.4713694778693025,3.485269924513619,11451200
2001-11-29,3.4973161220550537,3.5436504618339852,3.465808756865262,3.5436504618339852,10074400
2001-11-30,3.4926822185516357,3.507509192348107,3.447274765957479,3.4973159350841714,6948800
2001-12-03,3.3314406871795654,3.438936392514143,3.283252908442944,3.4380095073155412,27811200
2001-12-04,3.428741931915283,3.428741931915283,3.312906055837064,3.340706595395229,13446400
2001-12-05,3.5065815448760986,3.5621825905373776,3.4750741914006196,3.4797075529552552,13466400
2001-12-06,3.53901743888855,3.5890586205012274,3.521410513581731,3.5353109596418175,15354400
2001-12-07,3.5584781169891357,3.5946188523682165,3.5075100506822006,3.5214104966755513,8720000
2001-12-10,3.5065815448760986,3.5816432746713693,3.488974629567353,3.5816432746713693,6439200
2001-12-11,3.461174488067627,3.5065822893502614,3.438007321873057,3.5065822893502614,7440000
2001-12-12,3.4509825706481934,3.4565424664499216,3.4148414804217606,3.438008655603735,10393600
2001-12-13,3.4658100605010986,3.4899037707074916,3.3916748061670776,3.4500561952290374,6824000
2001-12-14,3.4815611839294434,3.4908279076127053,3.442640520256324,3.442640520256324,6080000
2001-12-17,3.5417981147766113,3.547358010986228,3.4046484700580377,3.405575001591952,9100000
2001-12-18,3.464881658554077,3.530676332144272,3.433374295306205,3.518629659066362,11684000
2001-12-19,3.502877712249756,3.5232649447424262,3.421329135782204,3.4648835493790435,9640000
2001-12-20,3.55291748046875,3.6289057756728478,3.5353105571663814,3.5677444562767935,10862400
2001-12-21,3.5584781169891357,3.646513096603604,3.548284503727749,3.5760850422114245,14044000
2001-12-24,3.5093624591827393,3.5566236791846046,3.5038025651845843,3.5492100158498316,4127200
2001-12-26,3.551989793777466,3.6270511797328053,3.5380893538212836,3.543649600504331,5424800
2001-12-27,3.6492929458618164,3.6594865578605087,3.567744403375261,3.5742311831011593,10571200
2001-12-28,3.710454225540161,3.7345479280553406,3.6502194389977447,3.6604130508898134,14806400
2001-12-31,3.693774700164795,3.7623493450597585,3.6743143566272836,3.710455095626394,8537600
2002-01-02,3.6724605560302734,3.703967927106978,3.6335395195223326,3.69377431389054,12020000
2002-01-03,3.6131527423858643,3.6789474340688506,3.605739076758074,3.6557802592365567,10510400
2002-01-04,3.7252819538116455,3.7345486827664227,3.637246614729058,3.637246614729058,8682400
2002-01-07,3.722500801086426,3.7345478287752436,3.6715330964839996,3.7345478287752436,6711200
2002-01-08,3.7289881706237793,3.813316662788954,3.7030406975324235,3.7030406975324235,13844800
2002-01-09,3.697478771209717,3.7299126528770943,3.671531312373017,3.720645930544357,12359200
2002-01-10,3.7632741928100586,3.7929281345766124,3.698406062632146,3.729913419946968,17610400
2002-01-11,3.6187117099761963,3.7669818029763706,3.6187117099761963,3.7669818029763706,12852000
2002-01-14,3.627051830291748,3.688213140763855,3.618711635522691,3.6372454409542554,7186400
2002-01-15,3.6335384845733643,3.6511457582059186,3.6048114229672796,3.6418786790564366,9468000
2002-01-16,3.566817045211792,3.6335382431401024,3.5631102137983026,3.6335382431401024,8720000
2002-01-17,3.599252462387085,3.6075926598521875,3.5501381625942896,3.572378453499195,6368000
2002-01-18,3.6020307540893555,3.633538112969472,3.5909106137501636,3.5909106137501636,9140000
2002-01-22,3.631685495376587,3.6854335002488714,3.609445209810995,3.616858520498537,6331200
2002-01-23,3.7141611576080322,3.7252813011060173,3.640025924946827,3.640025924946827,12864000
2002-01-24,3.752154588699341,3.7577144826350337,3.6946997590090978,3.7577144826350337,8100800
2002-01-25,3.7067482471466064,3.7530826002359388,3.687287903689821,3.7299154236912724,5884000
2002-01-28,3.7540087699890137,3.773469465073465,3.6965542766758883,3.7067478899336903,11615200
2002-01-29,3.674312114715576,3.7873676273587003,3.6696783994122724,3.73454652512722,8045600
2002-01-30,3.7206482887268066,3.721574820146206,3.6140791468418016,3.6752404721097727,11838400
2002-01-31,3.830922842025757,3.855016540747902,3.727134030333331,3.7345473401313285,14496000
2002-02-01,3.8012704849243164,3.843898006215998,3.7762498910783977,3.808683797821401,13292000
2002-02-04,3.702113389968872,3.806829084713723,3.6993330895223564,3.8012688373236094,9327200
2002-02-05,3.722059965133667,3.764735897846244,3.6858784807547287,3.706288694056326,8460800
2002-02-06,3.7081427574157715,3.738757711555015,3.678455379019519,3.738757711555015,6720000
2002-02-07,3.432607650756836,3.641347305194752,3.312002587861915,3.6181540102572054,38371200
2002-02-08,3.4019923210144043,3.43260764010977,3.330557284261739,3.4094143452441634,29768000
2002-02-11,3.4836313724517822,3.4984750608501085,3.386219645218924,3.39085823148688,21265600
2002-02-12,3.5096094608306885,3.509609460830689,3.43724614201353,3.4789941425038937,7831200
2002-02-13,3.5903213024139404,3.5903213024139404,3.5096087536634375,3.5096087536634375,12543200
2002-02-14,3.5578503608703613,3.5903211775359254,3.517030299981039,3.5903211775359254,9522400
2002-02-15,3.4752817153930664,3.5346564679575927,3.4094128713856353,3.5346564679575927,10073600
2002-02-19,3.337050437927246,3.466932640224945,3.3305563455074356,3.4326066725914486,9128800
2002-02-20,3.3157131671905518,3.39085920648242,3.290664369459413,3.386220618880701,12923200
2002-02-21,3.3082919120788574,3.423330822381422,3.2637608237396285,3.293448215965781,20120800
2002-02-22,3.3184974193573,3.3472572388736057,3.257267121275547,3.3166419128818925,11928000
2002-02-25,3.158926486968994,3.357461021639413,3.158926486968994,3.3073637769134288,30176000
2002-02-26,3.245206594467163,3.2934487024358337,3.2025310060762293,3.2934487024358337,38924000
2002-02-27,3.474355459213257,3.5114645167087115,3.293447697980492,3.298086285929727,27605600
2002-02-28,3.5225977897644043,3.621865064951671,3.4854883758675426,3.5253808719411093,29783200
2002-03-01,3.5300192832946777,3.5717672833610323,3.5161035192069474,3.5485739893132333,9716000
2002-03-04,3.5272376537323,3.5764073441126256,3.5253821469762103,3.5764073441126256,17735200
2002-03-05,3.4094133377075195,3.4929093161099325,3.405702326689304,3.4789932017423673,18467200
2002-03-06,3.4836313724517822,3.502186071425052,3.428895205126432,3.4326062157013753,18197600
2002-03-07,3.690516948699951,3.7090716552869485,3.6005272056906406,3.66454057181911,23404800
2002-03-08,3.707216739654541,3.7907127556429243,3.636709268076744,3.785146236609816,15639200
2002-03-11,3.6534080505371094,3.6970112059525526,3.5810447270468693,3.6970112059525526,12864800
2002-03-12,3.6088778972625732,3.6246491725946246,3.5726960492210393,3.594961774638776,10919200
2002-03-13,3.6088778972625732,3.6265046792045776,3.562491293718847,3.604238953786841,8377600
2002-03-14,3.594961166381836,3.66454105992471,3.5949611663818355,3.6506249396554793,15428000
2002-03-15,3.61908221244812,3.630215250753334,3.583828652853246,3.5958889134980763,10568800
2002-03-18,3.594961166381836,3.6459863508662824,3.5467190643905795,3.6088772866510666,8929600
2002-03-19,3.666396379470825,3.6858786637340955,3.592177900919112,3.641347576603068,9833600
2002-03-20,3.738759756088257,3.738759756088257,3.65711924390288,3.670107788717783,13864800
2002-03-21,3.6478419303894043,3.7378320410931827,3.6274317146252533,3.7109277301134647,5922400
2002-03-22,3.5986721515655518,3.6571190068872417,3.5884670439660593,3.6385646518717674,6518400
2002-03-25,3.539297103881836,3.599599461016853,3.526308560871194,3.594960872606715,6745600
2002-03-26,3.553213119506836,3.6181544235300094,3.5392973532957788,3.5392973532957788,6027200
2002-03-27,3.6404194831848145,3.6404194831848145,3.5457908037640906,3.5532124736139035,7609600
2002-03-28,3.71185302734375,3.7480348477750005,3.650622771546799,3.6552617114825643,16720000
2002-04-01,3.661757469177246,3.6895893519509846,3.623720480142765,3.688661421980959,11840800
2002-04-02,3.6098053455352783,3.655264371111922,3.581045524953999,3.655264371111922,16989600
2002-04-03,3.5717687606811523,3.6413486716035126,3.5597081436954596,3.5866124608551866,12733600
2002-04-04,3.5810441970825195,3.590321726362943,3.548573729354927,3.548573729354927,16783200
2002-04-05,3.625577926635742,3.64877123367747,3.594962591467807,3.594962591467807,8468800
2002-04-08,3.7109286785125732,3.733194406300413,3.603311760991778,3.608878281414172,12656800
2002-04-09,3.7749404907226562,3.791639691098261,3.76195230240865,3.7777239267196494,11295200
2002-04-10,3.838026523590088,3.881630033325449,3.7721576478761336,3.774940730148055,17142400
2002-04-11,3.823183059692383,3.8946184581752394,3.8037007748065945,3.8500873696213094,11732800
2002-04-12,3.8992576599121094,3.9057517558950314,3.837099782960803,3.840810796065812,10442400
2002-04-15,3.859363555908203,3.921521761026046,3.8435922875941717,3.899256045516278,8195200
2002-04-16,3.9326539039611816,3.9484255240196706,3.8500858543122187,3.873279142591208,6818400
2002-04-17,3.912245035171509,3.950282380704779,3.888124162827714,3.924305648294214,4820800
2002-04-18,3.960486888885498,3.989246701814783,3.9131727232550935,3.9131727232550935,7673600
2002-04-19,3.929870367050171,3.98924512153719,3.901110565513636,3.984606535199414,7212800
2002-04-22,3.908533811569214,3.984607783832236,3.8974007761881153,3.911316893463707,9265600
2002-04-23,3.951209545135498,4.0161508385428535,3.916883569410791,3.9270886753050065,7047200
2002-04-24,3.956777572631836,4.009658274348082,3.9539941356613877,3.9744043552366803,12271200
2002-04-25,4.033779144287109,4.049550774078382,3.910390958527946,3.933584261119685,12229600
2002-04-26,4.066249847412109,4.094081738832585,4.044911698291321,4.054189231365946,9822400
2002-04-29,4.07181453704834,4.109851524109086,4.041199573756311,4.075525548932698,14976000
2002-04-30,4.043056011199951,4.049550106543002,4.01244068695272,4.030067466612195,11146400
2002-05-01,4.053262233734131,4.0903716667678465,3.984610242694073,4.043057475856552,10651200
2002-05-02,4.089442729949951,4.101502990857859,4.03934511818865,4.03934511818865,8808800
2002-05-03,4.078309059143066,4.121912568608991,4.043983080362237,4.089442095965181,13654400
2002-05-06,4.0347065925598145,4.114491246666295,4.029140073198199,4.075526672839991,6344000
2002-05-07,4.114491939544678,4.127480486909047,4.0309962584698225,4.045839958698801,8790400
2002-05-08,4.074599266052246,4.1655173244622254,4.026357507661506,4.134901994893244,13669600
2002-05-09,4.072742462158203,4.0820196379565665,3.9873909584266576,4.076453120136605,10781200
2002-05-10,3.9521355628967285,4.044908701499013,3.9280147025767675,4.035631529199359,7161600
2002-05-13,3.8389551639556885,3.9187401735954803,3.7480374692666647,3.905751628152754,19224000
2002-05-14,3.965125799179077,3.994813187944815,3.8946179854342566,3.9298718923066667,12879600
2002-05-15,3.9317259788513184,3.965124367630182,3.8964720847068,3.9521358300705978,10419200
2002-05-16,3.91314697265625,3.948450867884405,3.8797012144825667,3.9205795208741376,11969600
2002-05-17,3.946593761444092,3.9577422322788314,3.8629796985782985,3.894566973542811,10038800
2002-05-20,3.9205799102783203,3.9521675345349125,3.911289224083181,3.946593122817829,4942800
2002-05-21,3.8927080631256104,3.9577410861650657,3.8109518070716444,3.9577410861650657,6852800
2002-05-22,3.87412691116333,3.877843185035761,3.7775059169004277,3.8555458962045592,9664800
2002-05-23,3.8927080631256104,3.939160424955733,3.8555460319001544,3.9019983937302767,10389200
2002-05-24,3.890850067138672,3.9428764874558104,3.8834175188628475,3.9391605677213066,7845200
2002-05-28,3.8406784534454346,3.9187183778534473,3.8276718584446217,3.892705187851821,5536400
2002-05-29,3.8388235569000244,3.9094313527713616,3.827675088121604,3.855546437269371,8602400
2002-05-30,3.825817108154297,3.857404732994172,3.7533515265112976,3.8388237146642252,10204800
2002-05-31,3.918720006942749,3.93915915295706,3.861119196106296,3.87412579651421,11068400
2002-06-03,3.8666939735412598,3.957740547815326,3.861119917698026,3.9224370127970234,9805600
2002-06-04,3.8183841705322266,3.9298699147645464,3.777506217888521,3.8871338250365706,20547600
2002-06-05,3.901998519897461,3.928011729954354,3.8443976885985953,3.8648364874704084,14304400
2002-06-06,3.970747709274292,3.970747709274292,3.8276743618838696,3.939160091725801,10014400
2002-06-07,3.9168620109558105,3.954024031513446,3.874125935396835,3.9019972736134148,10093600
2002-06-10,3.8927080631256104,3.9261534659444464,3.8685526365080456,3.91686313533978,8680000
2002-06-11,3.8834166526794434,3.9911860978174185,3.8685519138467344,3.9856120422572334,9920400
2002-06-12,3.855546236038208,3.913147068524377,3.8369652194416783,3.8648365671347658,8288800
2002-06-13,3.8090932369232178,3.8685521965999214,3.799802907374991,3.857403730261378,6199600
2002-06-14,3.71618914604187,3.799803543589178,3.6567301764097464,3.7626415103673936,10803600
2002-06-17,3.766357660293579,3.7812224022111254,3.6976080074228013,3.7161890234205845,10744000
2002-06-18,3.7812204360961914,3.8109499044729014,3.69388981263679,3.8090917683989547,14761200
2002-06-19,3.8090932369232178,3.8295323872133427,3.7514924140368304,3.7663571539560063,12155200
2002-06-20,3.71618914604187,3.8146682859972088,3.71618914604187,3.7719318414711323,6234400
2002-06-21,3.667877435684204,3.727336385718685,3.6139928951166924,3.6139928951166924,8671600
2002-06-24,3.6139936447143555,3.7422018994173256,3.595412630373769,3.669736333332745,10011200
2002-06-25,3.636291742324829,3.762642254999749,3.6232851344442025,3.645582429670623,14621600
2002-06-26,3.604702949523926,3.779363916755855,3.5452439873351933,3.636290567487111,13610000
2002-06-27,3.617711067199707,3.6846026048575533,3.5303807242380327,3.65115683602863,11668000
2002-06-28,3.643723726272583,3.7217637158389634,3.5824066169278153,3.628858983231531,11312800
2002-07-01,3.554535388946533,3.7013250562091,3.5545353889465336,3.6251431936360006,9368400
2002-07-02,3.563825845718384,3.613994489848922,3.530380082964692,3.530380082964692,9510400
2002-07-03,3.5991291999816895,3.632574603260012,3.519231079831662,3.563825305272826,10245200
2002-07-05,3.7626407146453857,3.7737891804928814,3.6418646638213867,3.6604456765027726,3889200
2002-07-08,3.6790270805358887,3.790512824819518,3.6585882814063346,3.758925203179213,7968400
2002-07-09,3.7607829570770264,3.8648361424181448,3.669736375603126,3.669736375603126,10372800
2002-07-10,3.675309181213379,3.8369631221134273,3.6697347729604313,3.7533491247385395,10677600
2002-07-11,3.673452854156494,3.768215714704165,3.57125744561133,3.6753109911558672,17126000
2002-07-12,3.5359513759613037,3.675308361577811,3.4932149643591877,3.6548692236117177,10433600
2002-07-15,3.4913594722747803,3.4950753916479194,3.3352795176949757,3.4616296364660504,12889200
2002-07-16,3.2405178546905518,3.4226110838738726,3.220078695805494,3.391023453962194,14637200
2002-07-17,3.2609546184539795,3.3074069654655935,3.1234557138279966,3.2702453004982717,17254400
2002-07-18,3.1959221363067627,3.2981171746035653,3.1717667134635144,3.242374490878644,11397600
2002-07-19,3.106734275817871,3.205213424563617,3.0751466510808165,3.195923092630608,11583600
2002-07-22,3.0751450061798096,3.164333775285302,2.945078656673197,3.0695709517629552,17262400
2002-07-23,2.9766674041748047,3.121598544954139,2.935789276518008,3.075146183544682,13701200
2002-07-24,3.34828519821167,3.4188926084783824,2.8428836220812665,2.930214082529179,21452000
2002-07-25,3.335279703140259,3.3389956227200073,3.227510238452898,3.2739626000319912,17826400
2002-07-26,3.311124324798584,3.338995671270624,3.2628138255254617,3.2981177200718585,8638400
2002-07-29,3.5025084018707275,3.511798733135858,3.29811792440707,3.357576895072115,13660000
2002-07-30,3.335279703140259,3.4746367878775386,3.312982413644801,3.4746367878775386,10288800
2002-07-31,3.2944016456604004,3.3557187533757857,3.158760824714764,3.3557187533757857,13585200
2002-08-01,3.268387794494629,3.311123876931443,3.207070698788615,3.298117273964008,17691200
2002-08-02,3.2163591384887695,3.2683858741941814,3.1401773478077524,3.2683858741941814,13392400
2002-08-05,3.119741439819336,3.218220240573719,3.0825794008607397,3.205213633259251,7472400
2002-08-06,3.2109503746032715,3.257485887278681,3.147662048961691,3.147662048961691,12262400
2002-08-07,3.190474033355713,3.261208198095608,3.153245843263201,3.229564041246227,9210400
2002-08-08,3.2984366416931152,3.30402103040316,3.1495231598027194,3.237009786033609,11980400
2002-08-09,3.3598639965057373,3.3784782732668757,3.2202574533539012,3.261208933235965,6790800
2002-08-12,3.3505563735961914,3.3505563735961914,3.2295641311127636,3.3133278274300313,9544000
2002-08-13,3.4901623725891113,3.5366978708902996,3.318911724639232,3.3412489200403797,18234000
2002-08-14,3.592541217803955,3.611155492748394,3.4436277283239702,3.4808562782128485,19750400
2002-08-15,3.8159117698669434,3.821496158807172,3.601848497686838,3.6390766921750783,20342000
2002-08-16,3.8736155033111572,3.908982588042106,3.7135336006550976,3.8438328072338557,12740400
2002-08-19,3.8512799739837646,3.8996769603963806,3.797298597010432,3.871755362630663,14547600
2002-08-20,3.7507636547088623,3.845696178708717,3.6856138415672457,3.845696178708717,12060000
2002-08-21,3.8345258235931396,3.8345258235931396,3.707949188546412,3.797297276213135,8577600
2002-08-22,3.8996760845184326,3.9182900054643546,3.774960896976719,3.825218980583607,6966400
2002-08-23,3.6763041019439697,3.817772049230889,3.668858252332087,3.815910586827918,10426400
2002-08-26,3.8159117698669434,3.8159117698669434,3.6539680409779267,3.657690966938079,9472800
2002-08-27,3.735870361328125,3.804743066359359,3.713533517290457,3.7786829415984338,12946400
2002-08-28,3.629767417907715,3.7191154537548963,3.629767417907715,3.698640084105043,15576400
2002-08-29,3.734008312225342,3.773098315710515,3.585094858562013,3.631630357211513,10445200
2002-08-30,3.681887626647949,3.7693742088673967,3.6539660521818402,3.687471657511117,6385200
2002-09-03,3.585094928741455,3.7191170396619793,3.5683421204966788,3.6837503156231723,9835600
2002-09-04,3.694918632507324,3.7079485152128826,3.592540323322256,3.6111545936320573,7547600
2002-09-05,3.6856119632720947,3.7395933210908803,3.5739270319905523,3.5739270319905523,9962400
2002-09-06,3.801018714904785,3.814048594878849,3.7135321243377857,3.7135321243377857,5979600
2002-09-09,3.80288028717041,3.8159101675217837,3.704224920879477,3.7637902910786774,6807600
2002-09-10,3.9275972843170166,3.9275972843170166,3.8028820979393285,3.8438332206910393,8972800
2002-09-11,3.9089834690093994,3.9871631525911,3.908983469009399,3.9741332645004537,3980000
2002-09-12,3.787989616394043,3.881060612595186,3.7433155808220153,3.8624463423474222,9182400
2002-09-13,3.8438303470611572,3.853137655526932,3.711669762184794,3.7879879164165704,8288800
2002-09-16,3.8550004959106445,3.8791991537671233,3.7824052324165587,3.79729657762144,5649200
2002-09-17,3.8159117698669434,3.9462113381701873,3.8066048100043237,3.9015369367238817,6350800
2002-09-18,3.8121907711029053,3.8494193394492533,3.7340110616059263,3.815913698945128,8009600
2002-09-19,3.778681993484497,3.8624460252027473,3.7619291871408467,3.7619291871408467,5796000
2002-09-20,3.7414534091949463,3.780543049772883,3.6949179199140083,3.780543049772883,14130000
2002-09-23,3.6856119632720947,3.717256121811929,3.6279080347715995,3.704226236831598,10414800
2002-09-24,3.6018483638763428,3.6763051051244786,3.592541049321733,3.6204626379478135,9088800
2002-09-25,3.5553128719329834,3.6092938764373526,3.5553128719329834,3.6018483797984997,19465600
2002-09-26,3.536696434020996,3.5906777605372264,3.527389480157006,3.573924959552019,27950400
2002-09-27,3.37847900390625,3.53856132161897,3.37847900390625,3.53856132161897,14004400
2002-09-30,3.164414644241333,3.2760999379868148,3.1625531812578362,3.2760999379868148,34104400
2002-10-01,3.25748610496521,3.309606010458265,3.104849669995747,3.1644150733947756,33452800
2002-10-02,3.2500381469726562,3.331940701116965,3.1811658270402896,3.263068381184598,12416400
2002-10-03,3.1234641075134277,3.2202577154822887,3.0452844227830753,3.2035049005373684,16182400
2002-10-04,3.1402153968811035,3.2165335812031923,3.015500254567846,3.12346259007502,16286800
2002-10-07,3.0862350463867188,3.1755831414600637,3.043422461877129,3.1085722476739397,13401600
2002-10-08,3.181166410446167,3.225840442253022,3.0545898094745882,3.1178781099603774,16884800
2002-10-09,3.0787901878356934,3.1997824693868546,3.071344334183145,3.110434000745493,12081200
2002-10-10,3.0490057468414307,3.1178784417717758,2.996886215038915,3.01550048569882,28355200
2002-10-11,3.37847900390625,3.4436288091408134,3.1625541988712613,3.1644156624537203,15112000
2002-10-14,3.369170665740967,3.480855949833599,3.3338035821867917,3.3598633516279044,8228000
2002-10-15,3.538560628890991,3.549729053161478,3.4808566892827026,3.5460061267253806,7949200
2002-10-16,3.4305975437164307,3.590679797249446,3.419429121737163,3.5385599029499746,8207200
2002-10-17,3.5180845260620117,3.5720658887103087,3.4659649814777462,3.555313076511718,11426400
2002-10-18,3.607431173324585,3.6353527524749745,3.4473493227271903,3.452933354527166,14090400
2002-10-21,3.7228410243988037,3.7247024875155375,3.506916273386696,3.6018487621134,10175200
2002-10-22,3.8121907711029053,3.8308050552760795,3.704228348944024,3.722842633117198,19402800
2002-10-23,3.8680315017700195,3.8810613870321684,3.7507618243351883,3.8066046462214995,14875600
2002-10-24,3.7209794521331787,3.908982960955075,3.7042266396117776,3.908982960955075,18572800
2002-10-25,3.8512799739837646,3.853141437504003,3.683752162578778,3.737733184514247,8470800
2002-10-28,3.778681993484497,3.9257343258259483,3.7675135742679453,3.9182884763231502,11332400
2002-10-29,3.825218915939331,3.890368703262413,3.676305420661812,3.806604995307975,10408800
2002-10-30,3.7972962856292725,3.8773373930898956,3.7451767589387446,3.815910554463453,13510400
2002-10-31,3.819636344909668,3.8717559107027597,3.7619320327274393,3.787992170661899,7407200
2002-11-01,3.925734043121338,3.9275955053629876,3.7972959887484694,3.8214946428522953,8101200
2002-11-04,3.806603193283081,3.9946062589321705,3.7954344201461687,3.9722694227335666,12890800
2002-11-05,3.929638147354126,3.929638147354126,3.786098148148268,3.787962345540989,14491600
2002-11-06,3.9147257804870605,3.9557370654241217,3.892355762438153,3.9184541760884413,11928800
2002-11-07,3.87744140625,3.9352304545616588,3.868120775520647,3.868120775520647,11300400
2002-11-08,3.8886287212371826,3.9650590729006634,3.866258697442265,3.8960851587958447,7258400
2002-11-11,3.8494770526885986,3.89608089195979,3.8196506239997623,3.8867602663291825,9998800
2002-11-12,3.7283108234405518,3.843888615413357,3.7227182292039966,3.8308392288613957,15471600
2002-11-13,3.691026449203491,3.7469513078637378,3.5978187069957333,3.7208528982652282,15411200
2002-11-14,3.774913787841797,3.8103328315806313,3.7339025067900633,3.7749137878417964,6896800
2002-11-15,3.741358995437622,3.812197083932236,3.672385460153196,3.672385460153196,9898000
2002-11-18,3.6817052364349365,3.730173297404483,3.6537429892953845,3.7283091001872775,8192000
2002-11-19,3.584768772125244,3.6835690818454183,3.5605349217346056,3.6835690818454183,9682800
2002-11-20,3.6350998878479004,3.644420514567453,3.560533807414126,3.5847676502204333,11980400
2002-11-21,3.6723852157592773,3.71153229714372,3.6444226084168787,3.668656820705715,7628400
2002-11-22,3.661201238632202,3.72644675136038,3.6425599683322427,3.6723864274835054,8451200
2002-11-25,3.679840564727783,3.711531202215457,3.6071386604275024,3.698482178936865,7832800
2002-11-26,3.5232534408569336,3.67052188001515,3.5232534408569336,3.644423464072022,12486400
2002-11-27,3.7357678413391113,3.7469526749281856,3.534438703379075,3.5418954961447575,6132000
2002-11-29,3.64815092086792,3.7562718860578777,3.6462867233833482,3.7245812399387876,3141600
2002-12-02,3.746950387954712,3.8793051787269985,3.7208519847635886,3.7842332623489523,10699600
2002-12-03,3.7544069290161133,3.8401582181614247,3.7488146932530824,3.7488146932530824,10210400
2002-12-04,3.691026449203491,3.7879625864337965,3.67984161969517,3.7115322662681804,9489200
2002-12-05,3.6071395874023438,3.6966189319295792,3.6071395874023438,3.692890537017784,8125200
2002-12-06,3.653742551803589,3.6910254250057273,3.577312252846101,3.5884970792508204,6672800
2002-12-09,3.5624005794525146,3.664928969731142,3.5605363816489826,3.6556083362728575,7608000
2002-12-10,3.6406960487365723,3.650016684599665,3.5456240695832646,3.5884995634486385,9791600
2002-12-11,3.6593363285064697,3.7003479685295493,3.5959553818114176,3.5978192240312206,9049200
2002-12-12,3.7115330696105957,3.7320388911136653,3.635102732902023,3.6817066140930748,6774000
2002-12-13,3.677978038787842,3.724581917704746,3.6723858008758157,3.713397086321315,11689600
2002-12-16,3.8196535110473633,3.8215177086943357,3.672385452530002,3.677977689911574,9888800
2002-12-17,3.7655932903289795,3.8177894034377986,3.76559329032898,3.8177894034377986,9555600
2002-12-18,3.7283108234405518,3.74695244866964,3.6723863033127144,3.74695244866964,9107600
2002-12-19,3.7525436878204346,3.797283718677077,3.7096682101054292,3.722717237622228,11818800
2002-12-20,3.8364319801330566,3.840160376443373,3.7171261426784787,3.7189903408336367,14596400
2002-12-23,3.631373167037964,3.8382944466348565,3.625780930654879,3.8364302493207343,11940400
2002-12-24,3.5791776180267334,3.6090040685470113,3.57358502521943,3.5847698552747,4629600
2002-12-26,3.64815092086792,3.6947547913042693,3.5791773917353393,3.5791773917353393,5468400
2002-12-27,3.6071395874023438,3.6518792596659613,3.5866337709467784,3.638830233033987,5724400
2002-12-30,3.631373167037964,3.6556073765622696,3.560535446897732,3.625780930654879,8312800
2002-12-31,3.6388320922851562,3.681707588999992,3.5922281987535105,3.6444243319508796,4700800
2003-01-02,3.7339026927948,3.7376307326693317,3.638830742586756,3.663064601788324,13490400
2003-01-03,3.676114559173584,3.7339036363236606,3.6537448920363174,3.7339036363236606,5537600
2003-01-06,3.715261697769165,3.7301749264605046,3.6593368235070765,3.676114250229761,8675600
2003-01-07,3.730175256729126,3.765594311341833,3.6649297420929132,3.6910278057236185,6774400
2003-01-08,3.6276445388793945,3.7655922867697647,3.6276445388793945,3.7152600292064615,9612400
2003-01-09,3.743224859237671,3.761866488484333,3.7003493608620013,3.7003493608620013,10970800
2003-01-10,3.7711846828460693,3.810332114465407,3.700346964259599,3.700346964259599,7086400
2003-01-13,3.814061403274536,3.8401598180926553,3.732038829730135,3.817789799042752,10966800
2003-01-14,3.7879626750946045,3.8252459150740843,3.773049450214678,3.8159249272995504,4040800
2003-01-15,3.7376317977905273,3.7842356873168903,3.7320395586054183,3.7842356873168903,4334000
2003-01-16,3.7171242237091064,3.8028751612207103,3.707803237745285,3.7562712980793798,5676000
2003-01-17,3.6630637645721436,3.7301734448063915,3.63137312174589,3.7096676301660874,7903200
2003-01-21,3.5717196464538574,3.7022105909963874,3.5717196464538574,3.6686557563677815,5974400
2003-01-22,3.5959551334381104,3.6090041614316566,3.5307096379110328,3.573585117192498,12456800
2003-01-23,3.6966209411621094,3.7003493381004087,3.5717224882051046,3.5940925142753977,10726800
2003-01-24,3.5530779361724854,3.6742478925120547,3.525115693257079,3.672384051135676,9552000
2003-01-27,3.459872007369995,3.5363023433562737,3.4486871755464743,3.513932679709232,11018000
2003-01-28,3.4617364406585693,3.5139329186499144,3.4468232120266733,3.506476126554258,10498400
2003-01-29,3.4859697818756104,3.504611046303292,3.392762037499892,3.448686541901592,8834400
2003-01-30,3.4114036560058594,3.54189465389959,3.4020830228246064,3.5046114100558485,7995600
2003-01-31,3.4225895404815674,3.4729214677079034,3.4114043517117714,3.4114043517117714,9798800
2003-02-03,3.4766488075256348,3.5064752573962776,3.4393659229669966,3.4393659229669966,7630800
2003-02-04,3.394493341445923,3.4822496402844756,3.383290493029372,3.4822496402844756,6613200
2003-02-05,3.396361827850342,3.4673137028558645,3.383291773728187,3.4635792999260304,5873600
2003-02-06,3.353417158126831,3.4056977346718553,3.3422143046287154,3.3888932763585364,10202800
2003-02-07,3.211512327194214,3.3907593479572644,3.1872390705499427,3.3795564981926174,20378800
2003-02-10,3.1928412914276123,3.2301842499143625,3.138693520843298,3.1835052847067433,15020800
2003-02-11,3.1442952156066895,3.192841383559317,3.1274907591564625,3.164834074853023,14006400
2003-02-12,3.136826276779175,3.1853724426698253,3.1256234249989436,3.1256234249989436,8159200
2003-02-13,3.1554982662200928,3.170435522211235,3.1181553043083743,3.146162614775232,11283600
2003-02-14,3.211512327194214,3.211512327194214,3.129357264611729,3.1629661700378446,7732000
2003-02-18,3.218980312347412,3.2675264625265177,3.1984414606206806,3.211511865621769,8424000
2003-02-19,3.1461620330810547,3.248855604516601,3.1330919810218627,3.2189810980578164,9778400
2003-02-20,3.093879222869873,3.1835026771886983,3.0770747806685996,3.1835026771886983,13656800
2003-02-21,3.09761643409729,3.144295403440369,3.078944775133604,3.0845463796623918,13997600
2003-02-24,3.019195079803467,3.1106857966299724,3.0154606776149087,3.1088185955356935,10955200
2003-02-25,3.004258632659912,3.015461486097014,2.9333065746490696,2.9874541744381147,20879200
2003-02-26,2.9967901706695557,3.0696096167098066,2.9482441700863307,3.0042589779074604,20042000
2003-02-27,2.987452745437622,3.02479604720844,2.968781094552213,3.015460043699676,14677200
2003-02-28,3.000523567199707,3.034132476225201,2.987453515052506,2.987453515052506,14811200
2003-03-03,2.97438383102417,3.0565389125728974,2.9725166296103063,3.0322656503249243,9698800
2003-03-04,2.9818520545959473,2.9818520545959473,2.9015641853394594,2.9687818245359425,19230800
2003-03-05,3.0434682369232178,3.0434682369232178,2.9501104892415966,2.9687819675514757,17556000
2003-03-06,3.047203540802002,3.1144213811860353,2.996790160513977,3.0434691371957046,13713600
2003-03-07,3.1050844192504883,3.123756075419498,2.9463760540783466,3.047202605645557,11872000
2003-03-10,3.045335531234741,3.090147294227164,3.032265478211814,3.080811643819997,10325600
2003-03-11,3.0434682369232178,3.092014401047906,3.0285309830488694,3.0416013918046203,7780800
2003-03-12,3.0378663539886475,3.054670805599473,2.985585798295841,3.0247963040984835,9481200
2003-03-13,3.1835057735443115,3.1928417816987547,3.0658749198567006,3.069609323118478,9988000
2003-03-14,3.1723015308380127,3.198441629959915,3.155497079650464,3.1741687316513114,12726400
2003-03-17,3.319807291030884,3.3198072910308833,3.1218882723776744,3.1554971757766026,12123200
2003-03-18,3.2507216930389404,3.3384779812081193,3.2152455952122145,3.323540733091406,12835200
2003-03-19,3.2637939453125,3.2731299542744603,3.1947092596556326,3.2451222835209075,10431600
2003-03-20,3.304870367050171,3.325408866389081,3.2077780489914067,3.261925455053134,7524800
2003-03-21,3.4971861839294434,3.5027877850724907,3.336610868614727,3.4075627024330357,15075200
2003-03-24,3.3440804481506348,3.420633909075074,3.3086043411437402,3.4075638581073178,11470000
2003-03-25,3.3515498638153076,3.3664871185231653,3.2768632341437764,3.325409400977374,10742400
2003-03-26,3.342214345932007,3.3944949231231174,3.336613097179874,3.349683152444578,8595200
2003-03-27,3.3552839756011963,3.3795572375558547,3.2936677542172763,3.308605009215431,6372400
2003-03-28,3.338477611541748,3.4168982445040736,3.327274765727715,3.355282058328821,11401200
2003-03-31,3.2861990928649902,3.3272764524278697,3.258191786066107,3.271261838830104,14291600
2003-04-01,3.207778215408325,3.274996032341165,3.174169306941905,3.2712616300377393,11886000
2003-04-02,3.314206838607788,3.3216756446805373,3.20777884499704,3.267527869049932,11578400
2003-04-03,3.342214345932007,3.360886006081139,3.3048713817660382,3.3142070337744562,6503600
2003-04-04,3.3888936042785645,3.396362411421541,3.3366133788070322,3.3515506369606594,10379200
2003-04-07,3.527062177658081,3.5550698391516233,3.5102577232148398,3.538265384708382,14655600
2003-04-08,3.5065221786499023,3.5270606705348775,3.48411613025568,3.519592225158175,8399200
2003-04-09,3.4075629711151123,3.500920860734704,3.3982273246059873,3.4915852142255797,11180800
2003-04-10,3.5251946449279785,3.525194644927979,3.407563831021027,3.407563831021027,9511200
2003-04-11,3.530797004699707,3.6036160786244413,3.510258145435909,3.5382658102982707,7033200
2003-04-14,3.4467740058898926,3.4822501128440817,3.3963610031080402,3.428102708039225,14437200
2003-04-15,3.5233278274536133,3.5438663263427195,3.433703959444847,3.4729144684734656,15192400
2003-04-16,3.431837558746338,3.560671609696055,3.431837558746338,3.556937206797278,8433200
2003-04-17,3.527062177658081,3.549468235626473,3.416899801255592,3.416899801255592,6632800
2003-04-21,3.4971861839294434,3.541997924677647,3.491584938918454,3.5270606777615794,5131200
2003-04-22,3.5326623916625977,3.566271287329517,3.4393045064242966,3.4542417538171417,9065200
2003-04-23,3.513991355895996,3.528928605892484,3.4617111589743543,3.5046557081977405,5628000
2003-04-24,3.4374380111694336,3.493452611350906,3.4337036095220976,3.49158576665938,6546000
2003-04-25,3.4281046390533447,3.4822520743588643,3.415034580742784,3.4411746973639055,13545200
2003-04-28,3.5065221786499023,3.5307950712892575,3.4467728349759947,3.4467728349759947,8072000
2003-04-29,3.5718753337860107,3.611085861525887,3.5420008155710323,3.5476024212859714,8240800
2003-04-30,3.5942811965942383,3.6129528584523625,3.564406680074171,3.570008285471307,12394800
2003-05-01,3.4691808223724365,3.5849448175368828,3.4393063119039837,3.5849448175368828,17163600
2003-05-02,3.5158584117889404,3.5438657098617803,3.4617110163323983,3.469179462956834,14777600
2003-05-05,3.4897186756134033,3.5177259765851785,3.4673126211566916,3.513991574820367,8430400
2003-05-06,3.513101100921631,3.5318074234285897,3.466334581053772,3.490653014392957,13596000
2003-05-07,3.404604196548462,3.488783753029924,3.400862787780296,3.4794305879098877,16254000
2003-05-08,3.5505168437957764,3.6253432619915844,3.4382770381018113,3.442018448211728,13468800
2003-05-09,3.5767033100128174,3.601021741404238,3.5336778440123013,3.550513818360286,7168000
2003-05-12,3.741323709487915,3.786219551185718,3.5523868193427233,3.554257524013519,15764400
2003-05-13,3.7039101123809814,3.769383344816084,3.6403075845069286,3.7431941945622076,14248000
2003-05-14,3.619729518890381,3.739451722358695,3.5897989680233025,3.7226157428959246,17132000
2003-05-15,3.4008617401123047,3.580445024057378,3.382155058834626,3.5542558843487884,30879200
2003-05-16,3.385897397994995,3.4289225270107537,3.384026693672523,3.4008626757744054,16246000
2003-05-19,3.305459499359131,3.3858980159031966,3.2942356281763687,3.3858980159031966,10078000
2003-05-20,3.3297784328460693,3.398993088319154,3.3073306872010844,3.3335198427203947,13321600
2003-05-21,3.3073298931121826,3.4008629767101497,3.3035884841361685,3.329777633367472,11980400
2003-05-22,3.3559670448303223,3.3559670448303223,3.264304668303345,3.3110712087844796,20051200
2003-05-23,3.299847364425659,3.3522260242801916,3.299847364425659,3.3522260242801916,8229200
2003-05-27,3.320425271987915,3.348485132503772,3.2530813213094696,3.2530813213094696,17510000
2003-05-28,3.3522257804870605,3.4120868977956933,3.331648387612067,3.3391312056758475,12809600
2003-05-29,3.3297784328460693,3.389639920433824,3.31107209707541,3.3671918179883558,15716000
2003-05-30,3.404604196548462,3.417698770436664,3.363449413699394,3.3671908224675597,9232800
2003-06-02,3.516843318939209,3.5729633754927064,3.442016933668229,3.45137045482732,13604400
2003-06-03,3.516843318939209,3.5355500044570416,3.4625943234178798,3.479430304703894,7849200
2003-06-04,3.5617401599884033,3.5729640306369896,3.516843963793229,3.516843963793229,7789600
2003-06-05,3.6216015815734863,3.7600305204658024,3.543033766872394,3.561740457382262,13890000
2003-06-06,3.6365668773651123,3.709522578168897,3.6141187773021697,3.655273567950824,11480400
2003-06-09,3.601024866104126,3.6571445914271026,3.5804474669787956,3.6290847287656143,10298400
2003-06-10,3.5804479122161865,3.6496625817353476,3.5505173407485917,3.601025313900367,5546400
2003-06-11,3.6216015815734863,3.630954748428198,3.559869752651231,3.569222919505943,6953200
2003-06-12,3.567349672317505,3.6346935674367225,3.5374191315534507,3.6234697038502497,8560000
2003-06-13,3.567349672317505,3.5972802130815595,3.501876480596065,3.5710910791130592,7779600
2003-06-16,3.6103765964508057,3.6103765964508057,3.5355502068954197,3.5729635800732975,7536400
2003-06-17,3.543034315109253,3.61224861686517,3.5112330433617913,3.6047661535836792,6672400
2003-06-18,3.6047632694244385,3.610375023195486,3.516841987809072,3.543031480341414,10112800
2003-06-19,3.554255247116089,3.6047631704703136,3.541160679609483,3.6047631704703136,13665200
2003-06-20,3.5692226886749268,3.580446559534793,3.552386703984917,3.5542574085949648,11608400
2003-06-23,3.58231782913208,3.589800648752429,3.5505165593465535,3.58231782913208,11258000
2003-06-24,3.5692226886749268,3.6421783844646884,3.563610574844783,3.610377119694717,7621600
2003-06-25,3.5205838680267334,3.5916691842824684,3.5074892984007455,3.559867933704958,14306400
2003-06-26,3.50374698638916,3.5261950690962665,3.4756871506054043,3.498135233312511,12184000
2003-06-27,3.460724115371704,3.51310277097142,3.4270521479719154,3.503749248471256,10409200
2003-06-30,3.524326801300049,3.544904194934949,3.483172370830666,3.483172370830666,8943600
2003-07-01,3.488783836364746,3.5056198194232673,3.408345329929678,3.4887838363647465,9844000
2003-07-02,3.479430675506592,3.520585102591368,3.4326641351282783,3.494395954155636,12434000
2003-07-03,3.385897397994995,3.460723786892047,3.3858973979949947,3.460723786892047,7418000
2003-07-07,3.5018787384033203,3.5018787384033203,3.402733891999645,3.4046045966035434,9838400
2003-07-08,3.6103765964508057,3.642177856611891,3.507490355412196,3.507490355412196,13954400
2003-07-09,3.516843318939209,3.6066353380647347,3.5149729715077402,3.60102322536928,12614800
2003-07-10,3.385897397994995,3.4869129338059235,3.3746735288605287,3.4139572492313435,16223600
2003-07-11,3.4326632022857666,3.4644644553728936,3.385896674616479,3.385896674616479,12714000
2003-07-14,3.445758581161499,3.498137232884827,3.427051894345998,3.4513706942462616,11096800
2003-07-15,3.3671910762786865,3.477560145656298,3.3559672059285375,3.460724161730872,13797600
2003-07-16,3.412086009979248,3.4700764076829755,3.385896867171173,3.4139567140084406,12635600
2003-07-17,3.4102158546447754,3.4102158546447754,3.36344931679128,3.3858974119531196,14395600
2003-07-18,3.601024866104126,3.610378034724451,3.410217229125187,3.432665333334685,26659600
2003-07-21,3.5636093616485596,3.601022727511658,3.2830101880762226,3.601022727511658,18182400
2003-07-22,3.642179250717163,3.647791365882087,3.5261983917127853,3.5579996640463416,16734000
2003-07-23,3.715134382247925,3.7226168437773115,3.6272130508748255,3.6477904444813665,11947200
2003-07-24,3.7001664638519287,3.7862166724809643,3.7001664638519287,3.741320864917968,16842400
2003-07-25,3.7132623195648193,3.7768648249042887,3.696426341280825,3.7226154822558,9796800
2003-07-28,3.7450637817382812,3.7693822201754075,3.7226156905037517,3.7226156905037517,8972800
2003-07-29,3.666494607925415,3.7581569285235292,3.644046525199266,3.74693306556054,11183600
2003-07-30,3.6047632694244385,3.6721068122785105,3.597280455329422,3.668365762031217,13429200
2003-07-31,3.638437032699585,3.7057806091186394,3.6028943616337226,3.6047650660898616,10973200
2003-08-01,3.666494607925415,3.711390416577542,3.6122452828039884,3.6403051186115465,8433200
2003-08-04,3.6721086502075195,3.7095220258079586,3.586058385847059,3.6646261891676675,10847600
2003-08-05,3.607455015182495,3.6561791258125402,3.5943370541354884,3.601832878689079,10861600
2003-08-06,3.5343713760375977,3.607457411819008,3.530623282551918,3.607457411819008,12836400
2003-08-07,3.6917884349823,3.7292683047023516,3.616827980666324,3.626198216174789,12970800
2003-08-08,3.733015298843384,3.748007313801075,3.6861652074208706,3.6917873470691913,8297600
2003-08-11,3.733015298843384,3.762999328758766,3.7086534085763225,3.7292672057445033,5217600
2003-08-12,3.9447765350341797,3.9447765350341797,3.680542116313613,3.7292662416898668,21358000
2003-08-13,3.8417065143585205,3.9653906954940683,3.836084376147727,3.9541467765102203,11791600
2003-08-14,3.8435797691345215,3.86419391422577,3.7967296993363497,3.837957632081181,10667600
2003-08-15,3.879185676574707,3.886681501400078,3.8229653819150244,3.845453571266426,2904400
2003-08-18,3.879185676574707,3.8979254173569573,3.8623196239205666,3.877311631008953,9791600
2003-08-19,3.879185676574707,3.8979254173569573,3.794855413304005,3.888555546965832,12066400
2003-08-20,3.896052598953247,3.9110446093883335,3.8417063377274827,3.8510762102102656,5742400
2003-08-21,3.9503989219665527,3.9803829460186977,3.8998007473393983,3.9072969320713153,8116800
2003-08-22,3.8885560035705566,3.95227213053733,3.882933866213129,3.935406075902732,13398000
2003-08-25,3.91291880607605,3.916666898530989,3.8791870462949087,3.901674886149003,7676000
2003-08-26,3.935408115386963,3.9354081153869633,3.8417079221634642,3.8660698151289106,10890000
2003-08-27,3.95414662361145,3.9578947156070488,3.9166664185309203,3.933532475073386,8179600
2003-08-28,4.0141143798828125,4.025358297631027,3.9485242043824402,3.9560203878397173,8466000
2003-08-29,4.059091091156006,4.066587275874332,3.9953749508012737,4.014115055159329,6839600
2003-09-02,4.109687328338623,4.12280528797398,4.030979213088889,4.051593353908788,7947200
2003-09-03,4.130302906036377,4.137798732391026,4.075956645854875,4.085326518157616,6746400
2003-09-04,4.015989303588867,4.130303624236025,4.006619072219063,4.130303624236025,13116800
2003-09-05,3.8885560035705566,4.0159882575041035,3.860446031658789,4.0159882575041035,21801600
2003-09-08,3.8229658603668213,3.88855603362637,3.807973851402155,3.88855603362637,12661200
2003-09-09,3.7742409706115723,3.8229650791494594,3.753627185896108,3.8229650791494594,9438400
2003-09-10,3.7686212062835693,3.8679431644308244,3.748007053111359,3.748007053111359,7954800
2003-09-11,3.836082935333252,3.8679409916865373,3.762996953232377,3.766745043965141,7574800
2003-09-12,3.832336187362671,3.854824022665849,3.762997920729526,3.8342098757731877,7185600
2003-09-15,3.8641912937164307,3.8979230208482334,3.832333253560763,3.8417031181911376,8538800
2003-09-16,3.8941779136657715,3.8979256475809887,3.8154697824435755,3.8791859056919087,7258400
2003-09-17,3.8398308753967285,3.90542103089602,3.8323350516629304,3.875437021085645,6077200
2003-09-18,3.8285858631134033,3.8679397306645007,3.8154679072630375,3.8604439090803586,9385600
2003-09-19,3.8417065143585205,3.856698525482898,3.794856434915124,3.8192183189530846,12275600
2003-09-22,3.807973623275757,3.828587768406363,3.7704937818282604,3.8135957603398314,7736800
2003-09-23,3.8679401874542236,3.884806234807224,3.822964180325399,3.841704272655125,6135600
2003-09-24,3.742382526397705,3.866066651650954,3.7292645672704787,3.866066651650954,9413200
2003-09-25,3.6486833095550537,3.766745685687612,3.6449355756214112,3.742383449211772,11520400
2003-09-26,3.549360513687134,3.648682408433443,3.549360513687134,3.648682408433443,19871600
2003-09-29,3.5418643951416016,3.573722449615134,3.506258250156457,3.560604490262077,14206800
2003-09-30,3.6393134593963623,3.680541392403753,3.5231251282843807,3.5418652278105287,14850800
2003-10-01,3.746131658554077,3.7648717585631064,3.658053653180621,3.663675432976955,10671600
2003-10-02,3.7198963165283203,3.7442582001552287,3.6749202839140582,3.7442582001552287,9114000
2003-10-03,3.762998104095459,3.8323363741073666,3.7405099102587633,3.777990114174018,9421600
2003-10-06,3.7536277770996094,3.783611793624292,3.7292655402747594,3.7629976482244456,5312000
2003-10-07,3.7611243724823,3.7761163838137777,3.7105262001994066,3.753628545535433,7818400
2003-10-08,3.764871120452881,3.8229650989405792,3.7536272053282724,3.7817371718586026,8234400
2003-10-09,3.9728877544403076,4.089075776874583,3.7648732415353776,3.7648732415353776,18162400
2003-10-10,3.88105845451355,3.9991207954044476,3.841704579174957,3.954144784687102,8507600
2003-10-13,3.9822564125061035,3.987878550236629,3.897926133736773,3.897926133736773,5630000
2003-10-14,4.023482799530029,4.027230889905831,3.935404820324111,3.9728850092069883,8275200
2003-10-15,3.9785079956054688,4.0234840214615915,3.957894207153296,4.0234840214615915,7375200
2003-10-16,3.9972469806671143,4.029105034774462,3.961640836091236,3.972885107496827,6372000
2003-10-17,3.976633310317993,4.08719949013861,3.963515349565992,4.038475380604302,15143600
2003-10-20,3.9728877544403076,4.010367611783892,3.9447774146353463,3.9822576294167487,10368400
2003-10-21,3.931657314300537,4.01036543670271,3.907295438112123,3.9728855996868715,13616800
2003-10-22,3.8510754108428955,3.8997995240026966,3.8454536314952277,3.8848075166795,9681600
2003-10-23,3.924161911010742,3.9279096449081927,3.8192174982535336,3.8510755597266746,10977600
2003-10-24,3.8735647201538086,3.924162893533509,3.8117226273912035,3.924162893533509,8018000
2003-10-27,3.8604462146759033,3.9241623446633485,3.8473282509910236,3.8885561879203165,7182000
2003-10-28,3.9897539615631104,3.99162765067681,3.864195702113165,3.8698174843299276,10350000
2003-10-29,4.01973819732666,4.038477948925805,3.944777761178683,3.9728881034530996,7734800
2003-10-30,3.9728877544403076,4.055343655058884,3.9672656149917516,4.012241658266744,12415200
2003-10-31,3.933532238006592,3.980382312814823,3.916666182480612,3.9785082669299694,6570000
2003-11-03,3.9503989219665527,4.01598910861978,3.941029048489418,3.961642841626667,8515600
2003-11-04,3.8818836212158203,3.943828557382789,3.8818836212158203,3.941951394707163,9346000
2003-11-05,3.876253843307495,3.8912707933054813,3.849974270319102,3.880008170315074,13215600
2003-11-06,4.167206287384033,4.17659174359496,3.8762524904266344,3.8762524904266344,20019200
2003-11-07,4.270447731018066,4.3173757280622205,4.148435010309705,4.167206280733808,20034400
2003-11-10,4.369935035705566,4.409354379762097,4.185977022678521,4.270447557131357,18896000
2003-11-11,4.306112766265869,4.448773908888528,4.247921796779773,4.336146653340937,13151600
2003-11-12,4.2460455894470215,4.281710611595889,4.129663992134506,4.129663992134506,14778400
2003-11-13,4.210378646850586,4.270446407160678,4.163450664354315,4.232903877950824,13058400
2003-11-14,4.1765899658203125,4.2704459201084095,4.167204513604323,4.195361228284343,6460800
2003-11-17,4.125907897949219,4.185975654806062,4.088365728929728,4.176590202059208,11301600
2003-11-18,4.063965320587158,4.176592608605446,4.052702699195013,4.125910275292375,9489600
2003-11-19,4.086488723754883,4.110891116653358,4.039560742153744,4.06771745950801,8762800
2003-11-20,4.133418083190918,4.1690831033132705,4.063964489735431,4.078981434532266,7586400
2003-11-21,4.152187347412109,4.195360998088036,4.129661762084825,4.157818475219906,8393200
2003-11-24,4.195364475250244,4.214135752242141,4.148436461786667,4.152190788791512,11478000
2003-11-25,4.326759338378906,4.377441639492272,4.16345017883413,4.16908130693647,14618400
2003-11-26,4.231028079986572,4.3117439283298875,4.199117029978404,4.307989960941769,9998800
2003-11-28,4.24041223526001,4.279831565989374,4.227272458350222,4.231026782619323,4667600
2003-12-01,4.221641540527344,4.270446688502657,4.167205263422033,4.251675422661057,8939200
2003-12-02,4.178470611572266,4.221644300612153,4.157822169843471,4.202873022498008,8711600
2003-12-03,4.129664897918701,4.2141354594981415,4.095876673286925,4.178470071494345,16268400
2003-12-04,4.090242385864258,4.155941263041348,4.032051440318795,4.131538874094432,20297600
2003-12-05,4.018911838531494,4.090242562594415,4.018911838531494,4.090242562594415,19619600
2003-12-08,4.018911838531494,4.056454362567983,3.9888779625151205,4.02642048655161,8951600
2003-12-09,4.063965320587158,4.073351136774178,4.017037313748895,4.017037313748895,11568000
2003-12-10,4.056456565856934,4.082736132137156,4.0301766415444735,4.054579402832313,9293600
2003-12-11,4.084610462188721,4.127784107714247,4.054576590689921,4.054576590689921,7390400
2003-12-12,4.052700996398926,4.101506145968462,4.028298242598093,4.084612041962387,6468000
2003-12-15,3.9738614559173584,4.120276885916369,3.9663528070820893,4.110891074872282,7515600
2003-12-16,4.000141143798828,4.020789570750387,3.9194249562959285,3.971984425794399,12071200
2003-12-17,4.080856800079346,4.082733962106229,3.9682295846906954,3.998263461056729,7917200
2003-12-18,4.000141143798828,4.071471877977616,3.9794930748793638,4.063963228892651,13980800
2003-12-19,3.964477062225342,4.002019242336822,3.9419514677327108,3.9982649169160207,11846400
2003-12-22,3.960721254348755,4.009526392455397,3.956966930333157,3.971983868363505,8401600
2003-12-23,3.94946026802063,3.983248123989831,3.936320128550606,3.9607228866770305,12890800
2003-12-24,3.919426679611206,3.949460931124597,3.9194266796112056,3.9457066049313916,3543200
2003-12-26,3.9963889122009277,4.028299610568818,3.940075093713018,3.940075093713018,2558800
2003-12-29,4.035805702209473,4.039560025999679,3.951335207089954,3.9776151155893724,6044800
2003-12-30,4.118400573730469,4.129663191275854,4.0189131043217925,4.020790266918049,9130400
2003-12-31,4.139049530029297,4.139049530029297,4.082736072245697,4.120278616122919,8243600
2004-01-02,4.056456565856934,4.161575189010059,4.041439619692202,4.125909807606731,6231200
2004-01-05,4.124029159545898,4.125906320984213,4.054575976487941,4.05833029936457,10609600
2004-01-06,4.144679069519043,4.152187717975594,4.082734151880755,4.082734151880755,11677600
2004-01-07,4.050824165344238,4.144680147264199,4.033930059956073,4.129663204478292,20651200
2004-01-08,4.159696578979492,4.232904121312312,4.129662697097714,4.176590682292006,17621200
2004-01-09,4.20099401473999,4.219765284613963,4.148434888731498,4.1596975074430045,7859600
2004-01-12,4.317375659942627,4.330515441622518,4.026422226072416,4.195362941159384,14166000
2004-01-13,4.336146354675293,4.362425914547846,4.309866436770588,4.317375087038261,11442000
2004-01-14,4.403724670410156,4.411233324520179,4.336148573581621,4.345534033186816,6738800
2004-01-15,4.424371719360352,4.469422555751382,4.317375938177626,4.364303937505644,8666800
2004-01-16,4.428126335144043,4.458160228037717,4.369935712416579,4.458160228037717,9355200
2004-01-20,4.388704299926758,4.411229886669386,4.347407808602669,4.411229886669386,6522800
2004-01-21,4.392459869384766,4.431879567852433,4.364303146497663,4.364303146497663,7980400
2004-01-22,4.392459869384766,4.446896510594365,4.364303146497663,4.373688601449312,6137200
2004-01-23,4.394338130950928,4.399969620149577,4.349287291458478,4.394338130950928,5931600
2004-01-26,4.354918003082275,4.394337346337715,4.321129789987794,4.373688914328381,7332800
2004-01-27,4.321128845214844,4.401845034841139,4.31925168289422,4.3643025044928745,8248000
2004-01-28,4.283585548400879,4.399967085230565,4.279831224431397,4.334267847892776,6975200
2004-01-29,4.302358627319336,4.371812217960362,4.272324738942728,4.28546452035347,9919200
2004-01-30,4.315497875213623,4.3474089224226935,4.251675780795481,4.304235257972818,9350800
2004-02-02,4.283585548400879,4.3549162716928915,4.2666914485702465,4.32488239600111,10508000
2004-02-03,4.262937545776367,4.317374174616053,4.225395376468517,4.251674930787219,10310400
2004-02-04,4.261063098907471,4.291096994181679,4.246046151270367,4.262939904083869,5699600
2004-02-05,4.3492865562438965,4.364303500202877,4.289218780407975,4.289218780407975,11388400
2004-02-06,4.377443790435791,4.401846550976879,4.343655573091039,4.349287061992573,7167600
2004-02-09,4.371810436248779,4.418738412465969,4.336145074074742,4.345530526105362,6860400
2004-02-10,4.380270004272461,4.417869033088816,4.365230464460101,4.380270004272461,7818800
2004-02-11,4.389671325683594,4.404710870240862,4.35207228500491,4.387791337792557,7948400
2004-02-12,4.389671325683594,4.442309552348519,4.378391756908399,4.397190918676714,4804800
2004-02-13,4.338913917541504,4.412231672531625,4.29379527150365,4.38967252879826,7303200
2004-02-17,4.4479498863220215,4.461109444083811,4.380271750894466,4.380271750894466,6314000
2004-02-18,4.502467632293701,4.52126679215451,4.436669497067902,4.451709040099143,7689200
2004-02-19,4.468628406524658,4.598344325935493,4.444188925890633,4.509987058697116,8076000
2004-02-20,4.446069240570068,4.483668278816941,4.370871522647326,4.483668278816941,4996400
2004-02-23,4.406591415405273,4.474269195186242,4.399071462890126,4.438550496452507,10017200
2004-02-24,4.45170783996582,4.641582243653974,4.4216287620123405,4.425388736399248,17003200
2004-02-25,4.4705095291137695,4.541947284379115,4.399071415277357,4.534427690516427,16825200
2004-02-26,4.431031227111816,4.496829387479802,4.408472083230358,4.446070775889831,10545200
2004-02-27,4.427271842956543,4.47427048400097,4.365233651120747,4.365233651120747,9148000
2004-03-01,4.449831008911133,4.493069669315854,4.404712359979536,4.429151493686637,7086000
2004-03-02,4.393429756164551,4.464867478042027,4.3840298200156065,4.44230798985546,6220400
2004-03-03,4.440428733825684,4.466747840109558,4.3464315158736415,4.370870634769963,4905600
2004-03-04,4.440428733825684,4.470507814884662,4.32199203840639,4.408469665379152,8880000
2004-03-05,4.615265846252441,4.630305395216092,4.431031281804939,4.449830807652286,18622800
2004-03-08,4.543827533721924,4.613385663448944,4.5419475455054,4.607745698799373,7786400
2004-03-09,4.504347801208496,4.577665896021599,4.489308256374968,4.549466794280113,6049600
2004-03-10,4.496829986572266,4.566388133044455,4.4686308736780385,4.511869537353932,9642000
2004-03-11,4.370870590209961,4.49682687532444,4.359591024570569,4.49682687532444,10192400
2004-03-12,4.466747760772705,4.466747760772705,4.337031501903002,4.370870557136048,12910000
2004-03-15,4.444187164306641,4.479906197998326,4.40846848918579,4.466746648367398,11292800
2004-03-16,4.485548496246338,4.5231471778472585,4.464868988294667,4.491188101272414,10459600
2004-03-17,4.508108615875244,4.519388545527501,4.466749949530269,4.487429461988306,8586000
2004-03-18,4.5005879402160645,4.538186620978354,4.464868888706529,4.508107532940117,5210800
2004-03-19,4.504347801208496,4.545706818428973,4.48178866324372,4.511867752910776,5246400
2004-03-22,4.45546817779541,4.4855472582025095,4.417869148001075,4.483667270855701,7748800
2004-03-23,4.408468723297119,4.47426647494594,4.406588736311316,4.455467322229622,8106400
2004-03-24,4.444187164306641,4.455467085622437,4.367109494836207,4.421628038816717,8420800
2004-03-25,4.536305904388428,4.575784925203117,4.451708617335733,4.451708617335733,10078800
2004-03-26,4.581424713134766,4.615263411523415,4.513746599215581,4.538185718924764,7808800
2004-03-29,4.556985378265381,4.645342639774232,4.521266332731609,4.583304486252921,11238800
2004-03-30,4.5513458251953125,4.613384342868816,4.526906702518375,4.556985788230445,7702400
2004-03-31,4.617144584655762,4.630304141614767,4.530667291170282,4.573905937913022,7040800
2004-04-01,4.6340651512146,4.6961033325539665,4.549467826790616,4.61714561461558,11140000
2004-04-02,4.682941913604736,4.7036214186987895,4.650982841446186,4.6998614434869666,11538000
2004-04-05,4.733700752258301,4.735580739963106,4.652863073806665,4.662262653759696,5248400
2004-04-06,4.765658378601074,4.784457891368058,4.681060750435084,4.699860263202068,12074800
2004-04-07,4.760019302368164,4.790098384960463,4.731820207259252,4.765659264818326,13493200
2004-04-08,4.7017436027526855,4.791980898089759,4.681064088107097,4.790100909615511,11994400
2004-04-12,4.737460136413574,4.756259293973425,4.692341154271283,4.69986110415198,13742400
2004-04-13,4.684822082519531,4.769419735204728,4.669782539661162,4.756259821454042,7594000
2004-04-14,4.709262371063232,4.713022347351422,4.671663683894566,4.684823242332153,9864000
2004-04-15,4.731818675994873,4.756257788228266,4.70737956376148,4.7186591264406745,6883600
2004-04-16,4.758141040802002,4.77506057571875,4.6867032833754605,4.765660993463258,5982000
2004-04-19,4.713021278381348,4.750620315593173,4.699861722928507,4.73182079698726,9997200
2004-04-20,4.765658378601074,4.833336122562984,4.744978878700302,4.746858865834089,11674000
2004-04-21,4.731818675994873,4.758137775103271,4.654741006973852,4.748738199299081,6175200
2004-04-22,4.758141040802002,4.776940563884064,4.6867032833754605,4.718662365043643,8747200
2004-04-23,4.831457138061523,4.833336766874994,4.728059983345104,4.756259076969244,7739600
2004-04-26,4.820178031921387,4.846497501199464,4.786338970400281,4.831457958142416,7572800
2004-04-27,4.83333683013916,4.910414879624724,4.812657685781948,4.822057264256051,9704400
2004-04-28,4.722421169281006,4.840857525731551,4.705501638563644,4.833337574936729,8897200
2004-04-29,4.65850305557251,4.756259906616797,4.624663993892529,4.724300832649147,13332400
2004-04-30,4.619023323059082,4.707380939146122,4.600223807387099,4.681061473776971,9523600
2004-05-03,4.682941913604736,4.6998614434869666,4.620903756893547,4.620903756893547,8253200
2004-05-04,4.620903015136719,4.699860689055691,4.575784395550294,4.697980701751559,8228800
2004-05-05,4.673540115356445,4.68857965049266,4.58142291782578,4.622781549807669,6603600
2004-05-06,4.517507553100586,4.645343500270892,4.446069448799953,4.643463870984419,13418400
2004-05-07,4.423511028289795,4.579546460030229,4.4122310993174185,4.517508284966468,10796800
2004-05-10,4.427271842956543,4.4968299894736115,4.380273201912116,4.408472673395712,10001600
2004-05-11,4.420677185058594,4.496019224733701,4.399958447479662,4.454581031060898,5957600
2004-05-12,4.463998317718506,4.479066651614929,4.358519621186131,4.407491796163859,8549200
2004-05-13,4.411258220672607,4.496017808988533,4.388655544035909,4.465880787053814,9362400
2004-05-14,4.488485336303711,4.503553673928959,4.390540962110844,4.415027235287814,10984800
2004-05-17,4.494136333465576,4.537457761504278,4.426328630964981,4.465882884585311,11357200
2004-05-18,4.520504474639893,4.595846144032407,4.51108690068736,4.51108690068736,10656800
2004-05-19,4.561941146850586,4.650467900301539,4.5280376736592345,4.577009476910295,13502400
2004-05-20,4.543107032775879,4.577010513646691,4.499785259691261,4.561942180173861,11064800
2004-05-21,4.5977301597595215,4.625983243511269,4.552525153905236,4.558175914358566,6612400
2004-05-24,4.577011585235596,4.642935694335181,4.511087835393503,4.607148259236979,11672000
2004-05-25,4.671188831329346,4.688140755543853,4.5280398079185,4.548758546980401,10022000
2004-05-26,4.70509147644043,4.708858649581872,4.642934556636245,4.673071223252976,6660400
2004-05-27,4.718277454376221,4.79738631470234,4.6843739650285965,4.705092704198117,9177200
2004-05-28,4.6919074058532715,4.733345238608529,4.673071896689079,4.723927663655162,5977600
2004-06-01,4.772900104522705,4.784201266935621,4.674955738924167,4.693791249117344,8182800
2004-06-02,4.808688640594482,4.821873392975722,4.740880932053755,4.772901198947147,6504400
2004-06-03,4.778550624847412,4.838823967025964,4.767249103745841,4.8086872959366875,5894400
2004-06-04,4.7992682456970215,4.83317208260306,4.76724799520325,4.812452991325508,6909200
2004-06-07,4.857659816741943,4.8614266314490235,4.784201361462894,4.818105208628997,3625200
2004-06-08,4.82940673828125,4.853893011654288,4.810571585542002,4.827523151155823,5242000
2004-06-09,4.765364646911621,4.821871164331052,4.7578306601434655,4.797384899005414,6918400
2004-06-10,4.7842020988464355,4.819989538510696,4.737113494804133,4.793620035209419,5550400
2004-06-14,4.738996505737305,4.780434342922299,4.7182774075160605,4.755948429871506,4338800
2004-06-15,4.727694511413574,4.812453757922978,4.7088590035478965,4.786084262465487,7842000
2004-06-16,4.79738712310791,4.810572234765329,4.712627846569855,4.723929011590084,6549200
2004-06-17,4.725811958312988,4.757832220910762,4.706976446327679,4.75594863378648,6503200
2004-06-18,4.7578325271606445,4.786085617328435,4.71827791351971,4.727695849747329,6940400
2004-06-21,4.812456130981445,4.852010752929795,4.735230833983477,4.742765184547966,5577600
2004-06-22,4.846358776092529,4.857660299108462,4.778551434284526,4.812454925559768,9776000
2004-06-23,4.957486629486084,4.957486629486084,4.829405608967748,4.84824111655999,11450800
2004-06-24,4.963139057159424,4.987624973776427,4.934885965906714,4.934885965906714,8166400
2004-06-25,4.884029388427734,5.051664680505153,4.884029388427734,4.965021833579854,14014000
2004-06-28,4.769132614135742,4.887796068997588,4.7559478656527485,4.880261721717333,11715200
2004-06-29,4.518622398376465,4.618450368225573,4.458349042715697,4.529923562748475,32109200
2004-06-30,4.546874523162842,4.565710032620487,4.4903683540473684,4.509203863505014,11481200
2004-07-01,4.554409027099609,4.578894938755452,4.524272354635123,4.573244537204282,7074400
2004-07-02,4.524271011352539,4.599612670144376,4.501668334086304,4.554407674869274,9040000
2004-07-06,4.537458896636963,4.569479168688562,4.480952703255372,4.524274142131766,7802400
2004-07-07,4.541224956512451,4.5864299719652974,4.494136353841878,4.516738681939538,8309600
2004-07-08,4.190885543823242,4.379239950287208,4.151331290909419,4.360404437789308,42193200
2004-07-09,4.251160144805908,4.2568109079919365,4.194653949976121,4.194653949976121,20550000
2004-07-12,4.247391223907471,4.269993908105517,4.190885052298571,4.205953388678109,9157600
2004-07-13,4.258691787719727,4.288828453700107,4.2417398681985885,4.2417398681985885,12438800
2004-07-14,4.196536064147949,4.260576587405478,4.173933378598086,4.237973901855615,10187200
2004-07-15,4.162632942199707,4.219139127053445,4.147564602288206,4.196536796814975,7485200
2004-07-16,4.121193885803223,4.196535929038765,4.106125549007611,4.196535929038765,14143200
2004-07-19,4.106125831604004,4.162632367919617,4.055270415954718,4.12684493084548,8608800
2004-07-20,4.156981468200684,4.173933392605596,4.096708118875441,4.096708118875441,10197600
2004-07-21,4.151331424713135,4.207837604770597,4.130612324371884,4.172050165796854,6462800
2004-07-22,4.1475629806518555,4.175816062032183,4.055269389872159,4.10612479265378,9148400
2004-07-23,4.196536064147949,4.219138390440313,4.138145942834761,4.147563878171162,10610000
2004-07-26,4.209720611572266,4.247391273330714,4.181467525439059,4.219138187197507,11771200
2004-07-27,4.4018425941467285,4.405609409203506,4.209721015207985,4.209721015207985,14930400
2004-07-28,4.362288475036621,4.392425154439555,4.285063189159407,4.392425154439555,9656000
2004-07-29,4.39807653427124,4.431980393175821,4.3754738419156505,4.390542183733508,6199200
2004-07-30,4.420677185058594,4.424444358893843,4.35475343922908,4.379239350643261,8432400
2004-08-02,4.40937614440918,4.4470471652856,4.392424220940539,4.398074981849246,8496000
2004-08-03,4.390541076660156,4.409376588997513,4.366055162101856,4.38865748950067,6254800
2004-08-04,4.3001322746276855,4.366056406976331,4.2417424930652246,4.3604056438866925,8110000
2004-08-05,4.047735691070557,4.243624423939866,4.017599018207198,4.241740836978721,24732800
2004-08-06,4.000649452209473,4.040204083186244,3.955444416277227,4.0383204951151885,11637200
2004-08-09,4.0251336097717285,4.040201947115788,3.976161423589158,4.000647337051693,9256800
2004-08-10,4.086475849151611,4.105351098619617,4.0128627722433725,4.039287905489316,6670400
2004-08-11,4.080816268920898,4.086478595555979,4.001540455888639,4.086478595555979,5132000
2004-08-12,4.058165073394775,4.1053530393644815,4.024189680294089,4.073265208104457,11808000
2004-08-13,4.078927516937256,4.124227916882806,4.037401880308819,4.114790108551082,6553600
2004-08-16,4.1619768142700195,4.1619768142700195,4.056275912959399,4.069488480621294,8429200
2004-08-17,4.095917701721191,4.331857653202462,4.090255013279954,4.329970090388717,14307600
2004-08-18,4.012866020202637,4.041178737312854,3.8958396667938118,4.039291174836742,25837200
2004-08-19,4.0260772705078125,4.044952529031837,3.9788893042055573,4.012864697545679,8669600
2004-08-20,4.020412921905518,4.026075605125045,3.9788876583420434,4.026075605125045,5644800
2004-08-23,3.9977617263793945,4.033624656129286,3.9864367233061397,4.018524532026493,7749200
2004-08-24,4.001542091369629,4.043067397066757,3.9807792585131505,4.033629942140628,8725600
2004-08-25,4.018527507781982,4.0260773954164595,3.9675644161906747,4.010977260131882,11534400
2004-08-26,4.001542091369629,4.037404708101582,4.001542091369629,4.027967253175453,4373600
2004-08-27,3.9864392280578613,4.010976810136546,3.9675639710658666,4.003426563333515,8038000
2004-08-30,3.96379017829895,3.984553003961732,3.9373650256486488,3.9656777406333577,4167200
2004-08-31,3.9939892292022705,3.9996519144666793,3.9468012653789777,3.9619013994018077,14607200
2004-09-01,3.9543492794036865,4.016637342076159,3.927923789774336,3.9902118524468078,7714000
2004-09-02,4.103465557098389,4.109128242730184,4.00153973583539,4.00153973583539,16590400
2004-09-03,4.158204555511475,4.165754444428432,4.0864786307141205,4.095916441879922,7356800
2004-09-07,4.1261162757873535,4.178966572594314,4.114790903601023,4.1619788743304635,8645600
2004-09-08,4.105353355407715,4.169529022868213,4.097803107463827,4.143103875095879,6505600
2004-09-09,4.046840190887451,4.103465607843186,4.02041468429457,4.095915720256378,7247200
2004-09-10,4.1298933029174805,4.154431262751772,4.0392924358735804,4.04684268813516,4328800
2004-09-13,4.190290927886963,4.197840814163342,4.105352457180454,4.124227712894741,5931200
2004-09-14,4.241256237030029,4.284669459655204,4.178968107194355,4.195955811696428,8955200
2004-09-15,4.239366054534912,4.284666811890105,4.2242659220883665,4.243141177650438,7403600
2004-09-16,4.239366054534912,4.2657915563280335,4.209165789641821,4.262016433212509,8245200
2004-09-17,4.17707633972168,4.26012721590677,4.160089012335249,4.250689771801484,8434400
2004-09-20,4.15254020690918,4.188403154955019,4.1393276365805916,4.177077786088623,6653600
2004-09-21,4.231816291809082,4.275229128857797,4.150652942534618,4.152540504147463,8894800
2004-09-22,4.171417236328125,4.229930226969014,4.161979424924309,4.2280426646882505,16374000
2004-09-23,4.15254020690918,4.21860341856766,4.15254020690918,4.171415461670966,11327600
2004-09-24,4.133665561676025,4.17141607676609,4.133665561676025,4.150653257464995,11269600
2004-09-27,4.1261162757873535,4.156316548252944,4.124228713756298,4.139328849989094,5985200
2004-09-28,4.10723876953125,4.144988909462508,4.099688525535729,4.124226458505723,7873600
2004-09-29,4.118566513061523,4.148766789086403,4.097803688288536,4.107241499556116,9265600
2004-09-30,4.160090923309326,4.177078258499037,4.114790162751493,4.148765553162077,9562000
2004-10-01,4.233704566955566,4.294105108684006,4.201616734160379,4.203504296091347,8262000
2004-10-04,4.250692367553711,4.322417922594299,4.214829410025599,4.226154421870821,7859200
2004-10-05,4.156316757202148,4.246917579153667,4.1525416329502525,4.246917579153667,10185200
2004-10-06,4.169529438018799,4.201617274943961,4.139329163267549,4.156316862817086,6870800
2004-10-07,4.182741165161133,4.312980048629492,4.180853603369928,4.209166310206806,9620800
2004-10-08,4.226154327392578,4.252579834461519,4.1638662236128905,4.182741482943384,11747200
2004-10-11,4.205392837524414,4.2469181296307035,4.178967324351585,4.2469181296307035,5768400
2004-10-12,4.15254020690918,4.178965347566356,4.122339943296538,4.171415461670966,7064800
2004-10-13,4.197841644287109,4.222379589572731,4.158203923462747,4.180853946786488,7127200
2004-10-14,4.156316757202148,4.18462946906004,4.146878946572409,4.180854344808144,5732800
2004-10-15,4.178966522216797,4.218604604359825,4.1525413741318715,4.1751917582158375,4616000
2004-10-18,4.241256237030029,4.241256237030029,4.143105495481782,4.180855669918561,6990800
2004-10-19,4.239366054534912,4.284666811890105,4.237478852992705,4.256353748539221,8192400
2004-10-20,4.27145528793335,4.294105674071613,4.209167176072718,4.218604986970192,5142000
2004-10-21,4.331854820251465,4.375267656529055,4.243141226101408,4.256353797141061,7056400
2004-10-22,4.386593341827393,4.484744398980505,4.350730386326138,4.350730386326138,15202000
2004-10-25,4.371493339538574,4.399806048418479,4.326192933327602,4.388481036869643,8842000
2004-10-26,4.418680191040039,4.428117638276545,4.352616980337896,4.371492234826442,6947600
2004-10-27,4.477192401885986,4.488517768681002,4.382816505353702,4.4167918857078,9422800
2004-10-28,4.488518238067627,4.5224932619591875,4.45265529283066,4.465867862124408,6064000
2004-10-29,4.52626895904541,4.5394815300159586,4.475305876717103,4.492293570826539,7792400
2004-11-01,4.473418235778809,4.526268514469986,4.426230281224245,4.514943506181236,8300000
2004-11-02,4.509281158447266,4.545144107388661,4.462093200372211,4.463980761897079,6958000
2004-11-03,4.57345724105835,4.590444936366884,4.4922938879210355,4.565907354263214,8016800
2004-11-04,4.718796730041504,4.741447112752575,4.567795378686424,4.5961080870635485,10999200
2004-11-05,4.758433818817139,4.807509341504227,4.711245857773658,4.7187961043480895,10387200
2004-11-08,4.780178070068359,4.804759522621565,4.727232931399357,4.757487193307572,7640800
2004-11-09,4.700760364532471,4.7839594013024485,4.685633234150726,4.768832270920704,6990000
2004-11-10,4.719671249389648,4.759380210919972,4.710216923656404,4.723453123946709,10570400
2004-11-11,4.691308498382568,4.727235589850077,4.670508907035657,4.721562777304853,8194400
2004-11-12,4.719671249389648,4.740471198794076,4.691307911530507,4.693198848809038,9290000
2004-11-15,4.778286933898926,4.821777388491812,4.7196689883249645,4.7196689883249645,14988000
2004-11-16,4.636471748352051,4.776397848210259,4.615671800853069,4.774506911104954,11613200
2004-11-17,4.575962543487549,4.7045430021648,4.555162598989185,4.683743418325759,14727200
2004-11-18,4.528688907623291,4.574070296628373,4.519234226168553,4.566506551464583,13833600
2004-11-19,4.4757466316223145,4.547600453267368,4.449274227962471,4.53814612643441,6708400
2004-11-22,4.549488544464111,4.574070355905777,4.471961958826659,4.490870961321965,8672800
2004-11-23,4.608108043670654,4.623235178641016,4.566508152007651,4.572180962868791,12272800
2004-11-24,4.608108043670654,4.642143826859458,4.575962836776218,4.6270166918890965,5476800
2004-11-26,4.651600360870361,4.659163751032692,4.617564203491146,4.619455141196602,2612400
2004-11-29,4.574071884155273,4.67050750450827,4.5702900102608,4.651598495695248,7601600
2004-11-30,4.451164245605469,4.574072272331615,4.417128098985439,4.574072272331615,15472800
2004-12-01,4.572179794311523,4.602434056519865,4.451162745478156,4.451162745478156,11202400
2004-12-02,4.564619064331055,4.606218972847548,4.460620014358806,4.521128578754259,12218800
2004-12-03,4.592978477478027,4.613778051640249,4.505997226946121,4.53246960896667,11569200
2004-12-06,4.634580612182617,4.664834883249271,4.589199205582636,4.592981079630809,13829200
2004-12-07,4.62890625,4.666724256490479,4.613779119535656,4.6232338014878955,10032000
2004-12-08,4.69697904586792,4.725342373597267,4.62701583418687,4.6289067707900635,6776400
2004-12-09,4.723453044891357,4.732907731125769,4.668617307369379,4.696980644753809,6942800
2004-12-10,4.7291259765625,4.74992592614629,4.710216964273547,4.7177807134528935,6908400
2004-12-13,4.666725158691406,4.731015565758706,4.65537989881462,4.72912462900269,8402400
2004-12-14,4.736690044403076,4.738580981969105,4.666727157757336,4.666727157757336,6644000
2004-12-15,4.706433296203613,4.755596565156483,4.679960905482559,4.725342301286913,10961200
2004-12-16,4.6629438400268555,4.727234254744124,4.647816704838049,4.708325245593278,7284400
2004-12-17,4.619452953338623,4.672397741377784,4.575962488689507,4.575962488689507,11595200
2004-12-20,4.636471748352051,4.666726020718183,4.6043265388806125,4.619453675063679,5177200
2004-12-21,4.636471748352051,4.6894165446630955,4.627017062825525,4.638362685457356,10286800
2004-12-22,4.69697904586792,4.721560500390879,4.59676156985433,4.602434379663911,11493600
2004-12-23,4.706433296203613,4.740469433221698,4.681851842056816,4.696978973991601,5636400
2004-12-27,4.685634613037109,4.755597476394104,4.685634613037109,4.706434198020877,7052000
2004-12-28,4.700760364532471,4.7045418766334794,4.651597100626991,4.687524170530849,6894000
2004-12-29,4.759380340576172,4.763162215236259,4.700762725982484,4.700762725982484,4801600
2004-12-30,4.765052318572998,4.774506642909076,4.738579561245141,4.759379507575739,3144400
2004-12-31,4.751815319061279,4.793415207865947,4.751815319061279,4.765051876827788,3206400
2005-01-03,4.698872089385986,4.8104348743828025,4.678072138083699,4.755598770280207,10098800
2005-01-04,4.681854248046875,4.729126604718601,4.664836170792297,4.717781340102035,11391200
2005-01-05,4.6629438400268555,4.719670506820044,4.651598578800089,4.679961912196683,7756000
2005-01-06,4.664834022521973,4.715888230773993,4.644034079754269,4.710215420748449,9952000
2005-01-07,4.642145156860352,4.674290372964575,4.604327488929145,4.674290372964575,6769600
2005-01-10,4.6931986808776855,4.723452954932803,4.604326795923202,4.604326795923202,7185600
2005-01-11,4.66105318069458,4.6913074528743754,4.619453646612205,4.655380730072976,5811600
2005-01-12,4.700760364532471,4.7045418766334794,4.632688097485,4.651597100626991,7502400
2005-01-13,4.68941593170166,4.712106813339984,4.661052600148251,4.68941593170166,7692400
2005-01-14,4.721561431884766,4.727234242813508,4.670507576163486,4.679961900385373,4350800
2005-01-18,4.808542728424072,4.8142151786922,4.689416223562477,4.693198097514129,9930000
2005-01-19,4.755596160888672,4.81610468348405,4.75370522447516,4.780177973605071,4928000
2005-01-20,4.746142864227295,4.78963332915041,4.7272338566687555,4.732906667134114,5409200
2005-01-21,4.721561431884766,4.772615648265395,4.7196704949085175,4.736688567035395,4629600
2005-01-24,4.666725158691406,4.755597022268292,4.65537989881462,4.725342755490658,6725600
2005-01-25,4.691308498382568,4.748035541856441,4.666727032005507,4.666727032005507,4448800
2005-01-26,4.708326816558838,4.719672081571031,4.687527224146397,4.693199676322757,6670000
2005-01-27,4.7291259765625,4.768834577775831,4.672398939695642,4.679962688874987,7864000
2005-01-28,4.69697904586792,4.75181476472342,4.676179103892069,4.744251378969925,5216000
2005-01-31,4.734797954559326,4.7537066028586965,4.70265274752731,4.7272342067121,5944400
2005-02-01,4.802870273590088,4.816106472742876,4.742361728514839,4.7480345398629105,4668000
2005-02-02,4.865267276763916,4.886067213782532,4.8198858910808235,4.821776827233351,7460000
2005-02-03,4.878504753112793,4.903086568905985,4.835014292136271,4.903086568905985,6824400
2005-02-04,4.887959957122803,4.908759541172294,4.857705688815064,4.863378138710686,4523600
2005-02-07,4.895524501800537,4.906870125593996,4.872833975532442,4.8860701759654,4609200
2005-02-08,4.828278541564941,4.898363560335943,4.828278541564941,4.875633176568074,4358400
2005-02-09,4.76008939743042,4.828280211024967,4.756301299898637,4.813126737035881,6467600
2005-02-10,4.775243759155273,4.801762614531618,4.763878741872489,4.790397597248833,6636400
2005-02-11,4.801759719848633,4.839643208382771,4.769558555886673,4.773347013126236,3926800
2005-02-14,4.790398120880127,4.820705077805284,4.780926971036375,4.792291989561452,3848000
2005-02-15,4.801759719848633,4.839643208382771,4.769558555886673,4.792288576749722,6314000
2005-02-16,4.782819747924805,4.797973221783569,4.748724341420756,4.782819747924805,6576000
2005-02-17,4.788501739501953,4.826385237994141,4.7544063379579,4.782819052148857,5214400
2005-02-18,4.792289733886719,4.815020121525372,4.763877020303844,4.792289733886719,4414800
2005-02-22,4.68621826171875,4.8169172565938965,4.669170551026884,4.792292625022324,7267600
2005-02-23,4.625600814819336,4.72978086851094,4.604764659566136,4.716521628363339,8775200
2005-02-24,4.564987659454346,4.6161307606256585,4.523315342372274,4.602871157098565,12117600
2005-02-25,4.583930492401123,4.629390915306672,4.515739677399136,4.5498350849001294,9525600
2005-02-28,4.625600814819336,4.644542741296136,4.5346800012753326,4.574457721718135,8495600
2005-03-01,4.642650127410889,4.676745534671375,4.621813964910075,4.650226683864706,7056800
2005-03-02,4.625600814819336,4.661590438996536,4.585822733089336,4.604764659566136,9987600
2005-03-03,4.672956466674805,4.7373588139302765,4.6293902792041255,4.663485682020231,12573600
2005-03-04,4.6881103515625,4.7392534602884995,4.6596976338104925,4.676745336719159,8138400
2005-03-07,4.697580814361572,4.74493546112444,4.671062327786297,4.712734286874198,5030000
2005-03-08,4.610450267791748,4.69947690898044,4.602873347884238,4.697582679003562,10152800
2005-03-09,4.652121067047119,4.678639918730205,4.600978315753506,4.602872183964057,10887600
2005-03-10,4.659699440002441,4.695689089125184,4.650228289555694,4.659699440002441,5705200
2005-03-11,4.701370716094971,4.71273573364659,4.652121824988097,4.678640680991733,12845200
2005-03-14,4.663485050201416,4.733569714239503,4.6388604353760785,4.712733557277637,8919200
2005-03-15,4.691900253295898,4.716524519911037,4.667275625393342,4.693794483233589,6992400
2005-03-16,4.638861179351807,4.708946215917286,4.621813477519319,4.678639270723372,7249200
2005-03-17,4.638861179351807,4.693792743320329,4.612342692628953,4.659697339655354,5702000
2005-03-18,4.644545555114746,4.676746741247686,4.602873219361873,4.640757095266773,10685200
2005-03-21,4.629391670227051,4.659698623772941,4.59908471668116,4.644545146999996,6000800
2005-03-22,4.602871417999268,4.6881099247829585,4.600977550103875,4.616131022277945,7474800
2005-03-23,4.580141067504883,4.619918793674959,4.561199138300787,4.583929525603152,9250400
2005-03-24,4.578247547149658,4.616131411422116,4.559305615013429,4.580141776492011,6274800
2005-03-28,4.663485050201416,4.686215074807791,4.580140783641179,4.580140783641179,4864400
2005-03-29,4.646438121795654,4.710840471008012,4.642649663303801,4.659697365229854,7925200
2005-03-30,4.655908584594727,4.678638972685839,4.629390099561147,4.646437800307665,8384800
2005-03-31,4.665380954742432,4.691899810077587,4.62181475415327,4.659698626753558,9240000
2005-04-01,4.5877180099487305,4.6975807750681335,4.549834509627687,4.693792677937125,13912800
2005-04-04,4.591506481170654,4.62370765524134,4.519527577458859,4.593400710385081,7056400
2005-04-05,4.650228023529053,4.680534980649971,4.591508339268202,4.591508339268202,7948800
2005-04-06,4.591506481170654,4.650226141668747,4.576353008742525,4.650226141668747,7182800
2005-04-07,4.606659889221191,4.606659889221191,4.52520984057552,4.5934006461927845,10218800
2005-04-08,4.580141067504883,4.619918793674959,4.559304909251653,4.606659551618267,5154000
2005-04-11,4.528999328613281,4.5971901497336365,4.515740082570403,4.578248214834943,5972400
2005-04-12,4.544153213500977,4.555518230948732,4.481645075607232,4.517634719027082,9882400
2005-04-13,4.525209903717041,4.566882223858958,4.511950660503625,4.544151834573614,8454800
2005-04-14,4.479748725891113,4.538468376418897,4.477854496998318,4.5176325811725855,6742800
2005-04-15,4.407771587371826,4.48543319642637,4.4058773577256956,4.472173950190817,8041600
2005-04-18,4.402087688446045,4.445653874470067,4.381251529353137,4.4115588340733956,8280400
2005-04-19,4.375570774078369,4.443761240639111,4.369888084661893,4.413454286326027,12265200
2005-04-20,4.2941179275512695,4.377462178767427,4.269493678546603,4.375567950184428,15806800
2005-04-21,4.385039806365967,4.388828264460326,4.32821438009957,4.337685164048219,9272400
2005-04-22,4.297908782958984,4.388829637953997,4.27517838856655,4.388829637953997,9965600
2005-04-25,4.35283899307251,4.381251708542087,4.290330874524528,4.303590117657845,6366400
2005-04-26,4.369888782501221,4.400195741654104,4.339581823348337,4.362312223356725,6367600
2005-04-27,4.379358291625977,4.413453336928313,4.328215181741498,4.369887144635898,8683200
2005-04-28,4.364205360412598,4.403983098855293,4.350945752977672,4.386935393440607,8983600
2005-04-29,4.290330410003662,4.388828150168484,4.263811926608225,4.369886221477212,11661200
2005-05-02,4.288437366485596,4.345263168268126,4.2600246462380005,4.299802743614506,8435600
2005-05-03,4.335791110992432,4.349050353573639,4.286542237628474,4.296013383248811,9438800
2005-05-04,4.390725135803223,4.402090155638411,4.337687774426567,4.343370464987895,9348000
2005-05-05,4.35662841796875,4.4513377314028535,4.3414749422707875,4.383146910118344,9373600
2005-05-06,4.314955711364746,4.388828847583694,4.314955711364746,4.371781145181275,8875200
2005-05-09,4.328215599060059,4.34905140187255,4.290331730021682,4.316850582863486,6840800
2005-05-10,4.280736446380615,4.314921258739607,4.269341146689087,4.314921258739607,8969200
2005-05-11,4.292131423950195,4.311123228041718,4.235156011675626,4.280736486390695,8331600
2005-05-12,4.349105358123779,4.406080755780007,4.275037739632968,4.294029538851711,13000000
2005-05-13,4.305424690246582,4.38329074494904,4.265541873655455,4.373795025980821,7510000
2005-05-16,4.4060821533203125,4.417477091570477,4.294030900851112,4.311123489345638,8886800
2005-05-17,4.436468601226807,4.463056909451892,4.368098251803979,4.398484993272229,13578800
2005-05-18,4.5105366706848145,4.520032392464514,4.430771376124214,4.478250709499844,9982000
2005-05-19,4.506737232208252,4.533325899292342,4.489644647025082,4.51053566496862,5011200
2005-05-20,4.464953899383545,4.5371222838203495,4.463054683709109,4.533324214709829,5876400
2005-05-23,4.411777973175049,4.476349872168681,4.411777973175049,4.436467420445903,8883200
2005-05-24,4.388988018035889,4.413677102583285,4.377592721563158,4.4022821683489815,7538000
2005-05-25,4.4060821533203125,4.425073596324403,4.36240089259066,4.36809854283502,11313600
2005-05-26,4.4060821533203125,4.430771246568763,4.387090348077666,4.428872029820643,8741200
2005-05-27,4.430771827697754,4.461158575176015,4.406082731211143,4.406082731211143,4530800
2005-05-31,4.354803562164307,4.415577037627255,4.349105913000223,4.400383668761518,11788800
2005-06-01,4.34151029586792,4.390888845320249,4.303526684831187,4.345308367180745,10982400
2005-06-02,4.358603477478027,4.368099200409561,4.316821427206617,4.3206198612746745,11584000
2005-06-03,4.311121463775635,4.381390639247501,4.284532804033126,4.3491046941760425,10828000
2005-06-06,4.339610576629639,4.3434090097412215,4.311123052769802,4.311123052769802,5564400
2005-06-07,4.383289337158203,4.411776847151919,4.339608464351949,4.358600258427207,9418400
2005-06-08,4.314920425415039,4.396584912906775,4.313021209166573,4.396584912906775,5087200
2005-06-09,4.383289337158203,4.396583484339381,4.295927591545694,4.301624876201432,6444400
2005-06-10,4.428871154785156,4.447862956275491,4.388988697670087,4.406081282787541,11253200
2005-06-13,4.417476654052734,4.449762611095985,4.396585634131067,4.425073158054283,6194400
2005-06-14,4.552316665649414,4.558014313947684,4.39848378398044,4.39848378398044,9897200
2005-06-15,4.558013916015625,4.592199078343886,4.463055292765299,4.590299862410271,10234800
2005-06-16,4.603594779968262,4.605493996218823,4.506736924620405,4.540922092653585,13006000
2005-06-17,4.660569667816162,4.66246852161927,4.605493489327087,4.651073587608518,14569200
2005-06-20,4.609292507171631,4.630183161806449,4.571308905990835,4.603594858322972,5860400
2005-06-21,4.616890907287598,4.6491768728870335,4.573210001546778,4.599798315956213,5769200
2005-06-22,4.662470817565918,4.68336184207171,4.607394974194194,4.616890696839409,8443200
2005-06-23,4.558013916015625,4.687157701594211,4.558013916015625,4.643476821836278,7626400
2005-06-24,4.523831844329834,4.567512753930184,4.487747441415409,4.558017030013116,9414800
2005-06-27,4.523831844329834,4.539025219940331,4.5067392514881925,4.520033409867548,5299600
2005-06-28,4.632081031799316,4.632081031799316,4.539021634415906,4.540920850146795,4827600
2005-06-29,4.6453752517700195,4.651072899051112,4.592198659433301,4.63208110368584,8117200
2005-06-30,4.624485969543457,4.671965290868876,4.614989887935288,4.62638518586509,8552400
2005-07-01,4.647274494171143,4.671963936959039,4.594097901529586,4.671963936959039,5723200
2005-07-05,4.749831676483154,4.7612266129604475,4.633982008542089,4.633982008542089,10386800
2005-07-06,4.671965599060059,4.766924247974944,4.668167166166223,4.74603322929735,15969600
2005-07-07,4.580805778503418,4.645377332080632,4.548519820595546,4.558015541411408,13476000
2005-07-08,4.548519134521484,4.563712502878296,4.474451146823364,4.561813286553885,20987200
2005-07-11,4.502939224243164,4.565612283986189,4.482048566567342,4.5485196971905495,12301200
2005-07-12,4.499138832092285,4.510533763330809,4.451659529320382,4.472550176217953,13024800
2005-07-13,4.464953899383545,4.525727352012086,4.428869526045967,4.482046478215116,11991600
2005-07-14,4.4060821533203125,4.4972423837987465,4.396586069579711,4.4782505785561,13777200
2005-07-15,4.4706525802612305,4.489644016920724,4.398483816896791,4.407979535226537,12233200
2005-07-18,4.499138832092285,4.512432978910285,4.455457598241002,4.472550176217953,11833600
2005-07-19,4.578904151916504,4.5827022209007255,4.48394554478253,4.510533838863775,8756400
2005-07-20,4.578904151916504,4.586500652123286,4.512433054475054,4.578904151916504,5005200
2005-07-21,4.54472017288208,4.575106906058786,4.527627590190379,4.573207689955438,8522800
2005-07-22,4.5959978103637695,4.611191176586525,4.539022415349619,4.539022415349619,7578000
2005-07-25,4.561814308166504,4.620688578454157,4.537124852658466,4.5959994851846755,8270000
2005-07-26,4.478249549865723,4.558014823771259,4.466854614233067,4.548519104450458,8436800
2005-07-27,4.527628421783447,4.527628421783447,4.478249880742297,4.501040115929943,7975200
2005-07-28,4.523831844329834,4.52763027879212,4.4839493691917705,4.52763027879212,11113600
2005-07-29,4.464953899383545,4.5276265676865215,4.463054683709109,4.516231635878258,5559200
2005-08-01,4.432668685913086,4.482047214848826,4.379491725004194,4.482047214848826,12238400
2005-08-02,4.362399101257324,4.432668643128744,4.356701815590998,4.42697099522401,11690000
2005-08-03,4.33770751953125,4.364295803294418,4.32631259252392,4.364295803294418,13997600
2005-08-04,4.311121463775635,4.369995706351217,4.2446503577769406,4.339608977135537,15919600
2005-08-05,4.295929431915283,4.32441695411301,4.269340763924039,4.2921309990253205,8276000
2005-08-08,4.284534931182861,4.34530841978653,4.282635714384176,4.295930231974973,6594400
2005-08-09,4.341660499572754,4.35118190312008,4.299767413577745,4.303575974996675,8255200
2005-08-10,4.364511489868164,4.434968423058373,4.353086168855084,4.370224331976908,8942400
2005-08-11,4.364511489868164,4.377841091584159,4.330235163624517,4.364511489868164,6072000
2005-08-12,4.330235481262207,4.389266734565075,4.3054805567172725,4.364511810020141,11560800
2005-08-15,4.334044933319092,4.351183101218867,4.269300824187611,4.330236370851473,6980000
2005-08-16,4.206460475921631,4.261683172052636,4.189322310141966,4.2388325264827245,18406800
2005-08-17,4.191226482391357,4.2369281355498325,4.160758713619041,4.185513639544878,19337200
2005-08-18,4.143619060516357,4.19122497753074,4.1321937421301165,4.19122497753074,11653600
2005-08-19,4.09601354598999,4.145523748134505,4.0750668242199835,4.14361946768229,10968400
2005-08-22,4.092206001281738,4.212173157131592,4.069355356589494,4.212173157131592,7250000
2005-08-23,4.090300559997559,4.122672600131799,4.065545641402831,4.094109120767315,12704000
2005-08-24,4.042694568634033,4.084588009953236,4.035077810433303,4.0731623278456315,10472000
2005-08-25,4.03317403793335,4.101726686393665,4.017940156409322,4.050312200048428,11036400
2005-08-26,4.027462005615234,4.042695890201028,3.9988985174174303,4.033174848536579,8995600
2005-08-29,4.017940998077393,4.046504486517803,3.9760475427072945,4.025557758832754,8283600
2005-08-30,3.9760496616363525,4.01032601131329,3.937965111154486,4.008421729308499,10906400
2005-08-31,3.981762170791626,3.9931874986491316,3.9055927130672137,3.976049325260561,12947200
2005-09-01,3.9284422397613525,4.564457664579628,3.9189211964838506,4.004612038799449,10821200
2005-09-02,3.8770270347595215,3.9589092920357682,3.846559268778279,3.9151115606338647,7820400
2005-09-06,4.006514072418213,4.01793939058245,3.8865469604786207,3.915110437491371,15815600
2005-09-07,4.080780506134033,4.080780506134033,3.9855686431377353,4.016036410240196,20534400
2005-09-08,4.035078525543213,4.092205493388105,4.027461402788211,4.090301212699355,15594800
2005-09-09,4.075067043304443,4.094109485645998,4.033173960716526,4.0465035613943,13875200
2005-09-12,4.073164463043213,4.086494069285271,4.0560262941021294,4.0655477008496925,12713600
2005-09-13,4.05602502822876,4.084588876352226,4.048408268412407,4.073163191821073,11018400
2005-09-14,4.164567947387695,4.227407776019124,3.9969948289008785,3.9969948289008785,30167600
2005-09-15,4.088397026062012,4.164566802546652,4.080780266336195,4.164566802546652,11212000
2005-09-16,4.017940998077393,4.0883975786834394,4.016036717087437,4.0883975786834394,13475600
2005-09-19,3.981762170791626,4.061740192203414,3.9665282792467433,3.9989003441801967,12464400
2005-09-20,3.9303457736968994,4.027461922119631,3.901782286091261,3.9703349469083538,16304800
2005-09-21,3.867506742477417,3.9551018672531915,3.8522728551083074,3.9551018672531915,13291200
2005-09-22,3.9665279388427734,3.989378955801355,3.8275186450247998,3.8675074706965757,15670800
2005-09-23,3.9151113033294678,3.9798553925856774,3.9113031052354055,3.9684300718946983,18542400
2005-09-26,3.9113028049468994,3.983663648040159,3.8713136407920277,3.9170152832516183,10755200
2005-09-27,3.8903555870056152,3.934152943382607,3.8694088673451748,3.932248663122174,7478000
2005-09-28,3.863696575164795,3.9550998528255623,3.827515974889114,3.903685372939753,7468400
2005-09-29,3.857985019683838,3.880835665111251,3.7989537619244835,3.8313258122837026,9600800
2005-09-30,3.8998804092407227,3.911306101889914,3.8446576809216624,3.8751254682434904,9776800
2005-10-03,3.8998804092407227,3.9474863723316633,3.892263644012603,3.9189228671180336,7157200
2005-10-04,3.9036874771118164,3.957006266089415,3.8922621520468077,3.8922621520468077,8490400
2005-10-05,3.8865485191345215,3.932250173323911,3.8865485191345215,3.8979738418807535,14948800
2005-10-06,4.075067043304443,4.096013766200591,3.867505184510691,3.886547626852246,35972000
2005-10-07,4.038887977600098,4.115057775979614,4.0198458912097355,4.065547552314735,15590000
2005-10-10,4.113155364990234,4.208367293053875,4.113155364990234,4.151239918292882,21601200
2005-10-11,4.118865489959717,4.240736935082661,4.11505729105312,4.168375707790213,25542000
2005-10-12,3.9779515266418457,4.0903015542281995,3.97033476645527,4.046504184343196,23723200
2005-10-13,3.9684321880340576,4.017942421701823,3.9170176727016175,3.9798575148175144,15955600
2005-10-14,3.9988973140716553,4.0122269136725315,3.949387113265294,3.9684295540684094,11648400
2005-10-17,3.979855537414551,3.989376941007186,3.9417710126572403,3.9798555374145512,12377600
2005-10-18,3.9589104652404785,3.979856833557179,3.9246341275528427,3.949389058546953,13513200
2005-10-19,3.9988973140716553,3.998897314071655,3.903685473260425,3.9436742720630544,13176800
2005-10-20,3.9779515266418457,4.073163389802862,3.964621923912013,3.998898252762688,14377200
2005-10-21,3.941770315170288,4.010322592885047,3.9303446328808738,4.008418312503478,14158800
2005-10-24,3.951291799545288,4.017940167600182,3.9379621985751863,3.939866479171542,12401200
2005-10-25,3.924633264541626,3.970334917007354,3.9113036613063445,3.9570053137720724,10642000
2005-10-26,3.957005262374878,4.059833888286021,3.901782206026631,3.9227289326696826,12057200
2005-10-27,3.880835771560669,3.9646223212364817,3.8694104485335714,3.9646223212364817,8540400
2005-10-28,3.9855687618255615,3.9912812413246166,3.8960693754929667,3.903686499097632,9307200
2005-10-31,4.099823951721191,4.126483163639519,4.031271277411753,4.031271277411753,9594800
2005-11-01,4.097919464111328,4.10744050697298,4.035079636892718,4.088398058045173,10046400
2005-11-02,4.2121734619140625,4.225503066149777,4.094110578446564,4.103631620556511,19315200
2005-11-03,4.183609962463379,4.212173817614264,4.099823767847934,4.122674416123235,24922800
2005-11-04,4.233119487762451,4.2483533718395154,4.1588543482873215,4.183609273710882,15273200
2005-11-07,4.2216949462890625,4.275013732022076,4.198843934345053,4.271205169497322,36664000
2005-11-08,4.221695423126221,4.229332855287963,4.1548661618076395,4.210238728598344,9886400
2005-11-09,4.202600479125977,4.238879276361832,4.168231130606756,4.221694602102222,9702800
2005-11-10,4.259881496429443,4.273247270157614,4.191143179514563,4.219784175244931,12360400
2005-11-11,4.238877773284912,4.267518765498329,4.196870644794591,4.2579715253005395,9344400
2005-11-14,4.225512981414795,4.248426000989615,4.18732510104355,4.2388791219443265,16945200
2005-11-15,4.1815972328186035,4.286614735264699,4.160594023681491,4.225513464148179,16735600
2005-11-16,4.206417560577393,4.227420759012731,4.164410435326821,4.1815951021675195,9455600
2005-11-17,4.2426981925964355,4.263701766185323,4.202600858497799,4.233151312341562,11587200
2005-11-18,4.290435314178467,4.2980731132804895,4.23888162700104,4.290435314178467,9922400
2005-11-21,4.332439422607422,4.347714645838442,4.257972390689905,4.278975959203827,8411600
2005-11-22,4.343896865844727,4.347715763681872,4.296161735450829,4.322893291930566,6868000
2005-11-23,4.3381667137146,4.357260830763966,4.315254064607352,4.343895058086407,5816800
2005-11-25,4.372535228729248,4.378263572023079,4.271337046534351,4.362988354096118,3887600
2005-11-28,4.332439422607422,4.372536747017581,4.298070079290114,4.372536747017581,11791600
2005-11-29,4.341987133026123,4.387812811505144,4.336258786644951,4.376356482932919,7214000
2005-11-30,4.27897834777832,4.353445057073953,4.252246783249683,4.3324418410258465,15888400
2005-12-01,4.27897834777832,4.3114382607874875,4.212149072266475,4.27897834777832,7984000
2005-12-02,4.280884742736816,4.324800957181304,4.259881177485108,4.263700073747236,6958400
2005-12-05,4.254153251647949,4.278975349289007,4.099491228765216,4.154864132703724,6146000
2005-12-06,4.2827959060668945,4.324802689203439,4.257973434612011,4.2617923324035525,7177600
2005-12-07,4.261793613433838,4.301891323917511,4.204511586103159,4.280887743940813,6556000
2005-12-08,4.322891712188721,4.322891712188721,4.256062845411076,4.257971929441857,10136000
2005-12-09,4.374446868896484,4.41072566622659,4.315255415287443,4.3209833972621245,10972400
2005-12-12,4.372535228729248,4.425998673568573,4.364897801860729,4.387810446656209,4194400
2005-12-13,4.433639049530029,4.445095743738262,4.336259333901041,4.372538137180115,6024800
2005-12-14,4.481371879577637,4.513831768104189,4.4221804466845045,4.433636770814471,9706000
2005-12-15,4.483282566070557,4.487101463232118,4.422181668245893,4.483282566070557,9585600
2005-12-16,4.408816337585449,4.525290163444374,4.399269457907554,4.525290163444374,10700400
2005-12-19,4.36298942565918,4.416452519439275,4.351533100447733,4.380174095571357,7903600
2005-12-20,4.326711654663086,4.364899899931343,4.307617532028957,4.35535265651923,10841600
2005-12-21,4.334349155426025,4.382084276678778,4.3171644826398285,4.362990155339663,10328000
2005-12-22,4.343896865844727,4.36871897340589,4.319074758283563,4.36871897340589,7178800
2005-12-23,4.361078262329102,4.393538141154269,4.353440472398535,4.353440472398535,7025600
2005-12-27,4.343896865844727,4.418363552718362,4.334349985442004,4.36871897340589,6365600
2005-12-28,4.3859028816223145,4.422181676343418,4.349624451091289,4.353442984069765,6000400
2005-12-29,4.422182083129883,4.4508230861485,4.383993836311652,4.393541080111266,3944800
2005-12-30,4.435548305511475,4.460370777692105,4.387813174291962,4.387813174291962,5990400
2006-01-03,4.4202728271484375,4.435548053703896,4.3095273435738335,4.429820071364429,11716800
2006-01-04,4.643672943115234,4.666585963563086,4.414544559587242,4.420272541556626,32834000
2006-01-05,4.620759963989258,4.712411310996464,4.584481169227626,4.668495086079271,23384800
2006-01-06,4.681863307952881,4.687591292514518,4.624580913004618,4.668497525055367,19462400
2006-01-09,4.760146141052246,4.773511916147049,4.6589475573215084,4.699045246795973,14356400
2006-01-10,4.77351188659668,4.77351188659668,4.744870888115111,4.760146111584618,13235200
2006-01-11,4.807881832122803,4.865163836254377,4.765874689182222,4.773512483967819,13517200
2006-01-12,4.76205587387085,4.825066220358829,4.737233406478267,4.792606322823198,10852400
2006-01-13,4.754418849945068,4.790697650525889,4.718140049364248,4.769694076896445,8222800
2006-01-17,4.700953006744385,4.737231422059529,4.676130549749891,4.720046756198703,6938800
2006-01-18,4.693316459655762,4.769692570287624,4.658947118823917,4.6742223409502905,8482400
2006-01-19,4.6990461349487305,4.721958792530457,4.670404766686382,4.706683566079264,6190000
2006-01-20,4.616940975189209,4.7353238716765835,4.605484648088189,4.72577699312408,8892400
2006-01-23,4.57493257522583,4.65894646726648,4.487100151330129,4.487100151330129,6768400
2006-01-24,4.62648868560791,4.6723143664417535,4.582572453665912,4.611213458663296,11809200
2006-01-25,4.693316459655762,4.706682233492585,4.628396674571173,4.649400241566193,7184400
2006-01-26,4.697135925292969,4.763965166763471,4.670404010190728,4.731505270288659,8938000
2006-01-27,4.75250768661499,4.769692356259794,4.685678820429651,4.687587904443512,17678400
2006-01-30,4.744870662689209,4.790696330920581,4.742961214322481,4.763964782166457,8977600
2006-01-31,4.874711513519287,4.893805273802163,4.788788135485816,4.817429140100262,14870000
2006-02-01,4.828885555267334,4.867073437824489,4.773512633902808,4.865163989068115,10491600
2006-02-02,4.910989761352539,4.924355902904909,4.821247853213056,4.855617203110341,12758800
2006-02-03,4.721958637237549,4.886167589330069,4.71432120635819,4.868982914613869,13008800
2006-02-06,4.804063320159912,4.817429097916942,4.721958840578009,4.721958840578009,6795600
2006-02-07,4.744729042053223,4.86148089581939,4.7141052040316085,4.794491911819435,8251600
2006-02-08,4.750471591949463,4.783009083609144,4.698794334891029,4.783009083609144,16759200
2006-02-09,4.6911396980285645,4.758128709391486,4.681569630656294,4.733246899284326,10562000
2006-02-10,4.677742004394531,4.721763219460019,4.647118518691518,4.679656017883563,11596800
2006-02-13,4.683481693267822,4.694965769330956,4.658600258585547,4.662428283939925,10433600
2006-02-14,4.710278511047363,4.716020185243839,4.666256940197256,4.683482692908022,10314000
2006-02-15,4.765783309936523,4.767697322973902,4.691138626782039,4.71027839209517,14999600
2006-02-16,4.7849225997924805,4.792578651181248,4.765782836381186,4.790664638334056,13662800
2006-02-17,4.679655075073242,4.7868372534397885,4.671999022659581,4.7868372534397885,7300000
2006-02-21,4.6911396980285645,4.763870384754106,4.683483644130749,4.689225684554111,12801600
2006-02-22,4.679655075073242,4.738988021036425,4.583956610266514,4.593526310722918,15431200
2006-02-23,4.656688690185547,4.737075439519213,4.650946649140005,4.681570137927994,8687600
2006-02-24,4.6203203201293945,4.658599840113426,4.557159367698135,4.658599840113426,10612800
2006-02-27,4.727504730224609,4.744730484635054,4.63180625686023,4.63180625686023,7454800
2006-02-28,4.687310218811035,4.750471183655897,4.666256442175872,4.69879393103902,8051600
2006-03-01,4.6911396980285645,4.71984917002389,4.650946145186515,4.689225684554111,6320400
2006-03-02,4.645200729370117,4.696877956386109,4.616491280492494,4.650942400109373,9292800
2006-03-03,4.633718490600586,4.700707474518958,4.605009030367167,4.626062804899951,7920800
2006-03-06,4.601182460784912,4.639461628483578,4.566730954313638,4.631805940968117,4013600
2006-03-07,4.637547492980957,4.637547492980957,4.576300534230509,4.603095987418663,9603600
2006-03-08,4.742817401885986,4.758129146025974,4.6126673941657055,4.6126673941657055,17578800
2006-03-09,4.7581257820129395,4.7753515276243546,4.704534532881812,4.742814048698405,12728000
2006-03-10,4.79640531539917,4.805975377647022,4.746642086891976,4.756212149139829,8408800
2006-03-13,4.79640531539917,4.8212871121830405,4.784921605762293,4.788749630661434,4646000
2006-03-14,4.840428829193115,4.846170503803338,4.777267487995104,4.78875156733694,5528000
2006-03-15,4.853825092315674,4.867222815778407,4.834685330914376,4.8519110796694855,9919600
2006-03-16,4.857654094696045,4.867224160571154,4.838514693067199,4.851912420231666,7345200
2006-03-17,4.886363506317139,4.909330932317463,4.861481702246024,4.871051767296705,14190000
2006-03-20,4.913158893585205,4.922728593449108,4.882535415947936,4.886363441917757,8426800
2006-03-21,4.962921619415283,4.976319343854424,4.880620894934147,4.916986407740823,12028800
2006-03-22,4.951436519622803,4.9763179487398785,4.878705514399643,4.947608495124634,10966000
2006-03-23,4.961008071899414,5.029911078403501,4.955266033003858,4.97249178462988,14936800
2006-03-24,4.840428829193115,4.949525027515688,4.817461035570139,4.94378298784477,14416800
2006-03-27,4.825117111206055,4.899762172684544,4.805977707552788,4.821289449511836,11692000
2006-03-28,4.767696380615234,4.823201652546357,4.763868355297104,4.823201652546357,12021200
2006-03-29,4.844256401062012,4.844256401062012,4.758127997953993,4.784923452468396,10693600
2006-03-30,4.802148818969727,4.865309788848066,4.7944927668338515,4.827030258290005,10286000
2006-03-31,4.750471591949463,4.8442560408366235,4.7447299178722995,4.804062862053838,15727200
2006-04-03,4.668169975280762,4.771524469892137,4.614579080350945,4.748556682736078,22429600
2006-04-04,4.685396671295166,4.74090195518784,4.65094516612877,4.662429244558012,26366400
2006-04-05,4.666258335113525,4.700709850833884,4.654774618226999,4.6796564307187145,10434000
2006-04-06,4.704536437988281,4.716020151359392,4.650945167155318,4.666256906670355,14713600
2006-04-07,4.683481693267822,4.731330915015776,4.647116547583003,4.7064494803335,9835600
2006-04-10,4.671998023986816,4.689223773174755,4.647116589082346,4.6777400620696605,13025600
2006-04-11,4.635632038116455,4.671997545461911,4.62797635318405,4.6700835329636705,10992400
2006-04-12,4.633718490600586,4.668169988904925,4.618406754138723,4.641374541361814,7163200
2006-04-13,4.637547492980957,4.6605152850427105,4.622235753293345,4.633719466793886,5399600
2006-04-17,4.591612339019775,4.647117624337263,4.583956651597759,4.6260638450705365,7752400
2006-04-18,4.673912525177002,4.687310250376647,4.595439821812828,4.595439821812828,5177600
2006-04-19,4.679655075073242,4.6911387886330616,4.633719490712622,4.662429322203177,5281200
2006-04-20,4.700709342956543,4.737074868405756,4.656688128763713,4.668171844409509,3664000
2006-04-21,4.6911396980285645,4.742816966656596,4.673913941819221,4.742816966656596,8830400
2006-04-24,4.645200729370117,4.698791603258895,4.61074924469279,4.673910178247741,5651600
2006-04-25,4.650944232940674,4.696879807319575,4.6260627981243125,4.645202559938756,4908400
2006-04-26,4.624149799346924,4.706450537652214,4.61840776002539,4.66051531826196,9854800
2006-04-27,4.645200729370117,4.668168142448037,4.572469736148992,4.62223295123175,14807600
2006-04-28,4.618407726287842,4.670084984622126,4.595440299290829,4.647117557625113,9525600
2006-05-01,4.574385166168213,4.679653664767277,4.566729481122416,4.637546119303426,8854000
2006-05-02,4.576298236846924,4.62223343284947,4.541846748579892,4.574384224714256,17078400
2006-05-03,4.4767746925354,4.582043237572055,4.465290977370561,4.582043237572055,23662800
2006-05-04,4.599268913269043,4.635634071505267,4.484430668425509,4.484430668425509,16604000
2006-05-05,4.664342880249023,4.685396292211256,4.6337190386427425,4.650944789832247,8891200
2006-05-08,4.704536437988281,4.7715254352643175,4.64137546685617,4.645203493000096,10785200
2006-05-09,4.712213039398193,4.744843450848541,4.704535489346861,4.712213039398193,6793600
2006-05-10,4.683421611785889,4.708374473322155,4.662308074451196,4.687260569884267,5823600
2006-05-11,4.598966598510742,4.664227425096232,4.581692018394078,4.656549874611405,8721600
2006-05-12,4.497237682342529,4.610484412357295,4.495318202804601,4.598967535129724,11488400
2006-05-15,4.5836100578308105,4.6219988995728665,4.472282856102599,4.497235713065874,10330000
2006-05-16,4.558659076690674,4.61624199227073,4.508753712339776,4.585531055147601,13600000
2006-05-17,4.5337066650390625,4.564417602754721,4.489559371732454,4.539464737046214,11281200
2006-05-18,4.577854633331299,4.610485057837856,4.516432743931506,4.5413852492114195,10509600
2006-05-19,4.591287136077881,4.635434039765394,4.552898301330354,4.606642596756279,10002400
2006-05-22,4.564419269561768,4.604727252744275,4.502997005597383,4.589371778279026,7308800
2006-05-23,4.504916191101074,4.577854964619229,4.504916191101074,4.560580011212475,11019600
2006-05-24,4.550980091094971,4.550980091094971,4.455008343587074,4.483800160721973,19855600
2006-05-25,4.554819107055664,4.566335980498037,4.514511148316862,4.558658064869788,6682800
2006-05-26,4.524110794067383,4.558660702176207,4.501077766063753,4.558660702176207,7071200
2006-05-30,4.460768222808838,4.520270622997414,4.449251711892435,4.501076560171169,7102800
2006-05-31,4.550980091094971,4.552899569977508,4.472283287426748,4.472283287426748,8181600
2006-06-01,4.600889205932617,4.625842085706704,4.527950779269398,4.558661734296381,8881600
2006-06-02,4.549061298370361,4.604724725467566,4.497236463205138,4.602805246449981,7123200
2006-06-05,4.458847522735596,4.537544330311144,4.456928043757755,4.524108343569443,5423200
2006-06-06,4.470365047454834,4.51067301354848,4.397426300090281,4.487639628564087,8212400
2006-06-07,4.408945083618164,4.497239344479149,4.408945083618164,4.466528392728395,7300400
2006-06-08,4.470365047454834,4.501075983365203,4.347520937710123,4.4147012473027685,10478000
2006-06-09,4.416620254516602,4.491478107034498,4.414700775464451,4.466525611562931,6555200
2006-06-12,4.316811561584473,4.45117222931803,4.314892081633609,4.433897275863619,10003200
2006-06-13,4.268826484680176,4.374395705724294,4.268826484680176,4.318731874720469,13449200
2006-06-14,4.318729400634766,4.3859097089763965,4.264985080740816,4.2707435184054905,13986000
2006-06-15,4.405105113983154,4.418541105416557,4.312971921390823,4.32064983998323,12259600
2006-06-16,4.374393463134766,4.414701430904771,4.362876587111979,4.405104400322365,8800800
2006-06-19,4.337925910949707,4.405106251568846,4.312973035183802,4.3935893707060885,6698000
2006-06-20,4.355199813842773,4.380152317476283,4.314891472769177,4.337924862825991,5628000
2006-06-21,4.40702486038208,4.414702780077045,4.3456029672358065,4.347522447159548,5042800
2006-06-22,4.397427558898926,4.414702511056545,4.355200101459935,4.39358859928538,6544000
2006-06-23,4.376311779022217,4.422378542513686,4.341762255558389,4.376311779022217,8153200
2006-06-26,4.374393463134766,4.407023513556247,4.357118515203835,4.36479606644911,6683600
2006-06-27,4.318729400634766,4.393587259759403,4.31489044219165,4.362876324420925,7652400
2006-06-28,4.324488639831543,4.35519958086221,4.264985871244243,4.328327232882905,6231600
2006-06-29,4.364796161651611,4.378232151201338,4.326407672381428,4.3628766822726135,9551200
2006-06-30,4.387831211090088,4.397428245519108,4.351361821273699,4.383992250877122,8382000
2006-07-03,4.341762065887451,4.403183926388604,4.316809206244378,4.391667052967263,3374400
2006-07-05,4.266905307769775,4.337924587001188,4.253469316967336,4.309133125838348,12408800
2006-07-06,4.485721588134766,4.495318620613097,4.389749798938161,4.472285230120451,26228800
2006-07-07,4.541383743286133,4.550980773033718,4.4223789635619175,4.433895472479663,18037200
2006-07-10,4.585530757904053,4.6546305450035295,4.541383834414154,4.541383834414154,9202400
2006-07-11,4.587451457977295,4.600887449910548,4.495318628060711,4.558659994391278,7759200
2006-07-12,4.61432409286499,4.721812401071354,4.606646173512863,4.646954151801495,9801600
2006-07-13,4.550980091094971,4.623918824218744,4.5125916117537095,4.59320789430447,15180800
2006-07-14,4.489559650421143,4.570175958454806,4.4550097518205325,4.5279485080003266,10242000
2006-07-17,4.597048282623291,4.606645313919312,4.460768168379475,4.468446086298913,9550400
2006-07-18,4.506834506988525,4.577853782217735,4.435815597862587,4.577853782217735,19768400
2006-07-19,4.696860313415527,4.721813189372448,4.53178904692314,4.535627641136707,12933200
2006-07-20,4.598966598510742,4.68918028790415,4.591289048025915,4.679582892169099,7206800
2006-07-21,4.5433030128479,4.6104833162912415,4.5433030128479,4.604724879046429,8219600
2006-07-24,4.742926120758057,4.756362480116287,4.622001815360846,4.625840775177483,13795200
2006-07-25,4.794749736785889,4.819702603020874,4.675744942152659,4.706455880516283,12882400
2006-07-26,4.696860313415527,4.7909126445609385,4.69302171920196,4.7889935305058575,8776000
2006-07-27,4.627760887145996,4.775557199238992,4.6162440061231065,4.727571293287178,9022000
2006-07-28,4.700697422027588,4.729488880856507,4.639275545565025,4.658469973485391,7690000
2006-07-31,4.677663326263428,4.748682217311133,4.658468902754824,4.716051807177459,6009600
2006-08-01,4.7333269119262695,4.739085349004701,4.606644225026301,4.679582597503814,14134000
2006-08-02,4.645033836364746,4.735247168793362,4.623919929712054,4.7333276894519125,15369600
2006-08-03,4.907997131347656,4.917594529715011,4.625840209207088,4.6450346398384825,16197200
2006-08-04,4.950225353240967,4.998211250657711,4.921433521908245,4.955983426624837,21058000
2006-08-07,4.952144622802734,4.969419575704645,4.8638507445070625,4.865770224396536,11697600
2006-08-08,4.915574550628662,5.000259201146717,4.91364984942154,4.986786659796082,9923200
2006-08-09,4.877080917358398,4.9810122055321235,4.877080917358398,4.954067124727675,7500000
2006-08-10,5.017580986022949,5.032978228093132,4.813567436818232,4.84051251866625,15194400
2006-08-11,5.142685890197754,5.142685890197754,5.009884756476967,5.017583197355285,18675600
2006-08-14,5.084946632385254,5.196576785690178,5.077247823902448,5.158083477474938,22730000
2006-08-15,5.171555042266846,5.206198570097472,5.125362937627415,5.138835848955172,27861200
2006-08-16,5.188877582550049,5.196576390447296,5.071473698911956,5.071473698911956,13594400
2006-08-17,5.190800666809082,5.2408418012477505,5.152307740617281,5.167704984513852,13888800
2006-08-18,5.158081531524658,5.196574825217826,5.123438007719914,5.196574825217826,8802800
2006-08-21,5.188877582550049,5.196576390447296,5.111891339074407,5.121514848945965,8323200
2006-08-22,5.175405502319336,5.188878050254513,5.140761597857794,5.188878050254513,6842000
2006-08-23,5.175405502319336,5.19080275240231,5.119590608430829,5.161932954384159,7304400
2006-08-24,5.042603969573975,5.188877650544773,5.034905161575843,5.177329805646946,10707200
2006-08-25,5.042603969573975,5.056076516471334,4.994487520883762,5.023357316678015,10150000
2006-08-28,5.123438835144043,5.16000706624906,5.044527533619122,5.044527533619122,9192800
2006-08-29,5.140758514404297,5.1619298582319795,5.00410804776898,5.040676632444293,14024000
2006-08-30,5.148460388183594,5.158083531789038,5.090720792352135,5.142686281760689,13118800
2006-08-31,5.148460388183594,5.175405483958356,4.599932759387145,5.148460388183594,13898400
2006-09-01,5.161931991577148,5.165781395154748,5.104192406310471,5.148459446154879,5944000
2006-09-05,5.192726135253906,5.196575538571496,5.1446096950819475,5.161931642911798,8729600
2006-09-06,5.196574687957764,5.198499389301509,5.1369104146986295,5.1927252852702726,10999600
2006-09-07,5.167707443237305,5.206200387743515,5.156159596595384,5.177330587589001,10103600
2006-09-08,5.185026168823242,5.186950869915248,5.1099642946318,5.119587800091829,10757600
2006-09-11,5.246616363525391,5.285109293078539,5.146534085908495,5.1484587874510455,14210000
2006-09-12,5.346698760986328,5.367869744230349,5.256239621955295,5.267787831469443,26151600
2006-09-13,5.379419326782227,5.412138527891613,5.312056222486505,5.3659464122435745,24318000
2006-09-14,5.387116432189941,5.423685028385602,5.304356098899428,5.350547835994281,14979200
2006-09-15,5.400588035583496,5.43523192414499,5.35439630653458,5.408286840641264,16999600
2006-09-18,5.323601722717285,5.385190693651231,5.315903284900154,5.364019714329702,10151200
2006-09-19,5.492971420288086,5.492971420288086,5.371717820046427,5.371717820046427,23996400
2006-09-20,5.439082145690918,5.48719858324965,5.437157444136655,5.477575075478332,19721200
2006-09-21,5.36979341506958,5.4506290306555405,5.313978548195514,5.404437302763451,26488800
2006-09-22,5.371717929840088,5.383265769637493,5.285108213611525,5.321676801252386,10777200
2006-09-25,5.446778774261475,5.485272058352739,5.390963916138222,5.4698748181360655,17229600
2006-09-26,5.539163112640381,5.5757313322168,5.452553398697918,5.462176537091882,24847200
2006-09-27,5.479501247406006,5.55456315976731,5.4564055567559,5.514145150480549,12360400
2006-09-28,5.51029634475708,5.525693595895753,5.448707340202388,5.504522605017217,14054400
2006-09-29,5.394816875457764,5.510296069683383,5.392892173274082,5.508371734599107,14659200
2006-10-02,5.450626850128174,5.467948787045455,5.354394030409529,5.394812005582878,15948400
2006-10-03,5.425609588623047,5.485273868261956,5.417910782424848,5.475650727613491,15438400
2006-10-04,5.450626850128174,5.458325651913221,5.392887305136616,5.4256064785249185,22316800
2006-10-05,5.544936656951904,5.639244804926119,5.467950451166748,5.6296216668651695,33940000
2006-10-06,5.594980239868164,5.631548841339668,5.444857164426085,5.502596752350062,21764000
2006-10-09,5.598828315734863,5.598828315734863,5.5295405329797696,5.58150637004609,9375600
2006-10-10,5.6065263748168945,5.621923618042546,5.54301270062368,5.54301270062368,11923200
2006-10-11,5.566107749938965,5.621922608951405,5.564183048993822,5.6065253684894385,16542800
2006-10-12,5.581506729125977,5.604602780563287,5.550712238609087,5.600753377473854,16685600
2006-10-13,5.589205741882324,5.593054778014734,5.552637145379708,5.581506935418911,10341200
2006-10-16,5.581506729125977,5.6161506227323,5.568034185412248,5.614225921187583,9168800
2006-10-17,5.575732231140137,5.593054176721285,5.5353146028502955,5.581506335366939,9376400
2006-10-18,5.641172409057617,5.658494360161019,5.577658710711603,5.581508114756664,12515200
2006-10-19,5.6065263748168945,5.6873619935263715,5.591129131591244,5.610375777398117,11366800
2006-10-20,5.629624366760254,5.670042006519044,5.598829869677549,5.6681176716633175,12106400
2006-10-23,5.6642680168151855,5.710459760392861,5.569959827790014,5.581507671909597,12995200
2006-10-24,5.689288139343262,5.723932037171968,5.598829358312226,5.610377201888686,20097600
2006-10-25,5.598828315734863,5.698910587025719,5.552636582931221,5.6892870799212565,14717600
2006-10-26,5.631546497344971,5.6392449345508515,5.54686148548512,5.60075201432306,8402400
2006-10-27,5.546862602233887,5.627698228215821,5.543013199306349,5.6084515806774045,6808400
2006-10-30,5.571883201599121,5.621923969889854,5.512218559153789,5.548787151765564,7297200
2006-10-31,5.571883201599121,5.6276980741230584,5.548787151765564,5.552636554587699,10451200
2006-11-01,5.431382656097412,5.58535545717207,5.423684217948261,5.581506054547875,7747600
2006-11-02,5.450626850128174,5.504517361326281,5.350544629517006,5.43138021276463,16802800
2006-11-03,5.481423854827881,5.527615585575958,5.40443763691442,5.479499153492639,16247200
2006-11-06,5.621922969818115,5.629621774092864,5.466025854246395,5.481423095696698,16429200
2006-11-07,5.679803848266602,5.7087429921222945,5.596844699360751,5.621925192574037,11487600
2006-11-08,5.652791976928711,5.7106706153704705,5.627711491190698,5.6798021553939595,9666400
2006-11-09,5.546683311462402,5.664369579476973,5.54089533553374,5.645076694362607,15712800
2006-11-10,5.523532390594482,5.575623075807518,5.502310545789378,5.560188839594161,12506800
2006-11-13,5.483016490936279,5.575621888496393,5.452148025082908,5.544753422643022,10255600
2006-11-14,5.502308368682861,5.5640452891087495,5.4212785686286145,5.4791568395326165,20497600
2006-11-15,5.74732780456543,5.756974061582339,5.546682420379882,5.556328677396791,20901600
2006-11-16,5.7492570877075195,5.753115737925611,5.6875201561426225,5.741540155252476,9847200
2006-11-17,5.641216278076172,5.7415389548855265,5.641216278076172,5.739609630179839,14198400
2006-11-20,5.5640482902526855,5.650866111417676,5.5640482902526855,5.6431488082113335,11864400
2006-11-21,5.488803863525391,5.594914157246242,5.479157239017341,5.579479926014462,16596400
2006-11-22,5.452149391174316,5.538966835146988,5.432856503186645,5.508098361559207,13590400
2006-11-24,5.440572261810303,5.459864776342486,5.398127846684795,5.401986496783683,4559600
2006-11-27,5.266936302185059,5.452147445601253,5.266936302185059,5.415491008303478,19660400
2006-11-28,5.286231517791748,5.35568577324282,5.259221693108003,5.266938628168532,23376400
2006-11-29,5.311310291290283,5.382693476385489,5.295876059271229,5.295876059271229,16242800
2006-11-30,5.29008674621582,5.334460106049324,5.170471202337434,5.332530781537299,25000400
2006-12-01,5.197484016418457,5.361473003391691,5.145393332089098,5.301665017095963,20940400
2006-12-04,5.382691860198975,5.421277612651558,5.214844683386554,5.224490937509196,15577200
2006-12-05,5.347967147827148,5.386552917532607,5.280442602814354,5.374977333813439,11859200
2006-12-06,5.430923938751221,5.438641236536419,5.344106546553812,5.401984808018751,14956800
2006-12-07,5.365330696105957,5.4598654269061075,5.351825787131817,5.440572910075148,12051200
2006-12-08,5.400056838989258,5.421279045244325,5.363400401270806,5.3653297262013675,8138400
2006-12-11,5.434784412384033,5.461794227738805,5.390411039163727,5.409703922123336,9904400
2006-12-12,5.338320255279541,5.452147857610354,5.3151687226100846,5.448289207501924,13649200
2006-12-13,5.423208713531494,5.436713620919345,5.3344616010124115,5.380764298334101,13395200
2006-12-14,5.629643440246582,5.648936328720725,5.456008179941781,5.461795788897155,20284000
2006-12-15,5.604560852050781,5.683661339296963,5.600702569926941,5.675944407068156,17430800
2006-12-18,5.558258056640625,5.633500260435069,5.535106892381659,5.61420737823185,11030400
2006-12-19,5.562117099761963,5.591056241121411,5.486875258631168,5.546682866504848,8996000
2006-12-20,5.5640482902526855,5.6431488082113335,5.486877098095622,5.486877098095622,15517200
2006-12-21,5.537037372589111,5.656652604838314,5.531249396326267,5.623854808644591,11682800
2006-12-22,5.548612117767334,5.670156657050835,5.5293192344575814,5.565975675947997,4232000
2006-12-26,5.511959075927734,5.550544866346077,5.44443412668632,5.550544866346077,6148400
2006-12-27,5.581408500671387,5.591054755901702,5.4907320823898065,5.537035137842258,5294800
2006-12-28,5.5524725914001465,5.648936671645576,5.538967311061525,5.583341067640183,4733600
2006-12-29,5.502308368682861,5.587196450277922,5.4791568395326165,5.552469708524163,4956400
2007-01-03,5.531246662139893,5.687518264177086,5.484943978868911,5.575620020943624,19909200
2007-01-04,5.733821868896484,5.7511854239111235,5.36532929999661,5.5370355253657,18923200
2007-01-05,5.610347747802734,5.739609557600716,5.573691314820336,5.701023799937027,13210800
2007-01-08,5.5736918449401855,5.643146068148268,5.550540682524886,5.600702025066158,11903600
2007-01-09,5.647005081176758,5.6913784519784105,5.577550853500353,5.579480178489265,8499600
2007-01-10,5.689449787139893,5.71260132171202,5.589127083962605,5.6277128522557645,6930800
2007-01-11,5.776266098022461,5.783983028910101,5.691377650372044,5.691377650372044,10288800
2007-01-12,5.776266098022461,5.8187101378571375,5.710670529562739,5.728034084036257,16229200
2007-01-16,5.7589030265808105,5.787842163803609,5.65472169100142,5.776266582510709,10838400
2007-01-17,5.716460227966309,5.8071366829559725,5.56597652475997,5.7357531142182285,21247200
2007-01-18,5.691377639770508,5.708741194211682,5.594913611977787,5.701023895357355,20787200
2007-01-19,5.793630599975586,5.801347532125239,5.631570977040527,5.755044835283953,17822400
2007-01-22,5.778198719024658,5.795562283403557,5.695239548765757,5.782057002678979,19294800
2007-01-23,5.756974220275879,5.80327691759941,5.716459130129585,5.77819642787542,11744800
2007-01-24,5.795559406280518,5.834144799537467,5.753114995322456,5.762761619622512,9185600
2007-01-25,5.74732780456543,5.7955598256122105,5.731893204568586,5.789771850613395,12919600
2007-01-26,5.691377639770508,5.764690138981307,5.654721206174576,5.751185233967297,13828400
2007-01-29,5.670156955718994,5.718388982543364,5.662440022777299,5.691379165275689,12870800
2007-01-30,5.685591220855713,5.737681898428023,5.64893514521401,5.685591220855713,11395600
2007-01-31,5.70488166809082,5.729962517532041,5.639286109833637,5.685588791900883,11059200
2007-02-01,5.496520042419434,5.677872510543019,5.473368882732792,5.594913391040282,42582800
2007-02-02,5.535107135772705,5.5505413686177345,5.467582229082776,5.496521369669564,23571600
2007-02-05,5.423208713531494,5.55054122316142,5.363400740840826,5.55054122316142,18046800
2007-02-06,5.483165740966797,5.487034023976948,5.413538122383164,5.430945027029073,8201600
2007-02-07,5.450285911560059,5.492835916710649,5.401933482066304,5.487033861267246,7790800
2007-02-08,5.531520366668701,5.537322424586272,5.434815466443374,5.440617524360945,10220400
2007-02-09,5.432881832122803,5.552795713029704,5.4135407764894445,5.5179822555696045,14179600
2007-02-12,5.425142765045166,5.448352094901628,5.401933804088489,5.427076906608186,8320400
2007-02-13,5.434812068939209,5.463823447090727,5.4019324086609055,5.434812068939209,10919600
2007-02-14,5.535385608673096,5.552792141758179,5.436746620392475,5.465758000733901,15445200
2007-02-15,5.554726600646973,5.568265589887012,5.4850993576254545,5.525715218646362,7800000
2007-02-16,5.506373882293701,5.554726306030069,5.485099066701507,5.5411876864078415,8332400
2007-02-20,5.535385608673096,5.564396989014521,5.444482816330321,5.512176283060125,11123200
2007-02-21,5.450285911560059,5.512176962288104,5.382592436488849,5.487033861267246,24628800
2007-02-22,5.539254188537598,5.572133855253069,5.461890375354065,5.461890375354065,21589200
2007-02-23,5.506373882293701,5.562462870899752,5.461889740992175,5.5411876864078415,11126000
2007-02-26,5.463824272155762,5.541188081875364,5.415471844968543,5.516044982053897,12939600
2007-02-27,5.326504230499268,5.465759105628085,5.266546947587044,5.450286341724883,23496400
2007-02-28,5.318767070770264,5.384526402248131,5.2646122187003295,5.328437408793583,18470000
2007-03-01,5.322634696960449,5.386459879180482,5.187247767936281,5.241402613325889,15051200
2007-03-02,5.280084133148193,5.3825913966764505,5.2781503609738,5.322634498978639,9614800
2007-03-05,5.1969194412231445,5.314899121898408,5.193051158210901,5.282019454093879,17488400
2007-03-06,5.164037704467773,5.2549401054371945,5.119553205449047,5.218192169343333,21907200
2007-03-07,5.212392807006836,5.235601769964076,5.146633463794964,5.164040370462802,14565200
2007-03-08,5.280084133148193,5.326502781126805,5.2336658540692715,5.235599995143355,12820800
2007-03-09,5.231730937957764,5.328435763937756,5.183378524967767,5.312963006536942,11332000
2007-03-12,5.189182758331299,5.254942092459369,5.169841712605438,5.198853096744347,12042400
2007-03-13,5.042192459106445,5.1737111568848775,5.022851409039056,5.148568050027164,19717600
2007-03-14,5.0286545753479,5.084743591914118,4.978367985326433,5.077007023187784,20146000
2007-03-15,5.055728435516357,5.069267052802647,5.009310161006374,5.0131784427737855,16565200
2007-03-16,5.0479936599731445,5.106016427197071,5.030586756026015,5.055729856783115,12818800
2007-03-19,5.0731377601623535,5.121490198674537,5.057664994594448,5.0673357036367825,31576000
2007-03-20,5.117621421813965,5.165973855665872,5.088610035282779,5.164040082943615,20225600
2007-03-21,5.1601715087890625,5.185314610658674,5.084741834280454,5.123423557841377,20606000
2007-03-22,5.19498348236084,5.3129631217633975,5.009310020624595,5.3129631217633975,12342400
2007-03-23,5.222060680389404,5.229797243654401,5.1833786018637005,5.212390345207798,11170400
2007-03-26,5.243337154388428,5.249139209369332,5.173709543419725,5.220127827765617,10138800
2007-03-27,5.177577495574951,5.22206163578833,5.1543681704333535,5.2027205929869496,13186400
2007-03-28,5.125356674194336,5.167906672270548,5.084740817244275,5.167906672270548,14763600
2007-03-29,5.193051338195801,5.260744817657156,5.152435102959073,5.216260299274115,17592400
2007-03-30,5.214326858520508,5.243338617117336,5.150501653627187,5.187249610656624,11937200
2007-04-02,5.237534999847412,5.299426048824674,5.204655333965773,5.2336667170613955,13252400
2007-04-03,5.340041637420654,5.35938231122292,5.262677466612765,5.272348172413604,19622400
2007-04-04,5.3497114181518555,5.370986599802173,5.318765900605759,5.328436236501538,10753600
2007-04-05,5.394197940826416,5.403868649901837,5.340043445603383,5.351647927594057,7246000
2007-04-09,5.429011344909668,5.43868205325335,5.36325200377184,5.399999957678227,14827600
2007-04-10,5.401936054229736,5.434815736697334,5.361319802287441,5.417408824279198,12626800
2007-04-11,5.380658149719238,5.417406098433929,5.349712625190999,5.38646057390569,12102400
2007-04-12,5.3922624588012695,5.454153874801782,5.322635215262771,5.361316935250883,10610800
2007-04-13,5.400001049041748,5.4734966028084875,5.384528281464546,5.4734966028084875,12045200
2007-04-16,5.483165740966797,5.490901938087327,5.4154722638882395,5.4154722638882395,12968400
2007-04-17,5.475429058074951,5.496704245276898,5.463824578191964,5.4812314824663275,14450400
2007-04-18,5.490901470184326,5.512176656027437,5.436746988256031,5.4483514673978455,9544800
2007-04-19,5.535385608673096,5.585671804518386,5.473494196671747,5.475428337881137,16448000
2007-04-20,5.612749099731445,5.612749099731445,5.562462537789091,5.606946676426664,10962800
2007-04-23,5.527651309967041,5.771347668760953,5.517980968855324,5.771347668760953,11744800
2007-04-24,5.483165740966797,5.514111267248462,5.427076744018921,5.50637470122816,15270000
2007-04-25,5.477363109588623,5.502506579305243,5.463824488464177,5.48316553388471,10802000
2007-04-26,5.44835090637207,5.488966763636009,5.436746428425188,5.4754281445480295,13250800
2007-04-27,5.487034797668457,5.5334530936361,5.454155125245565,5.531518951858304,11817600
2007-04-30,5.394197940826416,5.506375583802482,5.386461742465911,5.483166619821134,15554400
2007-05-01,5.446418762207031,5.4541553296081,5.3381094008909376,5.3381094008909376,15272800
2007-05-02,5.488966941833496,5.506373843768779,5.440614518435422,5.450285224454865,11242400
2007-05-03,5.432881832122803,5.500575342389578,5.421277346302769,5.488970487669591,13682400
2007-05-04,5.4232096672058105,5.4618913965801354,5.405802759872425,5.454155198265202,9830000
2007-05-07,5.459955215454102,5.475427975204639,5.396130035370673,5.409668654039932,7473600
2007-05-08,5.368762016296387,5.475477412204623,5.357120424216107,5.452194228044063,14740800
2007-05-09,5.459957599639893,5.475479852691901,5.3629434255449135,5.370704737110771,18604400
2007-05-10,5.543388843536377,5.636522344962962,5.432792764332353,5.4618969372682065,17698400
2007-05-11,5.467717170715332,5.553089720365335,5.42891136539817,5.533686817706755,14463200
2007-05-14,5.504583835601807,5.558911530663922,5.481300273375425,5.531747683132864,11384800
2007-05-15,5.384286880493164,5.475480074609755,5.357123029071142,5.419212043795604,19748000
2007-05-16,5.359061241149902,5.392046063459006,5.310554171288254,5.384284754642946,16399200
2007-05-17,5.341599464416504,5.374584291653468,5.306674309685644,5.335778481934818,12399600
2007-05-18,5.49682092666626,5.498761253794292,5.355180377035912,5.380403889541218,13306000
2007-05-21,5.487119674682617,5.5007015945328925,5.43473195233479,5.471597427699508,13226000
2007-05-22,5.426970958709717,5.500701913717478,5.421150347053028,5.483239338588249,11032400
2007-05-23,5.461896896362305,5.496822051655617,5.421151128573197,5.432792723644423,12226400
2007-05-24,5.372643947601318,5.461896791567661,5.345479732850131,5.44443421425605,14910800
2007-05-25,5.335777759552002,5.390105811786998,5.28727068901062,5.374583564016938,14831600
2007-05-29,5.326076507568359,5.384284844340206,5.30861393252089,5.322195853095682,11078800
2007-05-30,5.380405426025391,5.386226409071789,5.316376092833673,5.320256748197938,11424400
2007-05-31,5.426970958709717,5.430851613200563,5.339658453143155,5.413389038071334,12371600
2007-06-01,5.456076622009277,5.510404315761738,5.421151464551462,5.432793060344181,13484800
2007-06-04,5.562790870666504,5.576372791220442,5.454135136155426,5.471597711176082,13742400
2007-06-05,5.51816463470459,5.564731379586873,5.491000422630232,5.549209131292779,11238400
2007-06-06,5.5317463874816895,5.558910228650404,5.4347322460739,5.51040315794651,17881200
2007-06-07,5.382345199584961,5.537568067458102,5.355181354991003,5.481299680708186,21380400
2007-06-08,5.475478172302246,5.502642384366514,5.368762761579937,5.382344682572275,22387200
2007-06-11,5.428912162780762,5.48129989662961,5.395927334440335,5.47547891395319,11315600
2007-06-12,5.380405426025391,5.432793163203977,5.343540310303865,5.403688988131317,15796000
2007-06-13,5.522045135498047,5.523985462870754,5.368762973850277,5.411449065811007,18948000
2007-06-14,5.564731121063232,5.5802533686362015,5.500701803564788,5.523984989884455,14151600
2007-06-15,5.562790870666504,5.6268201890490515,5.553089604579286,5.599656347941177,14350000
2007-06-18,5.50264310836792,5.626821111013069,5.494881798162778,5.626821111013069,11912000
2007-06-19,5.467717170715332,5.473537782457195,5.419210099108673,5.450254595330567,11712400
2007-06-20,5.351302623748779,5.485182307523428,5.343541681108961,5.471600380343926,15766800
2007-06-21,5.35518217086792,5.376525036266406,5.287272178957121,5.351301515311946,11644800
2007-06-22,5.30473518371582,5.349361615944428,5.296973871982299,5.322197765036529,12572800
2007-06-25,5.219361782073975,5.458016529053764,5.186376952566874,5.458016529053764,19028400
2007-06-26,5.1980180740356445,5.262047395022351,5.186376110161993,5.252345758460975,11048400
2007-06-27,5.281451225280762,5.298913805301018,5.110706450735649,5.114587106313414,11528800
2007-06-28,5.328015327453613,5.339657288386656,5.23876251411063,5.285329247604295,15186800
2007-06-29,5.335777759552002,5.421150307327116,5.304733264011884,5.335777759552002,18494000
2007-07-02,5.339657783508301,5.397866113252896,5.324135537571107,5.364881294376416,8102800
2007-07-03,5.351302623748779,5.384287462647468,5.337720696569277,5.361003894568492,4477200
2007-07-05,5.436671733856201,5.444432671529106,5.357120179791427,5.390104997580201,10740400
2007-07-06,5.467717170715332,5.491000357841959,5.395926541902458,5.419210099108673,10080800
2007-07-09,5.669506072998047,5.714132857592951,5.438612691768484,5.461895877567979,33716800
2007-07-10,5.44443416595459,5.698611513422102,5.4366732261514095,5.504583207307459,26574000
2007-07-11,5.43085241317749,5.471598551174217,5.36682308496518,5.436673395771204,20765600
2007-07-12,5.553089141845703,5.595775227183884,5.430851126887084,5.556969425909502,28245600
2007-07-13,5.74323844909668,5.750999389594556,5.514284968174635,5.5492101256142226,23873600
2007-07-16,5.702491760253906,5.725775319667419,5.657865338964262,5.719954337294135,10564400
2007-07-17,5.74711799621582,5.857714060062745,5.698610924698427,5.710252518240317,23892800
2007-07-18,5.719954013824463,5.7859236633392035,5.642342770301122,5.7141334018599625,17835200
2007-07-19,5.7374162673950195,5.762640151422101,5.696670505615307,5.725774674040756,8122000
2007-07-20,5.7160749435424805,5.815029445243361,5.686970765413917,5.737418180207289,16994800
2007-07-23,5.685028553009033,5.795624985363707,5.673386959632597,5.7568191806694795,13730800
2007-07-24,5.576373100280762,5.716073338109065,5.556970196951375,5.655924670859607,18358800
2007-07-25,5.51816463470459,5.6656261785382815,5.494881077223653,5.603536815282313,17467200
2007-07-26,5.353241443634033,5.523986204479462,5.298913380143388,5.485180762054419,30450800
2007-07-27,5.29891300201416,5.403688466252298,5.267868502257593,5.362942329022035,18498800
2007-07-30,5.485180854797363,5.492941795381731,5.289212201486565,5.324137359315373,20710400
2007-07-31,5.384286880493164,5.6733890866037715,5.380406224552956,5.572494252636659,23396800
2007-08-01,5.436671733856201,5.450253652343427,5.312493400374011,5.357120179791427,31169200
2007-08-02,5.458016395568848,5.491001224269249,5.397867720907992,5.467718033468757,20025200
2007-08-03,5.296971321105957,5.609356936429276,5.2717478102783915,5.609356936429276,21138400
2007-08-06,5.487119674682617,5.487119674682617,5.229062087288707,5.405627785501405,22104800
2007-08-07,5.559140205383301,5.603909474626773,5.415100900182925,5.467655887167986,22851200
2007-08-08,5.5552473068237305,5.605855398244295,5.455976903632051,5.596123158646758,17974000
2007-08-09,5.255489826202393,5.5494080054783845,5.245757586139815,5.446244553013727,23502800
2007-08-10,5.3567047119140625,5.417045394046426,5.117288133645412,5.259380863389146,17970800
2007-08-13,5.383957386016846,5.508531842269649,5.352813771953645,5.4501376587164385,14375600
2007-08-14,5.368385314941406,5.500745853830443,5.263275715463207,5.364492270559694,23644800
2007-08-15,5.543567180633545,5.5727642654564855,5.368384300434827,5.389795669226818,24464400
2007-08-16,5.70123291015625,5.792717221159701,5.274954223650301,5.274954223650301,28730800
2007-08-17,5.839432239532471,5.8842011309328885,5.7245900424541105,5.792716826167544,32674000
2007-08-20,5.771305561065674,5.866682911499358,5.7382154295877745,5.819967497282519,24497600
2007-08-21,5.769359111785889,5.806342287729959,5.714857980143169,5.763519916973377,11544000
2007-08-22,5.810235500335693,5.858897438577599,5.728483429238848,5.8238607836416465,14493200
2007-08-23,5.818021297454834,5.8491649086573005,5.757680597157696,5.835539625163863,11226000
2007-08-24,5.985419273376465,5.987365795740287,5.771306639751413,5.810236344505488,15995600
2007-08-27,5.983471870422363,6.067170463442839,5.93675645434931,5.952328259706995,19002400
2007-08-28,5.73043155670166,5.979580512692235,5.716806269578579,5.964008702942824,18338000
2007-08-29,5.884200572967529,5.905611941285716,5.7245894996237645,5.761572670920341,16352800
2007-08-30,5.814129829406738,5.907560682376524,5.771307076683014,5.792718453044876,12084800
2007-08-31,5.934808731079102,5.9717919005412075,5.833591831109679,5.864735435521648,12947600
2007-09-04,5.897828578948975,6.012670818194347,5.882256768776444,5.936758290010919,13955600
2007-09-05,5.74015998840332,5.954272508781326,5.687605026160713,5.954272508781326,15754800
2007-09-06,5.913398265838623,5.956221006882945,5.673981631178681,5.855004091474137,20852800
2007-09-07,5.74015998840332,5.925075431289094,5.685658504826433,5.8043937073906235,13721600
2007-09-10,5.689555644989014,5.771307743599933,5.640893690369687,5.7401641223444635,11270400
2007-09-11,5.849166393280029,5.85695248368746,5.7168061977047335,5.724591916850939,13070000
2007-09-12,5.839432239532471,5.934809588226836,5.794663348132054,5.8374857175679615,14480800
2007-09-13,5.975685119628906,6.034079286803222,5.868628651461244,5.886146975865752,13590400
2007-09-14,6.002935886383057,6.018507689578482,5.839431767200555,5.950380911375594,9232400
2007-09-17,5.936756134033203,6.02240124451007,5.932863090088549,5.95622098249537,8910400
2007-09-18,6.07495641708374,6.131404445741949,5.942596252019144,5.954275013676962,20992400
2007-09-19,6.203425407409668,6.318267265221567,6.113887228402627,6.131405559702674,22743600
2007-09-20,5.92313289642334,6.19174670990342,5.921186373778984,6.172281854721099,20558000
2007-09-21,5.856950283050537,5.936755823435172,5.8219136319039,5.928969735953215,25851600
2007-09-24,5.895880222320557,6.012668569302074,5.742108329527872,5.742108329527872,18039200
2007-09-25,5.946485996246338,5.946485996246338,5.734320012444699,5.818018567500881,18163200
2007-09-26,5.747950077056885,5.987366799006861,5.718752607968296,5.987366799006861,19613200
2007-09-27,5.664249420166016,5.775198574756365,5.656463332206851,5.718750550835741,20486800
2007-09-28,5.658410549163818,5.722644297671702,5.636999175907472,5.673982355733573,18509200
2007-10-01,5.683714866638184,5.707072390450299,5.559140045016029,5.6253203145856014,14384000
2007-10-02,5.664249420166016,5.687606941521295,5.600015679547335,5.673981658853864,11157200
2007-10-03,5.70123291015625,5.7674128051567255,5.623373511311213,5.638945316827995,13159600
2007-10-04,5.578604698181152,5.736269277744589,5.512424430954794,5.724590516252036,17190800
2007-10-05,5.6525702476501465,5.7012321800661665,5.6214262693437,5.638944594714353,12598800
2007-10-08,5.769359111785889,5.786877438745653,5.566925647628003,5.660356477239335,25815200
2007-10-09,5.773252964019775,5.897827420940451,5.712912257856469,5.870576851304345,21995200
2007-10-10,5.775199890136719,5.808290028977685,5.701233893983427,5.720698375792424,14163200
2007-10-11,6.000988960266113,6.2267802770178795,5.841377895451353,5.8433244171272705,35803600
2007-10-12,5.952328205108643,6.05354512463573,5.888094462189745,5.993204425835826,14512400
2007-10-15,5.831645965576172,5.96595300675255,5.788823597506803,5.954274246599284,14294800
2007-10-16,5.802448272705078,5.899772130079418,5.771304668046173,5.814127402897957,15643600
2007-10-17,5.736267566680908,5.893932470475823,5.673980362285348,5.858895825188065,16898400
2007-10-18,5.625319480895996,5.7031785008326805,5.576657547027932,5.69149974065745,14085200
2007-10-19,5.5182647705078125,5.685661612892527,5.5026929625822305,5.603909899729109,18211200
2007-10-22,5.662302017211914,5.691499099993965,5.452082501415676,5.500744429806112,20646400
2007-10-23,5.707071304321289,5.712910869793547,5.578603834020224,5.666195459798712,17105600
2007-10-24,5.662302017211914,5.736267985010513,5.55135287988349,5.7070709022284625,16075200
2007-10-25,5.561086654663086,5.716805091324289,5.459869726522476,5.6759288671185555,17365200
2007-10-26,5.592230796813965,5.656464551276169,5.496853426325308,5.629213980068321,14170000
2007-10-29,5.52994441986084,5.644786660939474,5.516319132150027,5.605856949256083,10814400
2007-10-30,5.543567180633545,5.58055035274851,5.450136360695705,5.498798292487631,13679600
2007-10-31,5.631160736083984,5.73627035171839,5.5649804564670164,5.603910163745658,26838000
2007-11-01,5.418994426727295,5.642839307811995,5.397583051326268,5.635053589377834,25588000
2007-11-02,5.405367851257324,5.465708546953763,5.274953850067535,5.426778850288324,23107600
2007-11-05,5.3391900062561035,5.4034237749441845,5.274956237568023,5.3314039148945085,19456800
2007-11-06,5.364574909210205,5.384103833518665,5.198579983796421,5.3528577036184295,18606800
2007-11-07,5.329424858093262,5.429021693607416,5.280602719220953,5.284508207243385,26317200
2007-11-08,5.5696282386779785,5.688753973154508,5.386056940121617,5.477842403158166,33898000
2007-11-09,5.557911396026611,5.682896308763046,5.505183775909394,5.542288328494971,26931600
2007-11-12,5.725858688354492,5.800068526011335,5.491512714793208,5.491512714793208,25574800
2007-11-13,5.940675258636475,6.053942556076645,5.753198134176388,5.817643686712039,35461600
2007-11-14,5.712186813354492,5.964109077248184,5.694610824130135,5.964109077248184,35028000
2007-11-15,5.718045711517334,5.800066871994455,5.6692236010543615,5.678987874153699,17334800
2007-11-16,5.729763984680176,5.809832231006311,5.628213886540565,5.761010111418023,20322800
2007-11-19,5.503230094909668,5.704377015369626,5.499324235438943,5.704377015369626,21942000
2007-11-20,5.577439785003662,5.6770369705819945,5.473937112282019,5.5169004507246555,25782800
2007-11-21,5.524713039398193,5.608686799685068,5.423162908025692,5.49541946007215,15327200
2007-11-23,5.5696282386779785,5.595015580374636,5.512994393571434,5.557910660218048,10407200
2007-11-26,5.329424858093262,5.581346900983029,5.3216131370816795,5.581346900983029,29150400
2007-11-27,5.343094348907471,5.4407386148013455,5.300130633524845,5.33528262884397,17436000
2007-11-28,5.583299160003662,5.632121293006504,5.364575840258272,5.374340490348829,22020400
2007-11-29,5.483701705932617,5.5715816901956785,5.458314361858453,5.5715816901956785,15912400
2007-11-30,5.729763984680176,5.7649159703810575,5.6008736187657515,5.612590823171641,19278400
2007-12-03,5.591110706329346,5.762964829198576,5.591110706329346,5.762964829198576,14305200
2007-12-04,5.66336727142334,5.702425125736823,5.475890464678553,5.536429803629478,19758800
2007-12-05,5.66336727142334,5.7668703246157555,5.622356859629156,5.694613405880804,14658800
2007-12-06,5.860607147216797,5.946534180039527,5.608684837060339,5.712187862335064,24846000
2007-12-07,6.022696495056152,6.040272487302057,5.852795360840132,5.852795360840132,18228400
2007-12-10,6.032460689544678,6.05198961094562,5.948486588258862,6.026602273862632,12277600
2007-12-11,5.8313164710998535,6.081285587380247,5.800070331564805,6.028557959716954,23067200
2007-12-12,5.8996663093566895,6.042227219267857,5.807880834399709,5.9738761593077045,16156400
2007-12-13,5.802021026611328,5.928958846762588,5.678989438252052,5.885995139332963,19442000
2007-12-14,5.643836975097656,5.782491989038476,5.637978559110172,5.737575355729549,12324400
2007-12-17,5.645791053771973,5.755152520102717,5.593063064252702,5.614544920534617,11889600
2007-12-18,5.745388031005859,5.823503361214936,5.6164976430400655,5.698518832880414,20431200
2007-12-19,5.573535442352295,5.800070132446056,5.546194791835219,5.800070132446056,15093600
2007-12-20,5.6418867111206055,5.663368573179073,5.507137864981282,5.593064568248372,12577600
2007-12-21,5.733672142028809,5.772729629865999,5.667274002973886,5.700473072501347,17334000
2007-12-24,5.784446716308594,5.825457130899693,5.684849516251643,5.684849516251643,3187200
2007-12-26,5.675084590911865,5.75710578860497,5.5774403256811835,5.733671373540261,7590400
2007-12-27,5.606733798980713,5.702425511270001,5.606733798980713,5.649697516126923,10556400
2007-12-28,5.573535442352295,5.6828969269705425,5.567676651709346,5.639933207222288,8527600
2007-12-31,5.610638618469238,5.704377010791854,5.5305703617999304,5.544240497453238,10902400
2008-01-02,5.475891590118408,5.637981085611401,5.395822935071222,5.604782014366649,16606800
2008-01-03,5.446597576141357,5.565723711619822,5.430974506937899,5.503231434805989,14970800
2008-01-04,5.323564052581787,5.454407350140036,5.288412066299987,5.405585229744917,23145200
2008-01-07,5.368481636047363,5.442691485914235,5.261073093719846,5.323565363618279,19705200
2008-01-08,5.192722797393799,5.4192574953277495,5.181005588185729,5.384105495220177,21358000
2008-01-09,5.198579788208008,5.222014198509877,4.9779035850465325,5.200532345330467,24629200
2008-01-10,5.555959701538086,5.6360279816354915,5.169288068220898,5.169288068220898,44342400
2008-01-11,5.520805835723877,5.630167288483525,5.4309729344517335,5.495418122816932,27531200
2008-01-14,5.593062877655029,5.598921667122805,5.45440821260052,5.587204460670532,17812000
2008-01-15,5.534476280212402,5.595015612671791,5.483701224042726,5.534476280212402,21245200
2008-01-16,5.5891571044921875,5.663366571536934,5.487606993813474,5.49737126994351,25690000
2008-01-17,5.671176910400391,5.76100942088326,5.608684291932067,5.612590150426931,38951600
2008-01-18,5.6399312019348145,5.798115140701687,5.520805481083697,5.729764097436359,26985600
2008-01-22,5.802021026611328,5.819597021017403,5.34114043019439,5.358716424600464,36284800
2008-01-23,6.200411319732666,6.229704527061506,5.749294883915168,5.790305299678876,54874400
2008-01-24,6.06175422668457,6.239466702800293,6.046130791657683,6.239466702800293,47484400
2008-01-25,5.901617527008057,6.108623576822969,5.852795408699801,6.106670647392654,24358000
2008-01-28,6.130106449127197,6.1457295156380525,5.882090314827788,5.921147794863281,23434000
2008-01-29,6.210175037384033,6.233609824621508,5.9445828927647195,6.1808818326996695,32110800
2008-01-30,6.100813388824463,6.227750853757689,6.063708465311174,6.210174856961041,35641600
2008-01-31,6.17307186126709,6.249234284919866,5.968018637803123,6.016840780654059,47864800
2008-02-01,6.26876163482666,6.286337632661251,6.116436816904632,6.176976158066379,29752400
2008-02-04,6.139871597290039,6.352735756111883,6.079331883719469,6.307819482804674,20392800
2008-02-05,6.094824314117432,6.253461984628798,6.061529951313561,6.061529951313561,31498800
2008-02-06,6.04782247543335,6.204502042564858,6.01648663671758,6.124203909161617,22201600
2008-02-07,6.124201774597168,6.2123336501850295,6.002775161731795,6.002775161731795,30453200
2008-02-08,5.94206428527832,6.190792839148184,5.938147211937219,6.13791346970133,24652400
2008-02-11,6.0517377853393555,6.096782993674169,5.8715565784475485,5.930311539084419,16826400
2008-02-12,6.006692886352539,6.124202440125535,5.9538135311218054,6.100700379949906,20154800
2008-02-13,6.071324348449707,6.104618722722021,5.945980997566949,6.071324348449707,18487600
2008-02-14,5.857846736907959,6.1183260332274285,5.840220287464703,6.063488149009241,19906400
2008-02-15,5.883309364318848,5.897018746725887,5.765799785247194,5.836305233848063,17006400
2008-02-19,5.822595596313477,5.973399543288474,5.806927678027284,5.9009351877444365,16492800
2008-02-20,6.1065754890441895,6.224085033208369,5.838262036095188,5.838262036095188,40065600
2008-02-21,6.102659702301025,6.253463642845266,6.094825930268304,6.139871146726157,31034000
2008-02-22,6.359221935272217,6.365097170509795,6.1398707299561215,6.161413881748235,36826400
2008-02-25,6.429725170135498,6.4532268487738165,6.290671766021955,6.365094619999006,30500000
2008-02-26,6.523736000061035,6.543320617853878,6.3768491252988815,6.386641434195303,25894000
2008-02-27,6.437561511993408,6.519818545541274,6.382723987698322,6.496316109038892,25655600
2008-02-28,6.3886003494262695,6.476732634082692,6.359223419277707,6.369015729327227,19281600
2008-02-29,6.267172813415527,6.414059676229954,6.224086134802235,6.2965504848205,20100400
2008-03-03,6.4003520011901855,6.404269074895113,6.212336572433447,6.2475894886723795,25012800
2008-03-04,6.510027885437012,6.531570670360578,6.055657417273412,6.327888065507902,37957600
2008-03-05,6.474773406982422,6.5805313840866475,6.365097609975721,6.539403240373602,22951200
2008-03-06,6.161415100097656,6.4747742402567505,6.149664253746308,6.4747742402567505,23295200
2008-03-07,6.1202874183654785,6.218212017059327,6.0321551301199365,6.10070242391617,22973600
2008-03-10,6.094824314117432,6.180997651390074,6.063488113638034,6.114408925782335,18735600
2008-03-11,6.392517566680908,6.392517566680908,6.190793136122147,6.190793136122147,30031600
2008-03-12,6.369014739990234,6.513942699263502,6.314177214546863,6.404267648376759,35142000
2008-03-13,6.343553066253662,6.392515347712373,6.239753268634837,6.294590784794952,44156000
2008-03-14,6.318092346191406,6.4434364118237815,6.139870048630799,6.34747001332972,30270800
2008-03-17,6.245626926422119,6.33571732225463,6.086989279143912,6.157495066179767,35093600
2008-03-18,6.468896389007568,6.4708552986453185,6.257379721543175,6.257379721543175,32804800
2008-03-19,6.331805229187012,6.560948443065558,6.32397108159148,6.486525535118875,22332400
2008-03-20,6.645162582397461,6.670623184393957,6.310260671702864,6.310260671702864,32750800
2008-03-24,6.735252857208252,6.841011588634557,6.627535962802332,6.701958856817727,26336000
2008-03-25,6.747006416320801,6.774425190176247,6.649081797062459,6.7509234907438005,22670400
2008-03-26,6.572698593139648,6.725460710825834,6.523736299306353,6.725460710825834,19526800
2008-03-27,6.515901565551758,6.682373050734735,6.511984492745597,6.639286744077459,17975200
2008-03-28,6.398390769958496,6.453229034831113,6.282840499549939,6.327885710159668,21298400
2008-03-31,6.476727485656738,6.52373158247785,6.353342385217997,6.382720039119288,27110800
2008-04-01,6.6667022705078125,6.7274150017694065,6.300463985513891,6.511981331741709,29122800
2008-04-02,6.745044231414795,6.819467115114748,6.686289637801228,6.748961303936391,26529200
2008-04-03,6.67257833480835,6.748959359207125,6.594238401160644,6.715665373025085,16556400
2008-04-04,6.494359493255615,6.707835152820846,6.425812571558006,6.707835152820846,28987200
2008-04-07,6.294593334197998,6.5589902094227375,6.271091638768719,6.5589902094227375,22320800
2008-04-08,6.32396936416626,6.351388126198965,6.2436708673299055,6.2965506021335536,14871200
2008-04-09,6.282840728759766,6.37684822569292,6.165330797264443,6.3748893159268185,20738000
2008-04-10,6.04782247543335,6.21037727885365,5.8735168258828026,6.085033923990574,49740800
2008-04-11,5.889183521270752,6.012568687429095,5.875474141375955,5.963606402917629,30362800
2008-04-14,6.038028717041016,6.083073927691872,5.920519163277959,5.920519163277959,23023600
2008-04-15,6.010611534118652,6.088951132650528,5.949898018397861,6.088951132650528,20370800
2008-04-16,6.118327617645264,6.139871144444326,6.010610730755193,6.04390510237528,12578800
2008-04-17,6.1085357666015625,6.133995994545574,6.028237636132366,6.088950774731665,12254400
2008-04-18,6.275008201599121,6.3415969558147935,6.198626763791331,6.198626763791331,19508400
2008-04-21,6.237794399261475,6.263254619896523,6.155537755863756,6.2299602553414335,17173200
2008-04-22,6.167290210723877,6.2123354293842485,6.0497806360663775,6.200584583984291,16784400
2008-04-23,6.204502105712891,6.298509622816985,6.102660442073788,6.179041503026782,16981600
2008-04-24,6.259337902069092,6.30634202114359,6.139870188949717,6.212334156547156,30038800
2008-04-25,6.451269149780273,6.463020364856006,6.263254191198762,6.2965489270274855,17293600
2008-04-28,6.443437099456787,6.496315710580693,6.367055306166855,6.472814022625047,14532000
2008-04-29,6.51785945892334,6.558988348134943,6.408184413306305,6.443437319998985,12074000
2008-04-30,6.310258388519287,6.590322667831679,6.275005489927165,6.566820237366901,21898400
2008-05-01,6.463020324707031,6.547235497797374,6.165329601916406,6.237793933556532,15982800
2008-05-02,6.292633056640625,6.619700760751693,6.275006604214538,6.539402643500668,25820800
2008-05-05,6.159454822540283,6.314175802855494,6.1359527643528615,6.245628164271562,23358800
2008-05-06,6.297031879425049,6.332408521984657,6.110321988077676,6.1594561305518525,17929600
2008-05-07,6.2400360107421875,6.393334293298013,6.232174368116888,6.306858473602228,14819600
2008-05-08,6.092633247375488,6.357957298579887,6.049395339925703,6.298996481615295,30764800
2008-05-09,6.100493907928467,6.2066234363600765,5.9923985944021245,6.078874770250464,22303200
2008-05-12,6.316686153411865,6.3697511249538366,6.122114965955118,6.122114965955118,18349600
2008-05-13,6.023845195770264,6.350096214362126,5.958988149122228,6.350096214362126,45749600
2008-05-14,6.1712470054626465,6.287203588873934,6.0238446070446034,6.063152063234889,25112400
2008-05-15,6.297031879425049,6.306858557974381,6.100495309528344,6.1869711303809884,20230800
2008-05-16,6.255757808685303,6.383506479719222,6.165351183753622,6.383506479719222,21006400
2008-05-19,6.232174873352051,6.328478129000406,6.194833192445887,6.24789815987732,16184000
2008-05-20,6.167317867279053,6.220382835152645,6.094599540812681,6.21252156668829,17974400
2008-05-21,6.100493907928467,6.214485077284322,6.084770626079976,6.183038888451012,25532400
2008-05-22,6.1594557762146,6.240035735247595,6.063152907488915,6.12014831455101,12895600
2008-05-23,6.135870456695557,6.222346636619736,6.027775512938099,6.143732097990341,24772800
2008-05-27,6.226276397705078,6.306856332945408,6.126042737436067,6.155523137547276,17551600
2008-05-28,6.242002010345459,6.316685748013626,6.145699128281655,6.255759511374033,16299200
2008-05-29,6.324546813964844,6.365819313282485,6.165352298953756,6.240036029803478,14904000
2008-05-30,6.300961494445801,6.338303165675056,6.230208222872584,6.324545668394416,11889600
2008-06-02,6.2066240310668945,6.245931489727143,6.059221623386525,6.190901122575537,18446400
2008-06-03,6.297031879425049,6.3284777006194215,6.216451540892742,6.218416951575361,19141600
2008-06-04,6.334372043609619,6.403160276466559,6.226277105951385,6.226277105951385,15972000
2008-06-05,6.475878715515137,6.536804559068284,6.348129673056054,6.391367948914947,20245600
2008-06-06,6.212521553039551,6.405127315790416,6.179110318695929,6.373681492274511,22778800
2008-06-09,6.1751790046691895,6.267551057024001,6.120148630472251,6.202694004335782,16682000
2008-06-10,6.346166610717773,6.39530075775078,6.12801087793481,6.129976288799785,23436000
2008-06-11,6.147663116455078,6.346165067171433,6.128009387449397,6.27344638230952,17533600
2008-06-12,6.357956886291504,6.458190943386246,6.190901124103487,6.208589443018593,23516400
2008-06-13,6.499462127685547,6.507323767780554,6.389401415537233,6.436570506380015,16893200
2008-06-16,6.566286087036133,6.6055935468710265,6.393333713599065,6.525013591586842,20150400
2008-06-17,6.395298957824707,6.609523808585168,6.377610639882013,6.574147172699781,12916800
2008-06-18,6.336337566375732,6.442466714563987,6.293099293211473,6.348129277437035,17886800
2008-06-19,6.505359649658203,6.5191171484857,6.332408021618972,6.338303878337198,16328800
2008-06-20,6.3815412521362305,6.485705371215731,6.312753018059653,6.468017053850594,19752000
2008-06-23,6.291133880615234,6.448363701527892,6.267549707369275,6.420847958059032,22996000
2008-06-24,6.2400360107421875,6.338304294375924,6.171248137225823,6.24986268916006,33180400
2008-06-25,6.395298957824707,6.525013039495339,6.238069506652281,6.267549911602209,28776800
2008-06-26,6.273448944091797,6.407093531204471,6.261656851818531,6.293102681123143,20617600
2008-06-27,6.25968599319458,6.434603688202799,6.16731362199262,6.40512292087922,21134000
2008-06-30,6.185005187988281,6.4031612566394305,6.116217694328937,6.120148140492524,27958800
2008-07-01,6.273448944091797,6.289171858744103,6.057258586474697,6.0926352381583495,24623600
2008-07-02,6.13783597946167,6.29899588032023,6.13783597946167,6.285238382666016,19950400
2008-07-03,6.13783597946167,6.2302083920491595,6.025810213004559,6.179108847288009,11555200
2008-07-07,6.118183612823486,6.314720569048125,6.0710148782805335,6.1692831689609635,26675600
2008-07-08,6.379575729370117,6.38940240614877,6.090667158631647,6.114251707709581,22834800
2008-07-09,6.216451168060303,6.3972648165155,6.188936169881382,6.3972648165155,20826800
2008-07-10,6.218416690826416,6.401195753144312,6.167317139812313,6.302927472316517,29742800
2008-07-11,6.161423206329346,6.295067795090353,6.000263235439544,6.094600724516912,30753200
2008-07-14,6.346166610717773,6.4247807961340335,6.2066254382148625,6.24789831665176,26051200
2008-07-15,6.411022663116455,6.471949269334805,6.190901916025903,6.308823557392535,38117200
2008-07-16,6.7117228507995605,6.747099486448717,6.34616478224318,6.4228139095738985,37342000
2008-07-17,6.93184232711792,6.9888380910834655,6.627210907242456,6.735305830459268,37415600
2008-07-18,6.788372993469238,7.161792009345425,6.786407208012835,7.161792009345425,31097200
2008-07-21,6.70582914352417,6.884677434509201,6.5996999404314645,6.821785777221785,22220800
2008-07-22,6.878779411315918,6.900398552279304,6.6507970379585455,6.672416178921932,21174400
2008-07-23,6.6822428703308105,6.973116881777916,6.637039552645867,6.882710246408029,38053600
2008-07-24,6.454261302947998,6.660624561547154,6.420849694563391,6.548598771172539,31251200
2008-07-25,6.3815412521362305,6.6468652628859335,6.3363379410314025,6.45622459236472,27824400
2008-07-28,6.403161525726318,6.4562257375063865,6.287204549729964,6.373680741646297,29981600
2008-07-29,6.688138008117676,6.719583823549822,6.379575709899927,6.379575709899927,33063200
2008-07-30,6.7117228507995605,6.880743638123194,6.574147128800322,6.707792030202168,28153200
2008-07-31,6.625247955322266,6.825715357599332,6.542702951299239,6.668486242988169,28778800
2008-08-01,6.695998668670654,6.766751930461875,6.511254623781456,6.6763453180518795,28597600
2008-08-04,6.582009315490723,6.723515120087525,6.485706077191745,6.692069302429632,26340400
2008-08-05,6.976376533508301,7.0276440895946815,6.6510223340204915,6.662853655670251,38748800
2008-08-06,6.796938896179199,6.988207038465028,6.7634171945799,6.9349672198294,31740800
2008-08-07,6.905391216278076,6.976377653173605,6.617502446377834,6.771305891519429,32974000
2008-08-08,7.270183086395264,7.2859581874493475,6.899477238002928,6.915251586858792,38375200
2008-08-11,7.2958173751831055,7.3983532772062235,7.15778824737513,7.256380374066794,65702000
2008-08-12,7.132152557373047,7.244548249768621,7.049335549731969,7.1479276553226265,38508000
2008-08-13,7.057223796844482,7.114407404271503,6.893560524318485,7.0434209608721865,40474000
2008-08-14,7.108489513397217,7.2327157569728975,7.011869686770092,7.069052527097228,31927200
2008-08-15,7.090743541717529,7.254406786239302,7.039475981478213,7.098631090122968,20886400
2008-08-18,7.017786502838135,7.177505993717336,6.972434221965844,7.128209938134657,16674000
2008-08-19,6.856096267700195,6.990181614061175,6.800884919974449,6.988209350386285,17906800
2008-08-20,6.875809192657471,6.936936532993056,6.792992233684384,6.90144333566241,25927600
2008-08-21,6.940885543823242,7.005955953243151,6.763419423226769,6.824546809698487,25095200
2008-08-22,7.096660614013672,7.102575900081358,6.968490566427552,6.968490566427552,23664800
2008-08-25,7.009898662567139,7.078913588838234,6.996095827752536,7.053279430383365,26190800
2008-08-26,7.025675296783447,7.039478134615776,6.9290546797589,7.009900195147503,24556400
2008-08-27,7.06905460357666,7.0946887650311785,6.901448302816108,6.9487728507168995,27748000
2008-08-28,7.205112457275391,7.213000007564039,7.03553388706043,7.110464110406197,25058800
2008-08-29,7.14595890045166,7.335255635671984,7.138071348434556,7.2051140361832156,20742800
2008-09-02,7.163700580596924,7.2898983171268235,7.147925487431765,7.254405109703058,29373200
2008-09-03,7.25440788269043,7.280041290585383,7.08680083863335,7.136096895321056,30990400
2008-09-04,6.7180681228637695,7.011873020685414,6.70032150820074,6.950745625246466,55192800
2008-09-05,6.7772216796875,6.785109229304727,6.507079498981619,6.512994785095472,34790800
2008-09-08,6.907362937927246,6.948772195510232,6.741728164189601,6.901447652071719,34481600
2008-09-09,6.741727352142334,6.976377025455787,6.735812066999309,6.934967772860584,35171200
2008-09-10,6.808769702911377,6.90736179592636,6.672712885341972,6.90736179592636,33405600
2008-09-11,6.907362937927246,6.907362937927246,6.676657763184508,6.684545312457277,30061600
2008-09-12,6.704263687133789,6.903419424519704,6.6628551801819835,6.8028558001798745,32596800
2008-09-15,6.554405689239502,6.755532989562431,6.5070811318587225,6.526799258651693,30090000
2008-09-16,6.747646331787109,6.869900375305761,6.388771000794881,6.388771000794881,44711600
2008-09-17,6.36707878112793,6.737784581110124,6.359191231630916,6.633277182968115,53070000
2008-09-18,6.493275165557861,6.54848649574753,6.162005680023938,6.455810441814582,38278400
2008-09-19,6.418346881866455,7.098632662458351,6.37890988330205,6.587925449154669,35141200
2008-09-22,6.19158411026001,6.627361409331838,6.1836969374423605,6.371022087124198,23246000
2008-09-23,6.278346061706543,6.422290462745577,6.20341584191973,6.221162453127182,29042000
2008-09-24,6.1482038497924805,6.341444289157456,6.124541578640076,6.313838619562186,19969600
2008-09-25,6.2586283683776855,6.4065169395030335,6.183698515048018,6.189613802145625,28918800
2008-09-26,6.30200719833374,6.372993634592505,6.138344318369727,6.240880198277046,25628800
2008-09-29,5.964821815490723,6.349331140813196,5.964821815490723,6.197499222518763,33192000
2008-09-30,6.018063545227051,6.098909059586531,5.866231578805932,6.098909059586531,29053200
2008-10-01,6.03778076171875,6.039752272879693,5.876089391291545,5.968766212015522,31902400
2008-10-02,5.805103778839111,6.043696514241347,5.767638670203555,5.996372344643359,28081600
2008-10-03,5.889893531799316,5.9884856537664355,5.844540869859127,5.915527318027165,39033600
2008-10-06,5.797215461730957,5.834680565406732,5.477777265208304,5.753835072700442,43967200
2008-10-07,5.487638473510742,5.935246877429561,5.477779409993249,5.852429465145459,41189200
2008-10-08,5.444255352020264,5.866229378563585,5.35355043328445,5.35355043328445,52621600
2008-10-09,4.959181785583496,5.410733714072805,4.874392532558939,5.260873700185045,64162000
2008-10-10,5.057775974273682,5.379186514740039,4.612139520882322,4.687069747045877,66424800
2008-10-13,5.323975086212158,5.337777924407958,5.053832481168886,5.337777924407958,32174400
2008-10-14,5.347636699676514,5.523130551132759,5.166227185685003,5.523130551132759,38919600
2008-10-15,5.0972113609313965,5.396931418478776,5.091295699865687,5.345663484206278,37956800
2008-10-16,5.440311431884766,5.440311431884766,4.961153825265787,5.041999307129181,41536800
2008-10-17,5.320028305053711,5.534959059785658,5.2391828332113,5.2391828332113,31341200
2008-10-20,5.432424068450928,5.456086335795345,5.144535343004566,5.379184625099204,31481200
2008-10-21,5.282564640045166,5.53298827595638,5.260874258754819,5.260874258754819,27220000
2008-10-22,4.955240249633789,5.278622689256744,4.809323943504766,5.178058672309891,35444400
2008-10-23,4.842844009399414,5.089324267680519,4.637772630081029,5.004534998655974,36107200
2008-10-24,4.659463882446289,4.911859869782317,4.574674966858347,4.574674966858347,35438000
2008-10-27,4.552982807159424,4.83890002242161,4.361714285397874,4.598335078902011,25702400
2008-10-28,5.004536151885986,5.006508039538514,4.574674798310986,4.665379373732585,32491200
2008-10-29,5.243127822875977,5.523129397369318,4.92171737148413,4.9907319155823,42148800
2008-10-30,5.264820575714111,5.4679201491691645,5.183975048709816,5.38707462216487,30549200
2008-10-31,5.276650428771973,5.365383113151304,5.158339806833765,5.296368928444857,36167600
2008-11-03,5.126791000366211,5.2983414800928585,5.05383265526199,5.272707314475506,33360400
2008-11-04,5.223820209503174,5.241642219772462,5.0317390048971715,5.2178797912114065,23655200
2008-11-05,5.146591663360596,5.269365467846009,5.120848969903986,5.1505521939529935,28814400
2008-11-06,4.754507541656494,5.233720723824994,4.712922731583539,5.146590951331557,45113200
2008-11-07,4.7901530265808105,4.827776940457739,4.693122276898067,4.75648926626663,22622400
2008-11-10,4.693122863769531,4.897085339092817,4.625795334721914,4.879263323892147,22229600
2008-11-11,4.64361572265625,4.772329938013461,4.449553889331678,4.552525412696233,35023600
2008-11-12,4.306979656219482,4.522823724379123,4.263414940495342,4.508962241089491,37122400
2008-11-13,4.477278232574463,4.481238386136569,3.9941043721719725,4.322820912740859,49632800
2008-11-14,4.221829891204834,4.445595011033633,4.178265177768651,4.415891402462022,21910400
2008-11-17,4.083214282989502,4.281236306112819,4.083214282989502,4.182225294551161,28340800
2008-11-18,3.970341920852661,4.136680471787752,3.863410211078436,4.073313476707162,36570000
2008-11-19,3.647564172744751,4.0198452560889235,3.6356829620254896,4.0198452560889235,39999600
2008-11-20,3.6574649810791016,3.916873986282104,3.524790270333789,3.582216812426578,33719200
2008-11-21,3.9485583305358887,3.9604395434109763,3.6238020311422643,3.718852867233808,39369600
2008-11-24,4.184203624725342,4.322819140387081,3.8752894894098295,4.083212762902438,40891600
2008-11-25,4.207967758178711,4.346583317762227,4.065392045401934,4.231730565823348,25374000
2008-11-26,4.495100021362305,4.522822983399681,4.144600954045335,4.144600954045335,29010400
2008-11-28,4.518862247467041,4.623814049659974,4.465396213650055,4.465396213650055,11054000
2008-12-01,4.0178680419921875,4.443615423352701,4.011927243831919,4.437674625192432,31750400
2008-12-02,4.02182674407959,4.12875880616739,3.946578549708059,4.057470764775523,27575200
2008-12-03,4.146580219268799,4.17826370472459,3.9445977162154238,4.0178660123925285,31298000
2008-12-04,3.8198463916778564,4.031729972776119,3.760439536593251,4.011927687747917,47477200
2008-12-05,3.9762821197509766,3.9980646626675345,3.5683568670495083,3.7901413164476354,48317200
2008-12-08,4.186185359954834,4.275295419565719,4.015886680483071,4.069352338552575,29922400
2008-12-09,3.974301815032959,4.23965134764645,3.946578853555945,4.150541289046015,25313200
2008-12-10,4.055489540100098,4.089153287494451,3.942617086394591,4.004003786573622,20623200
2008-12-11,3.912914752960205,4.023806966854667,3.887171681531229,4.021826701537285,21788800
2008-12-12,3.9208364486694336,3.950540058400954,3.8020235205317015,3.8317267525661345,18393200
2008-12-15,3.9049932956695557,3.9802418593108513,3.8455868529607025,3.9584593207256944,18557600
2008-12-16,4.039648532867432,4.079253082067857,3.9030132535926367,3.940637537563343,30981600
2008-12-17,4.146580219268799,4.19608571250559,3.9861821492397977,4.000044004611529,35312000
2008-12-18,4.08915376663208,4.198066081056269,4.0515294850894,4.174303277530116,26502000
2008-12-19,4.08915376663208,4.172323012428191,4.019845998852496,4.13073857837861,29946800
2008-12-22,3.9267759323120117,4.089153898954845,3.8812309665847704,4.089153898954845,19620000
2008-12-23,3.865389823913574,3.9901435271919348,3.813904054683721,3.9822228429934294,22132800
2008-12-24,3.9208364486694336,3.958460744018162,3.8594497187719936,3.9406387292580844,4896400
2008-12-26,3.9683613777160645,3.9960843390635468,3.934697619923969,3.934697619923969,5623600
2008-12-29,3.9089536666870117,3.974300902083871,3.8832109766142215,3.962419689565425,10756400
2008-12-30,3.9683613777160645,3.9762820619451933,3.8871720037611115,3.9307370889608944,12012000
2008-12-31,4.073311805725098,4.120837032539415,3.942617337561496,3.9643998748210723,12247600
2009-01-02,4.267374038696289,4.287176314652278,4.0416290748102055,4.0416290748102055,14485200
2009-01-05,4.235690116882324,4.297077203863924,4.15648139882199,4.249551595330763,21647200
2009-01-06,4.2990570068359375,4.346582614435019,4.168362530180846,4.281235376107474,22698800
2009-01-07,4.2990570068359375,4.358463827486314,4.227769350831221,4.255492307183225,23510400
2009-01-08,4.255493640899658,4.29311793466705,4.106977109272507,4.253513375154315,34265600
2009-01-09,4.118858337402344,4.306979429060841,4.081234421228302,4.253513386880375,28064800
2009-01-12,4.087174415588379,4.142620717751481,4.053510656720966,4.1010358967048965,19894800
2009-01-13,4.025787353515625,4.138659836129624,3.9762818521798713,4.101035549359291,27259200
2009-01-14,3.8772711753845215,3.986183136398192,3.8673702253640183,3.9723216552906737,22079600
2009-01-15,4.000044822692871,4.07727328707386,3.7941017474142127,3.879251273627619,27727200
2009-01-16,4.08915376663208,4.110936305056308,3.94261754836216,4.0515294850894,21635200
2009-01-20,3.8673694133758545,4.069351546344247,3.8594483528649213,4.069351546344247,19973600
2009-01-21,3.9525187015533447,3.9683608231919245,3.8317255456349177,3.9525187015533443,21940800
2009-01-22,4.0020246505737305,4.087174175513089,3.8337062438205005,3.845587458694338,25551200
2009-01-23,3.9445981979370117,3.9980642278093823,3.8673697399193565,3.8673697399193565,18886800
2009-01-26,4.005984306335449,4.08717328268237,3.9346966549679876,3.9386568072628427,13787200
2009-01-27,4.011927604675293,4.085195566756199,3.9723230354389583,4.051531796214464,16644000
2009-01-28,4.132719993591309,4.1703439079075455,4.0436099276906345,4.083214485356946,18955200
2009-01-29,3.970341920852661,4.138660737596156,3.9545001720825135,4.122818988826008,14704800
2009-01-30,3.8455870151519775,3.980242027181329,3.8119232621446395,3.980242027181329,18219600
2009-02-02,3.8554904460906982,3.9168775737306416,3.8000444955736015,3.8079651837772395,18394000
2009-02-03,3.922816753387451,3.9584607832609686,3.81192450976758,3.893113521058551,23115200
2009-02-04,3.9445981979370117,4.00004449310432,3.827765189414567,3.827765189414567,24507600
2009-02-05,4.36836576461792,4.3921285737984865,4.047570295711017,4.059451511452782,44529600
2009-02-06,4.518862247467041,4.635695264609189,4.318859970286364,4.3802470658675015,34972800
2009-02-09,4.455494403839111,4.5426241779359975,4.376285689976915,4.530742587583963,19293200
2009-02-10,4.324158191680908,4.487333915208102,4.266449879982239,4.427635609374641,21892000
2009-02-11,4.344056606292725,4.393805307867105,4.260478772465668,4.322167056143207,19483600
2009-02-12,4.365949630737305,4.371919236763087,4.21073342166983,4.308240908802925,21411600
2009-02-13,4.30625057220459,4.413708026782569,4.27242141571368,4.344059718765665,15568400
2009-02-17,4.264459133148193,4.328137416011688,4.119193002921781,4.196800862717603,22115600
2009-02-18,4.252519130706787,4.322167008501233,4.164961310626311,4.322167008501233,19457600
2009-02-19,4.248541831970215,4.385848439963061,4.2346122475968135,4.280380990410193,16442800
2009-02-20,4.238589286804199,4.294307970054127,4.1191927048511054,4.178890995827652,18103200
2009-02-23,4.137104034423828,4.308239385415343,4.119194463573736,4.308239385415343,18670000
2009-02-24,4.286349296569824,4.312218460340607,4.125163193085318,4.162972321260363,22276800
2009-02-25,4.600761413574219,4.656479732470252,4.377886999332345,4.379876993514715,50672400
2009-02-26,4.473405361175537,4.656480688461145,4.433606608015067,4.656480688461145,24869600
2009-02-27,4.431617259979248,4.543054316460505,4.342069388086363,4.3798785317247715,26643200
2009-03-02,4.377887725830078,4.5908122044943,4.354008171231478,4.407736884413845,28851600
2009-03-03,4.264459133148193,4.475393540021647,4.202770844068246,4.4594739693057734,27596400
2009-03-04,4.316199779510498,4.373908107050362,4.218692317454905,4.35201892466412,25186400
2009-03-05,4.280379772186279,4.511213794955608,4.18088233549079,4.220681082437426,29732000
2009-03-06,4.276400089263916,4.359977957243615,4.1450634938033355,4.310229235340286,31483600
2009-03-09,4.3201799392700195,4.405747823684581,4.212722869682767,4.242572034592963,28398000
2009-03-10,4.612702369689941,4.622651964005536,4.348039137636553,4.37987829490969,30714000
2009-03-11,4.7261271476745605,4.769905873035168,4.527132320404053,4.650509280314873,22386800
2009-03-12,4.893283367156982,4.901242963749464,4.706228102826748,4.706228102826748,23034800
2009-03-13,4.943032741546631,4.988801471853843,4.8435353037208975,4.88930403402811,21544800
2009-03-16,4.771899223327637,5.002733354962061,4.761949626786738,4.992783758421162,23495600
2009-03-17,4.901243209838867,4.905223198111218,4.748017456879077,4.767916639135687,22853200
2009-03-18,5.026608943939209,5.1121767729300345,4.8514932986667105,4.863433260539253,20570800
2009-03-19,4.996761322021484,5.090288774560782,4.937062633112333,5.066409223086603,18518800
2009-03-20,4.90920352935791,5.0226305461763205,4.845525230761792,5.020640551901117,20189200
2009-03-23,5.070389747619629,5.0863093237678605,4.905224002749491,4.984821883490648,23606400
2009-03-24,5.16192626953125,5.213664973614436,4.974871013161661,5.0087001512332625,20406000
2009-03-25,5.134065628051758,5.287291713349852,5.022628647631533,5.187794314515108,23835600
2009-03-26,5.3668904304504395,5.44847828041648,5.161925998388076,5.185805165447518,27652800
2009-03-27,5.281322956085205,5.356940824277351,5.225604267197166,5.293262539578173,23023600
2009-03-30,5.122127532958984,5.257444095372849,5.060439234053569,5.1897858141659166,20967600
2009-03-31,5.102227687835693,5.183815543657524,4.92910238579524,5.173865953260733,29568000
2009-04-01,5.09824800491333,5.149986329683702,4.939051904023017,5.018649764691904,25248800
2009-04-02,5.201725006103516,5.307192408144378,5.056458863717967,5.185805434055133,23522800
2009-04-03,5.3091840744018555,5.327093646041578,5.102229193032908,5.203716639140451,28030000
2009-04-06,5.16192626953125,5.273363273951361,5.078348421328033,5.273363273951361,24452800
2009-04-07,5.124116897583008,5.177845593038619,5.06640821441531,5.076358183695527,21682400
2009-04-08,5.3131608963012695,5.3171405035301715,5.155954834410506,5.173864395374072,26762800
2009-04-09,5.488278388977051,5.571856247877314,5.295253505600232,5.4902683831833174,43111200
2009-04-13,5.43057107925415,5.5201185577768985,5.386791957727217,5.386791957727217,16987600
2009-04-14,5.3569416999816895,5.432559580535162,5.28331343404186,5.392760835868494,25544000
2009-04-15,5.378830909729004,5.416639657793641,5.233564381374289,5.325102209360241,17853600
2009-04-16,5.500218391418457,5.5380275250971795,5.329083051790908,5.390771358649003,20962400
2009-04-17,5.639516830444336,5.675335981646113,5.5061902007225765,5.5061902007225765,27050400
2009-04-20,5.434549808502197,5.589765944171743,5.380821481913111,5.540017226533727,25638400
2009-04-21,5.595737457275391,5.623596625314904,5.394752537505208,5.422611705544721,23024400
2009-04-22,5.530068874359131,5.804681690270666,5.522108895567621,5.557928041024056,27594000
2009-04-23,5.480318546295166,5.581805589402053,5.327092415247407,5.530067260566317,22534800
2009-04-24,5.597725868225098,5.6773241247321495,5.482308851753011,5.553947130788312,22046800
2009-04-27,5.37286376953125,5.555939142786277,5.299235469390018,5.5260899755327655,30711200
2009-04-28,5.561906814575195,5.603695555437476,5.335052402792856,5.374851528944872,35192400
2009-04-29,5.504196643829346,5.671352321566017,5.46041792044212,5.601704059250322,29471600
2009-04-30,5.565886497497559,5.643494756569846,5.470369048926775,5.563896503208259,41952800
2009-05-01,5.5459885597229,5.61165686781304,5.454450699612372,5.557928148588557,25697200
2009-05-04,5.774829864501953,5.836518153463533,5.629563734554277,5.639513323900418,29869200
2009-05-05,5.782792091369629,5.816621241913042,5.715133790282803,5.742993336323229,20174800
2009-05-06,5.6753339767456055,5.868358870579437,5.615635285981226,5.826570128641717,24861200
2009-05-07,5.701204299926758,5.852440482493545,5.631556003019954,5.8484604930582575,36172800
2009-05-08,5.583794593811035,5.768859838825954,5.530066280381301,5.750950274498543,30488000
2009-05-11,5.542006969451904,5.609665252735466,5.396740811629434,5.569866128608932,29836000
2009-05-12,5.641935348510742,5.805817223785838,5.526018872253106,5.763847642593726,51095200
2009-05-13,5.516025543212891,5.561992330617525,5.458067121637,5.48804544467502,39639200
2009-05-14,5.366134166717529,5.661920982266391,5.360138348939271,5.516026180418046,34147600
2009-05-15,5.364135265350342,5.464063268980274,5.320167080983402,5.356140842086308,29856400
2009-05-18,5.583977699279785,5.589973136337676,5.412101387977771,5.440081110768282,35142800
2009-05-19,5.801822185516357,5.859780250953228,5.693899718489102,5.739866525765796,53979200
2009-05-20,5.657923698425293,5.863775531851739,5.619951329898114,5.855781108249112,36711600
2009-05-21,5.637936592102051,5.751854812404864,5.5260173583885,5.595967022407595,25062000
2009-05-22,5.651928424835205,5.711885078802759,5.528017523788456,5.613955674018363,17076800
2009-05-26,5.875766754150391,5.90374685541253,5.51802468616786,5.589972592225268,30668800
2009-05-27,5.837794303894043,6.0156664252536665,5.797823327634271,5.857779982621487,39026800
2009-05-28,5.761849403381348,5.907744215661401,5.635940270596058,5.883761705223789,25336400
2009-05-29,5.897751331329346,5.90174854330793,5.695896700752256,5.805817361797499,22371200
2009-06-01,6.139575958251953,6.183544520608913,5.913738854236408,5.97569410523615,32316000
2009-06-02,6.1275858879089355,6.245500976847425,6.105601602487992,6.153567385441892,37274400
2009-06-03,6.141573905944824,6.1755494363102095,6.061631593671863,6.117591402860443,20849200
2009-06-04,6.0856170654296875,6.175552062027138,5.965703355437911,6.161562199080546,29418800
2009-06-05,6.099606037139893,6.217521123596685,5.993682205571638,6.217521123596685,26239600
2009-06-08,6.1555657386779785,6.195537098241461,6.025659391889362,6.0816192190392115,17820000
2009-06-09,6.193540096282959,6.233511466199106,6.143576074485392,6.165560366058796,13480000
2009-06-10,6.095606803894043,6.273478487008881,6.013665890468444,6.251494590535302,16889600
2009-06-11,5.985687732696533,6.169555279623837,5.977693309215084,6.1255867128660535,21594800
2009-06-12,6.141573905944824,6.16755539568042,5.867771438760555,5.951710961945918,18413200
2009-06-15,6.071624755859375,6.137577216740049,5.9896838311650535,6.01766392873522,16636800
2009-06-16,5.9417195320129395,6.121589878281477,5.895752737747835,6.119591653483096,18147600
2009-06-17,6.159564971923828,6.25949302242537,5.905747632163048,5.921736104995484,27218800
2009-06-18,6.1275858879089355,6.195536969032646,6.081619092206169,6.139577143049847,15947600
2009-06-19,6.165559768676758,6.225516436546534,6.139578266390044,6.177551026011674,20387200
2009-06-22,6.151567459106445,6.245499636407803,6.077620575685557,6.111596108955417,22122800
2009-06-23,6.051639080047607,6.215520919093071,6.0476418690477125,6.1675555306794,22839600
2009-06-24,6.0416483879089355,6.183546383694797,5.997680193499532,6.097608219953316,18398400
2009-06-25,6.357418060302734,6.413377867032161,6.021659982316165,6.021659982316165,33884000
2009-06-26,6.263488292694092,6.395393247937185,6.227514144683222,6.343430632054278,17468800
2009-06-29,6.269482612609863,6.375406043996912,6.245499725936445,6.295463723743936,15548400
2009-06-30,6.287469387054443,6.3494250196429425,6.231509952710066,6.237505388564074,20426400
2009-07-01,6.249497890472412,6.413379767286381,6.233509423983125,6.329440222918847,18512000
2009-07-02,5.955709457397461,6.249498061312573,5.955709457397461,6.193538236472761,18646800
2009-07-06,6.17555046081543,6.195536137497987,5.921733243695629,5.953710555104767,23916000
2009-07-07,6.051639080047607,6.175549571484168,6.017663548938546,6.17355096598422,20870800
2009-07-08,6.215522766113281,6.23750667075545,6.021662168155532,6.021662168155532,25376400
2009-07-09,6.415377616882324,6.587253907487214,6.381402461125168,6.545284328355371,32674000
2009-07-10,6.371410846710205,6.4373633294160975,6.307456970291786,6.363416802755489,22945600
2009-07-13,6.595247745513916,6.601243181317731,6.3254420796857,6.391394541893036,25442400
2009-07-14,6.7511372566223145,6.7691243319685155,6.51330882694729,6.555278415291645,27153200
2009-07-15,6.863055229187012,6.881042300098524,6.729151309647939,6.819086664205502,23511600
2009-07-16,7.074902534484863,7.098885040437763,6.74913704886501,6.825082540504327,35000800
2009-07-17,7.034932613372803,7.0509206997955305,6.9210147339461265,6.982969617120823,33834000
2009-07-20,7.116872310638428,7.134859381206458,6.944996027963948,7.064909323490723,26069600
2009-07-21,7.06890869140625,7.212805299847007,6.899031343856201,7.140856995626629,29668400
2009-07-22,7.04892110824585,7.150847331301342,7.014945192300601,7.04892110824585,17500000
2009-07-23,7.170835018157959,7.264766839704787,6.998958699630577,7.070906996910904,20570000
2009-07-24,7.170835018157959,7.232789903401342,7.074904209247622,7.148850731501159,15925200
2009-07-27,7.174830436706543,7.196813955476918,7.060912581956866,7.176828661180174,15456800
2009-07-28,7.244779586791992,7.264764880696071,7.056915231967337,7.1468498169257835,19181200
2009-07-29,7.268764019012451,7.30473816748915,7.1888220598122405,7.216801783651829,13080000
2009-07-30,7.318728446960449,7.394673960565279,7.288750496446415,7.320727434428921,19445200
2009-07-31,7.240784168243408,7.3327177627877065,7.214802669823399,7.318727901113151,11212400
2009-08-03,7.302739143371582,7.324723427522702,7.1848240612439325,7.298741931490451,9820800
2009-08-04,7.146850109100342,7.320725375212513,7.124866589863172,7.288748446224664,18541600
2009-08-05,7.252774715423584,7.260769138719572,7.0329326491249216,7.1708337826151265,16726800
2009-08-06,6.962983131408691,7.358697923383639,6.944996060755733,7.250775499465887,37702800
2009-08-07,7.090893745422363,7.104883610264938,6.95299332237821,7.034934286052061,23465200
2009-08-10,7.028935432434082,7.104880928911145,6.942998050429453,7.090891069348287,13766800
2009-08-11,7.036956787109375,7.101129600291883,6.940697567335612,7.052999607904864,15557200
2009-08-12,7.195384979248047,7.273595560815894,7.042973948243683,7.042973948243683,15537600
2009-08-13,7.0911030769348145,7.181346338801976,7.02291936407966,7.1612918556091,18719200
2009-08-14,7.036956787109375,7.129205110434196,6.956740388131101,7.103134666016216,17263600
2009-08-17,7.0951151847839355,7.115168906399879,6.8404289422591384,6.972785493925523,28018800
2009-08-18,6.884547233581543,7.006876144971711,6.7782603795863094,6.926660502994569,47531200
2009-08-19,7.020913600921631,7.030941225114863,6.818368291223657,6.818368291223657,22457600
2009-08-20,7.1452484130859375,7.159286167600822,7.006875168581732,7.02893471567662,18952800
2009-08-21,7.191372871398926,7.269583439799482,7.129205123823988,7.187361974942451,15142000
2009-08-24,7.0951151847839355,7.22546590528846,7.081077426652686,7.187363528217988,15683600
2009-08-25,7.3477935791015625,7.379879983879289,7.05099414365753,7.085086379046496,27697600
2009-08-26,7.339773178100586,7.375870485943735,7.249530673493093,7.277606187371013,19084000
2009-08-27,7.460097789764404,7.47413554669807,7.271589456654526,7.357821829247262,23382800
2009-08-28,7.325735569000244,7.498200317731222,7.295654988524158,7.480151663445413,19072400
2009-08-31,7.209421634674072,7.3096917526389396,7.189367152080925,7.271588618212105,14756800
2009-09-01,7.087093353271484,7.279611833784695,7.059017837155029,7.237498559610012,18207200
2009-09-02,6.984820365905762,7.1251979910310785,6.976798568755548,7.093111567430909,21960800
2009-09-03,7.16931676864624,7.181349463798047,6.9928410647563055,7.053003010514047,24010800
2009-09-04,7.257550239562988,7.299664266891377,7.167307753145555,7.191372365190189,12717600
2009-09-08,7.239501476287842,7.339771584075763,7.199394045172843,7.319717868518263,17986000
2009-09-09,7.307687282562256,7.317714908226106,7.21142804319266,7.219449837723568,23371200
2009-09-10,7.27158784866333,7.3197178367930205,7.2114259372513745,7.303674252416387,19083200
2009-09-11,7.345785617828369,7.395920653343168,7.27359104428707,7.2896338578518405,19770400
2009-09-14,7.413972854614258,7.419988816963052,7.271588704023659,7.313702735466109,9940800
2009-09-15,7.474135398864746,7.478146295766514,7.319719310648287,7.34980065491137,17508400
2009-09-16,7.6004719734191895,7.602477038314568,7.4620987806392876,7.4921801090696905,14219200
2009-09-17,7.568390369415283,7.634568262839985,7.5122385718120075,7.556357677428771,16316000
2009-09-18,7.628552436828613,7.672670778240033,7.552346916208221,7.616519744625249,18461600
2009-09-21,7.6365766525268555,7.7388518911764566,7.494192427150961,7.5583652759116315,16344800
2009-09-22,7.702752590179443,7.744865867926984,7.642590655540027,7.6947307948940535,16334800
2009-09-23,7.544322967529297,7.760906775353222,7.540312071273272,7.732831266561285,15381600
2009-09-24,7.5242695808410645,7.6044852144746,7.4420481164915335,7.540312401567663,13693600
2009-09-25,7.3899078369140625,7.532291994473588,7.337767709005182,7.508226613899948,18184800
2009-09-28,7.488175868988037,7.5343000525717105,7.375873010044763,7.39592750182069,10981200
2009-09-29,7.419988632202148,7.554350221314864,7.385897159740813,7.508226059455263,11510400
2009-09-30,7.450071811676025,7.494190153689669,7.303676732038376,7.450071811676025,18963600
2009-10-01,7.373864650726318,7.480150732176725,7.307686004917373,7.428010606842648,20378000
2009-10-02,7.275600433349609,7.357821909862091,7.245519853162342,7.325735498662107,17168000
2009-10-05,7.466114521026611,7.488174074192489,7.2354936583843745,7.269585138731309,13566800
2009-10-06,7.7107720375061035,7.738847547455367,7.636572366211583,7.636572366211583,18348400
2009-10-07,7.634567737579346,7.748875626085232,7.586438502945495,7.7328328028740785,12662400
2009-10-08,7.538309097290039,7.788984445344376,7.5182553754458725,7.696736100860488,30922000
2009-10-09,7.582427024841309,7.604485809441202,7.415978252403482,7.550340615877435,23505600
2009-10-12,7.592456817626953,7.638581000520543,7.570397259503795,7.620532340692562,16146000
2009-10-13,7.5563578605651855,7.642590242724007,7.550341896926349,7.58242831133425,18194800
2009-10-14,7.602481365203857,7.652616431121847,7.520259887698371,7.616519122460863,32832000
2009-10-15,7.640583038330078,7.656626625150874,7.5523456058166705,7.588442911163138,17905200
2009-10-16,7.6826958656311035,7.720798230850813,7.524268913138272,7.588441720350522,15730800
2009-10-19,7.8331074714660645,7.8631880692860925,7.664653522671069,7.7067668186196086,12646400
2009-10-20,7.7729387283325195,7.887247359558223,7.746869050070743,7.883236463287124,16438400
2009-10-21,7.889255523681641,7.999552536954916,7.724812536983186,7.7268176034061,30637200
2009-10-22,8.065730094909668,8.085783816383659,7.823075781071928,7.853157128283352,28882000
2009-10-23,7.977490425109863,8.095809196163541,7.949414914181922,8.05169086399119,19421600
2009-10-26,8.053699493408203,8.149958758468783,7.977493955026672,8.017602173385406,23118000
2009-10-27,7.821070194244385,8.0416641757742,7.813048400188657,8.0416641757742,23574000
2009-10-28,7.588440895080566,7.879224326449957,7.572397312522198,7.837111069734423,21304800
2009-10-29,7.712777614593506,7.7408531264042475,7.532291853667172,7.662642553502804,17878000
2009-10-30,7.490179061889648,7.758903064456798,7.476141303658565,7.69071933947706,22138800
2009-11-02,7.686707973480225,7.734837203976656,7.4801510005153675,7.528280996012125,19753600
2009-11-03,7.712777614593506,7.744864023091543,7.59245377397595,7.668659281033907,18926400
2009-11-04,7.680691242218018,7.772939571458679,7.630556180891529,7.730826303544506,19112400
2009-11-05,7.67266845703125,7.7869770858803316,7.588441932090085,7.728820238658921,21016800
2009-11-06,7.686707973480225,7.710772588728441,7.554350677114223,7.662642593231683,20214400
2009-11-09,7.8798322677612305,7.883855761757233,7.7128614876437,7.747060035505202,14585600
2009-11-10,7.881839275360107,7.9301196371244576,7.797347491168725,7.885862766740889,11027200
2009-11-11,7.873795032501221,7.990474020937992,7.837584364876208,7.905982207345367,14003200
2009-11-12,7.791313171386719,7.912015618868925,7.757114643411763,7.879827685618284,15010000
2009-11-13,7.841608047485352,7.916040747226274,7.783268551854694,7.829537568850554,13806000
2009-11-16,7.950239658355713,7.996508673054869,7.903970643656557,7.942192672998617,21172800
2009-11-17,7.827524662017822,7.895922492650262,7.582097016677426,7.779243524405598,37003600
2009-11-18,7.873795032501221,7.938169382189515,7.819479031063701,7.843619987748897,23626400
2009-11-19,7.865749359130859,7.8798312025116815,7.789305285750085,7.831550815892551,16242000
2009-11-20,7.805399417877197,7.914031451758381,7.751083400936605,7.845633589766859,16831200
2009-11-23,7.783266067504883,7.869769218269561,7.739009194775959,7.843617674012374,15155600
2009-11-24,7.799362659454346,7.851666532978825,7.694754145002575,7.775222469166342,18730000
2009-11-25,7.859713077545166,7.8637365702677124,7.8094205696174885,7.8094205696174885,13198400
2009-11-27,7.769187927246094,7.855691119169429,7.666591528692073,7.718895409495454,8078000
2009-11-30,7.720907211303711,7.793328556566419,7.610263830442522,7.793328556566419,21480000
2009-12-01,7.749073028564453,7.8154587683787335,7.720909334861236,7.785283711155187,18784800
2009-12-02,7.722921848297119,7.797354588081688,7.664582321280711,7.781261375313527,20367600
2009-12-03,7.505657196044922,7.557961087793697,7.258218049019671,7.52778526386739,62337600
2009-12-04,7.328625202178955,7.588134758620667,7.286379674591568,7.5257717649896225,47150400
2009-12-07,7.435245990753174,7.46139831608977,7.32057910626581,7.34874279475001,32624400
2009-12-08,7.405070781707764,7.453351170253512,7.232064393379128,7.421163988755366,23428800
2009-12-09,7.467434883117676,7.471458377737297,7.348744477749826,7.429212835335977,23272400
2009-12-10,7.6183085441589355,7.62635552924294,7.429208999101243,7.4593848094648925,25535200
2009-12-11,7.5217509269714355,7.666593664004045,7.513703937713372,7.632394343358842,19973600
2009-12-14,7.672626972198486,7.6826853230374805,7.527784264427443,7.576065422818783,18643600
2009-12-15,7.6283674240112305,7.7148706011923975,7.602215871767837,7.654519743657413,20528400
2009-12-16,7.485535144805908,7.686705134835001,7.473465436541834,7.622330799417901,22300800
2009-12-17,7.388976573944092,7.477491128418337,7.3588015239065365,7.477491128418337,29879600
2009-12-18,7.3990349769592285,7.429210794615862,7.298449941307676,7.419152444531291,22508000
2009-12-21,7.477490425109863,7.513701095671403,7.390988009216008,7.429210042629704,14538800
2009-12-22,7.433233261108398,7.531806152681837,7.417139289274392,7.531806152681837,11595600
2009-12-23,7.461397647857666,7.473468127871146,7.390988432952912,7.417139988544457,11649600
2009-12-24,7.403058052062988,7.477490759365485,7.395011065488967,7.443292217530214,4045600
2009-12-28,7.429213047027588,7.4593888738330225,7.401049351290865,7.423178188627763,9020000
2009-12-29,7.403058052062988,7.467432409849398,7.403058052062988,7.447315710817224,9640800
2009-12-30,7.415127754211426,7.463408133786057,7.370870100099017,7.370870100099017,9184000
2009-12-31,7.352766990661621,7.439270194926125,7.350755627321925,7.4050716463300805,6045200
2010-01-04,7.250168323516846,7.372882168970479,7.191828828563021,7.242121337853671,25150000
2010-01-05,7.445302486419678,7.451338109164726,7.226027122617817,7.226027122617817,21218400
2010-01-06,7.475478172302246,7.503641853296593,7.3970219845600615,7.453349346548758,14987600
2010-01-07,7.857707977294922,7.994503769273475,7.694759845478398,7.7953449414977225,54589200
2010-01-08,7.755107879638672,7.769189726477769,7.650499326403166,7.708838844681196,23387600
2010-01-11,7.743037223815918,7.815457812739018,7.6967674270719035,7.807411592238454,14601600
2010-01-12,7.672626972198486,7.714872506164048,7.616299593577738,7.704814155325054,11583200
2010-01-13,7.6987786293029785,7.71889532923289,7.62635728171064,7.680673292404894,10988400
2010-01-14,7.604227542877197,7.704812565315792,7.566005510615547,7.704812565315792,10920000
2010-01-15,7.5016326904296875,7.668603462744847,7.465422013560765,7.584112394986014,15785600
2010-01-19,7.620323657989502,7.622335021346717,7.483527927607837,7.483527927607837,10318000
2010-01-20,7.525775909423828,7.5780798151353,7.473472003712357,7.5780798151353,8459200
2010-01-21,7.413115978240967,7.566005644804833,7.403057629299279,7.547900309748661,16357200
2010-01-22,7.390987396240234,7.507665617059546,7.374893425146381,7.407080599931307,18534400
2010-01-25,7.445302486419678,7.499618486708517,7.397022108875887,7.455361601860503,12041200
2010-01-26,7.660558700561523,7.734991431668611,7.435247608848686,7.435247608848686,24568800
2010-01-27,7.722921848297119,7.763156031322339,7.610267056710358,7.666594452503738,16262800
2010-01-28,7.690730571746826,7.771198895070335,7.664578251556264,7.732976096160406,21763600
2010-01-29,7.646472930908203,7.815455796268744,7.644461568152766,7.728952617131633,17224000
2010-02-01,7.745048522949219,7.801375903001708,7.66659231004668,7.66659231004668,20108800
2010-02-02,7.891902923583984,7.893915054327813,7.795341367762005,7.799364861846633,23249200
2010-02-03,7.7973504066467285,7.8939127010857,7.751081389571238,7.875807366803743,18726400
2010-02-04,7.674638748168945,7.823504175474247,7.672626617652338,7.795340487465295,20372800
2010-02-05,7.706823825836182,7.74303449122012,7.584109989524246,7.688718493144211,19836000
2010-02-08,7.602219104766846,7.716886013068599,7.602219104766846,7.714873882100153,10746800
2010-02-09,7.65065336227417,7.699088330770715,7.606254705306312,7.695052019242027,11654400
2010-02-10,7.590108871459961,7.693032102565504,7.547728762760476,7.654688304672766,16517600
2010-02-11,7.571943759918213,7.598179387969603,7.517454733894876,7.590106768592659,18852400
2010-02-12,7.5860724449157715,7.602216918048879,7.491221067023258,7.5013114589623955,14347200
2010-02-16,7.763664722442627,7.769718802431014,7.616342873895104,7.632487343813271,11754000
2010-02-17,7.828242301940918,7.862549773608378,7.795952599846217,7.797970369418976,11612000
2010-02-18,7.888790607452393,7.908971395897691,7.775776190554619,7.828247472268766,12093200
2010-02-19,7.900896072387695,7.953366561209291,7.8645700532622085,7.8706241331673255,11656400
2010-02-22,7.9452972412109375,7.965478799021949,7.864573319510033,7.9271342241048846,16239600
2010-02-23,7.906948089599609,7.9715274912319405,7.828241991975655,7.947310408081615,18218400
2010-02-24,8.175359725952148,8.183432347214875,7.842372182263771,7.941259098265806,28059200
2010-02-25,8.423584938049316,8.455874642183328,8.023998790850925,8.048216646336888,42669200
2010-02-26,8.40139102935791,8.49422389226075,8.391300634668083,8.3953361766658,25156800
2010-03-01,8.409459114074707,8.435694744387641,8.288372892372186,8.403405033943807,21328000
2010-03-02,8.290390968322754,8.415513493058903,8.25810048983871,8.415513493058903,21886400
2010-03-03,8.306536674499512,8.36102571028328,8.266174340232183,8.32268191614544,18950800
2010-03-04,8.282319068908691,8.36102519243916,8.175358774247783,8.32268140067616,30528400
2010-03-05,8.381207466125488,8.381207466125488,8.274247922262107,8.332773275256162,15568400
2010-03-08,8.383225440979004,8.407442534780046,8.334790483529389,8.389279521967381,11134400
2010-03-09,8.40744686126709,8.463953699163882,8.356994107474117,8.391302380374261,11187200
2010-03-10,8.449823379516602,8.470004934320013,8.363044618480936,8.409461039757382,11386800
2010-03-11,8.429641723632812,8.470004059221905,8.401388319674703,8.429641723632812,15973200
2010-03-12,8.502297401428223,8.54669529665686,8.439735716079342,8.470007673149283,18422000
2010-03-15,8.651629447937012,8.657684295900191,8.4740364845252,8.49018094945029,19232000
2010-03-16,8.724287033081055,8.726305573639523,8.643563117238433,8.657689821757083,15599200
2010-03-17,8.698050498962402,8.754558081065076,8.679887485045038,8.754558081065076,11718000
2010-03-18,8.710161209106445,8.76061395030142,8.633472826932719,8.744469473439851,14771200
2010-03-19,8.673832893371582,8.760611646999262,8.649615799522413,8.673832893371582,14452000
2010-03-22,8.80299186706543,8.851426825235063,8.643561829837047,8.643561829837047,11164000
2010-03-23,8.784831047058105,8.857483117525895,8.712178976590316,8.827211934729473,13295200
2010-03-24,8.724287033081055,8.813083571462236,8.673834296986545,8.744468589427454,11494800
2010-03-25,8.78281021118164,8.86353410698272,8.730338947555847,8.78079167112432,13332400
2010-03-26,8.744465827941895,8.835280108354912,8.683921947869997,8.811063018234602,14900400
2010-03-29,8.734376907348633,8.790884491913307,8.651634455863956,8.760612544116245,10122000
2010-03-30,8.718234062194824,8.815103235460041,8.689980649556771,8.756577869368215,10436400
2010-03-31,8.580998420715332,8.710157256385788,8.550726481796838,8.685940167159425,16798400
2010-04-01,8.619340896606445,8.663739528298272,8.552743718915973,8.603196429530406,15062800
2010-04-05,8.950313568115234,8.962422499884093,8.637506810971232,8.637506810971232,19350400
2010-04-06,9.02094554901123,9.0713982637486,8.928112738657829,8.940220897492505,23748800
2010-04-07,9.004803657531738,9.063329013142226,8.944260531314647,9.00883996859256,19917200
2010-04-08,9.045166015625,9.150107793864604,8.899861896547451,9.05525640837258,28156800
2010-04-09,9.04718017578125,9.073415030253514,8.907930205802286,9.000763005890098,19628400
2010-04-12,9.204594612121582,9.238902093134627,9.047182367760682,9.0935987790505,23136800
2010-04-13,9.313576698303223,9.349902734978054,9.194508193613,9.200562276442882,24128800
2010-04-14,9.351916313171387,9.378151943418114,9.271191652341805,9.349898543081986,21797600
2010-04-15,9.333751678466797,9.35393245523808,9.24899149221066,9.289353045753229,14717200
2010-04-16,9.218720436096191,9.32971625861489,9.137995781620397,9.293390241085518,18930000
2010-04-19,9.180377006530762,9.224774875360664,9.0532359402214,9.212666715610414,12028800
2010-04-20,9.28128433227539,9.319628129032711,9.184414415477079,9.234867144296073,15922800
2010-04-21,9.456864356994629,9.485117776130839,9.25707111191325,9.28532453104946,19800000
2010-04-22,9.624361991882324,9.664724327730744,9.37411689534766,9.394297678348108,22151600
2010-04-23,9.688941955566406,9.705087198735061,9.543638616286339,9.672797482245317,18674000
2010-04-26,9.664727210998535,9.78783202563056,9.644546421977573,9.70105324711447,18838400
2010-04-27,9.485109329223633,9.729300256978604,9.479055250470992,9.660684541675437,22747600
2010-04-28,9.424570083618164,9.553728948771786,9.374117353802058,9.553728948771786,17229200
2010-04-29,9.539603233337402,9.60216490192948,9.448788156299752,9.487131957783363,11159200
2010-04-30,9.351916313171387,9.620324386212015,9.339807383092722,9.56179981545036,17192400
2010-05-03,9.51336669921875,9.584000983525213,9.335772873060941,9.400353076084519,11823600
2010-05-04,9.216700553894043,9.436674396961386,9.190465699380805,9.436674396961386,20402400
2010-05-05,9.347877502441406,9.583996571801555,9.15615706164494,9.162211909988216,32731200
2010-05-06,9.006823539733887,9.232851603878016,8.476060488806047,9.125892039299119,39842000
2010-05-07,8.813079833984375,9.087542725119075,8.694012166349662,9.008836613365192,39581600
2010-05-10,9.234865188598633,9.353933634189854,9.029018776075736,9.273209747083149,31853600
2010-05-11,9.261187553405762,9.362424842578903,9.1457763331595,9.214617720692404,29705200
2010-05-12,9.41507339477539,9.425196975132547,9.220697871351149,9.299662879468517,18633600
2010-05-13,9.184247970581055,9.413044484623063,9.141728489993753,9.413044484623063,16810800
2010-05-14,9.161975860595703,9.279411502037124,9.066812549246917,9.151852284838865,25194800
2010-05-17,9.161975860595703,9.25106440858693,9.026318246219564,9.198421351223777,31241200
2010-05-18,8.844091415405273,9.030367694052499,8.748928097360196,8.848141000468827,60626800
2010-05-19,8.744878768920898,8.827893334211431,8.586948808704616,8.730705606972228,31250400
2010-05-20,8.795496940612793,9.034417046556683,8.524180927373767,8.528230512333078,41963200
2010-05-21,8.904830932617188,8.977721896786958,8.611242670213008,8.67198565527391,32782800
2010-05-24,8.898756980895996,9.01821700104231,8.840039173689693,8.91293013816936,20535200
2010-05-25,9.18222427368164,9.192348623208813,8.706409196322749,8.750953862628142,45020400
2010-05-26,9.010119438171387,9.259163096248813,8.971649543345848,9.204494863151922,34085200
2010-05-27,9.315860748291016,9.321935514601234,9.127559985027512,9.133633978958036,24119600
2010-05-28,9.204496383666992,9.344204371008649,9.143754149873816,9.317882453159156,17404400
2010-06-01,9.166028022766113,9.28751251076699,9.101236192848374,9.18627517997308,22347200
2010-06-02,9.338127136230469,9.338127136230469,9.058712780234966,9.180197215678296,23363600
2010-06-03,9.374573707580566,9.585147474302325,9.325980236724341,9.512256495638693,25001200
2010-06-04,9.008092880249023,9.303705531672538,8.98177097303542,9.267260051647272,20826800
2010-06-07,8.902807235717773,9.127554135675467,8.89268288914878,9.066811145778317,19822400
2010-06-08,9.064786911010742,9.080984475544335,8.835990422582233,8.882559482637731,19082800
2010-06-09,9.115403175354004,9.307754127887005,9.080982104590891,9.105279603616271,21578800
2010-06-10,9.358380317687988,9.37255348404424,9.184251962591608,9.21259829530411,17652400
2010-06-11,9.323954582214355,9.392795972728953,9.212593713776425,9.251063607271927,13090000
2010-06-14,9.330031394958496,9.4353175236976,9.251065639835032,9.364451711588698,15635600
2010-06-15,9.439367294311523,9.439367294311523,9.291560903026191,9.336105570014448,15308800
2010-06-16,9.374573707580566,9.463663024782468,9.332054227486546,9.404945206150177,11748000
2010-06-17,9.293584823608398,9.378623788294549,9.204495501694145,9.378623788294549,14716000
2010-06-18,9.30573558807373,9.453542003539068,9.267265679077402,9.30371118123374,23258000
2010-06-21,9.127557754516602,9.37862589243395,9.080987904497254,9.356353556958483,15923200
2010-06-22,9.006075859069824,9.247020508679217,8.997976684533427,9.14578314411362,15103200
2010-06-23,9.052640914916992,9.119457916459734,8.910908513288303,8.979749921371983,14835200
2010-06-24,8.93722915649414,9.07491195300245,8.892684495159292,9.07491195300245,16884800
2010-06-25,8.734759330749512,8.939259231267194,8.730709743648395,8.939259231267194,42094800
2010-06-28,8.750953674316406,8.854215394808406,8.724631756395146,8.761077251246302,22371600
2010-06-29,8.510007858276367,8.706408482841395,8.469513553003852,8.621369514913875,37787200
2010-06-30,8.49380874633789,8.649714264905013,8.465462428849182,8.5221550638266,22856400
2010-07-01,8.68818473815918,8.702357897851797,8.406745178006805,8.489759730083255,25504800
2010-07-02,8.578845024108887,8.744874065389315,8.548474310145286,8.69628061409596,16530800
2010-07-06,8.588972091674805,8.809669434782007,8.520131469716643,8.773224717666222,20384800
2010-07-07,8.809670448303223,8.813720033421822,8.576825096829161,8.62541857349358,21030000
2010-07-08,8.408770561218262,8.710458079116847,8.287286100484772,8.678062171429293,60300000
2010-07-09,8.447240829467773,8.451290414282873,8.337904356598042,8.420918914359284,21342400
2010-07-12,8.501908302307129,8.520131046148748,8.422942564073937,8.445214892366945,17173600
2010-07-13,8.659843444824219,8.692239367549377,8.532284161177786,8.60517518040432,16077600
2010-07-14,8.599098205566406,8.647691686620377,8.510008869668368,8.647691686620377,15658000
2010-07-15,8.682110786437988,8.696283946194102,8.512032096985347,8.588971886410171,17447200
2010-07-16,8.350054740905762,8.657815523132513,8.321707641666936,8.657815523132513,22644400
2010-07-19,8.382451057434082,8.465465635400681,8.339930792715958,8.343980378516708,16252400
2010-07-20,8.512031555175781,8.516081139473945,8.22046766474178,8.303482211906076,24265200
2010-07-21,8.445215225219727,8.584923190971567,8.404720151489059,8.550502107967748,16099200
2010-07-22,8.554555892944336,8.615298147175698,8.501912811911732,8.514060799330204,17628400
2010-07-23,8.682110786437988,8.686160370993917,8.503932927873489,8.562650745365547,11149200
2010-07-26,8.698309898376465,8.702359483652193,8.574800250794688,8.653766005102277,11866400
2010-07-27,8.556574821472168,8.718555092216377,8.465461884652516,8.718555092216377,21420400
2010-07-28,8.429021835327148,8.669966446213113,8.402699908504081,8.562655104181665,13912800
2010-07-29,8.2872896194458,8.493813908290868,8.11518643159809,8.467491980749324,31251200
2010-07-30,8.406747817993164,8.426994974661078,8.18605041184304,8.238693482607323,22669600
2010-08-02,8.501908302307129,8.578848089745739,8.447240070782268,8.489759548952962,21837600
2010-08-03,8.305508613586426,8.485710893311479,8.23059322398396,8.465463741217627,18084000
2010-08-04,8.329805374145508,8.422943509847729,8.307533043351642,8.368276044563768,20658400
2010-08-05,8.503933906555176,8.582898883535346,8.224518719073568,8.273112966957948,33055600
2010-08-06,8.439144134521484,8.447243306526676,8.291337721134726,8.447243306526676,14827600
2010-08-09,8.702361106872559,8.720583857822655,8.45736694483869,8.45736694483869,16317600
2010-08-10,8.671881675720215,8.736900407443272,8.600767680112003,8.661722644216816,13744400
2010-08-11,8.493080139160156,8.592640512353936,8.44025270803258,8.539812306141906,13313200
2010-08-12,8.480884552001953,8.505266369125914,8.35694242107216,8.405706055320083,13210000
2010-08-13,8.310214042663574,8.462601825046763,8.302086508249563,8.442282989011732,12652800
2010-08-16,8.405707359313965,8.529649509471147,8.249255856253596,8.267542415704396,19738000
2010-08-17,8.48901081085205,8.635303255202341,8.460565230024816,8.476820290545492,18663600
2010-08-18,8.552002906799316,8.584512271379865,8.405710378644654,8.489015673825083,15988400
2010-08-19,8.519495964050293,8.610928820138515,8.407745039980071,8.509336930059293,21726400
2010-08-20,8.48901081085205,8.572316058310646,8.44227867448103,8.448374709718257,14730400
2010-08-23,8.415870666503906,8.566226984569647,8.415870666503906,8.499176749208964,13467200
2010-08-24,8.27770709991455,8.43822168855065,8.26348352298988,8.334598307274963,17089200
2010-08-25,8.348822593688965,8.389459509780064,8.188307201425715,8.259421998356313,14884000
2010-08-26,8.241129875183105,8.373198794686326,8.220811043278175,8.35288073786558,13259200
2010-08-27,8.356945991516113,8.426028482118987,8.182207881456826,8.277704470694884,13750400
2010-08-30,8.208620071411133,8.37523060852147,8.206587800789414,8.316307161837923,10481600
2010-08-31,8.064361572265625,8.212685594938192,8.037948246711654,8.159858168745867,23908000
2010-09-01,8.308184623718262,8.375235643025968,8.133446449251084,8.159860557622418,20370000
2010-09-02,8.421966552734375,8.472762489994432,8.27770627693609,8.27770627693609,13010800
2010-09-03,8.511370658874512,8.53372100456671,8.413842511832499,8.462606972895912,11308400
2010-09-07,8.318340301513672,8.501205939404977,8.304117504687047,8.486983142578353,12161600
2010-09-08,8.383358001708984,8.419931124832887,8.283798436048295,8.328499092107332,10622800
2010-09-09,8.356945991516113,8.460569339878262,8.320372862662573,8.456505572774056,10110800
2010-09-10,8.352883338928223,8.434156366603569,8.328501508134062,8.342724307354358,6993600
2010-09-13,8.377267837524414,8.432127555595073,8.352885998965679,8.395554410214633,13630000
2010-09-14,8.578417778015137,8.631245209545405,8.389456837209494,8.401647365594078,15385200
2010-09-15,8.641400337219238,8.653591635180032,8.533713251359945,8.568254099622695,11360400
2010-09-16,8.694231986999512,8.7308051203822,8.582481090589926,8.592640122066358,11464800
2010-09-17,8.698297500610352,8.728774601157294,8.62515121916237,8.702361269033526,12915200
2010-09-20,8.765347480773926,8.781602553982406,8.633278498835509,8.698297241500326,14332000
2010-09-21,8.722681045532227,8.785668305808777,8.633280447955432,8.769413228930418,12730000
2010-09-22,8.840524673461914,8.897416650854003,8.724709997287462,8.740965069423632,17305600
2010-09-23,8.972594261169434,9.037612998381318,8.77753804953378,8.801919882217115,16927200
2010-09-24,9.15342903137207,9.17171560237046,8.994945932775758,9.057933182900124,10434000
2010-09-27,9.10872745513916,9.167650150797224,9.09653615168346,9.135140783333153,8706000
2010-09-28,9.187968254089355,9.218445347661214,9.047770988371852,9.092471655711854,11680000
2010-09-29,9.133110046386719,9.181873714095309,9.076218067280665,9.104664444375954,10603600
2010-09-30,9.06809139251709,9.190001338035508,8.990881346977009,9.147332934612514,16595600
2010-10-01,9.0498046875,9.177809895849839,8.996976476838732,9.13920526120085,11538800
2010-10-04,9.051836013793945,9.16561919416071,8.994944811152816,8.994944811152816,11993600
2010-10-05,9.084343910217285,9.133108343920414,8.856778361466228,9.10669424336937,18498400
2010-10-06,9.053861618041992,9.098561483592247,8.964460336773616,9.04167032284614,12125600
2010-10-07,8.970558166503906,9.108723106028181,8.887252903709923,8.970558166503906,19855200
2010-10-08,9.076217651367188,9.1574914606032,8.966499016508402,8.966499016508402,12310400
2010-10-11,9.1412353515625,9.2225083696017,9.070120588808322,9.070120588808322,8489200
2010-10-12,9.106696128845215,9.143269267923673,9.066059221526423,9.110759897085547,8760400
2010-10-13,9.029481887817383,9.143265020435326,9.021355130196527,9.13716975844864,11612000
2010-10-14,9.047768592834473,9.135137633093407,8.990877413162307,9.0396418350843,9311200
2010-10-15,9.149360656738281,9.173743255850919,9.049801089823083,9.070119147332736,13876400
2010-10-18,9.183908462524414,9.210322575122829,9.088411822804192,9.149366811421144,9969200
2010-10-19,9.053861618041992,9.161548679478246,9.011192472398479,9.096529988601572,15020000
2010-10-20,9.135137557983398,9.202188540689315,9.03760949002549,9.053864555560569,9651200
2010-10-21,9.11482048034668,9.20625329609358,9.029482927288148,9.202189529273245,10041200
2010-10-22,9.11482048034668,9.210317062913917,9.072152091359548,9.124979509855386,7792400
2010-10-25,9.283465385437012,9.301751954190491,9.171714476425525,9.175778244491243,11810800
2010-10-26,9.368799209594727,9.401308566006085,9.224538988962088,9.248920812499557,11458800
2010-10-27,9.403348922729492,9.411476463262197,9.226579179110265,9.330202608105006,16717200
2010-10-28,9.435853004455566,9.470394644756018,9.26111563175828,9.441949043970052,11505600
2010-10-29,9.32409954071045,9.419596124375254,9.299717714592472,9.401309561015701,12355200
2010-11-01,9.315973281860352,9.391151816562347,9.267209622951128,9.354578684838238,11640400
2010-11-02,9.415534019470215,9.450074881310563,9.352546784539422,9.374897118711136,10496000
2010-11-03,9.513063430786133,9.523222463608606,9.419599088684146,9.437885657798407,13458400
2010-11-04,9.52322006225586,9.580112026868102,9.492742971473472,9.545570393880206,15990000
2010-11-05,9.567925453186035,9.59230729287631,9.47649258549162,9.59230729287631,24245600
2010-11-08,9.386509895324707,9.406893662731878,9.302938392858358,9.380395153883166,26235200
2010-11-09,9.270326614379883,9.39058813971135,9.239752124756771,9.39058813971135,16245200
2010-11-10,9.307013511657715,9.321281757556052,9.154138781980315,9.26013202119731,17557600
2010-11-11,9.325361251831055,9.376319510037781,9.158218227117894,9.2234447354176,16743600
2010-11-12,9.333513259887695,9.382432744470584,9.264210008760944,9.270324749943509,14742000
2010-11-15,9.315168380737305,9.382432867309733,9.256056623327972,9.347781630073282,12323200
2010-11-16,9.178598403930664,9.4130066308037,9.13171691406827,9.286630406932856,24279600
2010-11-17,9.254015922546387,9.34574012484089,9.16636769485793,9.16636769485793,13997600
2010-11-18,9.341669082641602,9.433393333366563,9.3274000537425,9.341669082641602,12773600
2010-11-19,9.394665718078613,9.402819227051326,9.251982421301776,9.34778420782763,10537600
2010-11-22,9.431354522705078,9.445622772798808,9.315169756192526,9.351859764308207,8134400
2010-11-23,9.343707084655762,9.453777118759996,9.29274882192914,9.376320341698344,11434400
2010-11-24,9.47619915008545,9.490467401852511,9.360013592385737,9.388550873481265,7298000
2010-11-26,9.447662353515625,9.470084115317029,9.386512588869078,9.435432867123183,3559600
2010-11-29,9.231595039367676,9.394661253522115,9.1561762835529,9.390584500973123,17368800
2010-11-30,9.296822547912598,9.36816378146666,9.172484302951695,9.178599043667434,13891600
2010-12-01,9.292747497558594,9.45581375953186,9.243827230185978,9.433392002717799,20089200
2010-12-02,9.076683044433594,9.162293306909717,8.940115310623215,8.99922706595659,36527600
2010-12-03,9.231595039367676,9.231595039367676,8.970688319159532,9.017570584692411,15945200
2010-12-06,9.170443534851074,9.231593256151905,9.152098540704735,9.22343975262889,10750400
2010-12-07,9.143949508666992,9.26013426922238,9.12560450554976,9.2295590048399,15885600
2010-12-08,9.113371849060059,9.17248359663078,9.07056711222377,9.143947105406589,13340800
2010-12-09,9.16433334350586,9.211214849663083,9.101145598388506,9.162295355221348,8174400
2010-12-10,9.186752319335938,9.213250824374999,9.070567583283044,9.162292579525094,10462400
2010-12-13,8.991073608398438,9.247902842100713,8.976805360835042,9.217328359133942,20941600
2010-12-14,9.062417030334473,9.127643542790468,8.974768758428976,9.013497534773158,11828400
2010-12-15,8.94011402130127,9.044068491928957,8.94011402130127,9.029800246500864,14016000
2010-12-16,8.927886009216309,8.972729521877012,8.86265950583415,8.950307765546661,18336800
2010-12-17,8.854508399963379,8.919734921035703,8.832087415113458,8.899351924786151,22137200
2010-12-20,8.946228981018066,8.966612744673482,8.801507758089462,8.85450398847139,14204000
2010-12-21,9.011457443237305,9.037955953012377,8.92380918422543,8.968652696527668,19540000
2010-12-22,9.042033195495605,9.082799956377952,8.989036173080168,9.005343188457623,14027200
2010-12-23,9.06852912902832,9.090950102457358,8.999225888495747,9.00941738142914,9210000
2010-12-27,9.033878326416016,9.072606315759291,8.984958842778319,9.023686832121593,6644800
2010-12-28,9.046106338500977,9.088911070438947,8.999224854345917,9.033876081849709,5502800
2010-12-29,9.097066879272461,9.127641362304056,9.039993111336697,9.046108629991958,5082400
2010-12-30,9.117451667785645,9.133758684003848,9.064455420199145,9.103183417375382,4557600
2010-12-31,9.048151969909668,9.125608772349644,9.03999845858722,9.125608772349644,5143600
2011-01-03,8.929924011230469,9.097067009050065,8.887118490277693,9.084836749126245,17199600
2011-01-04,8.883045196533203,8.96253996613642,8.874891687455586,8.936041450414873,19881600
2011-01-05,8.764817237854004,8.858580212388492,8.673092250782862,8.84635073248636,25108000
2011-01-06,9.278478622436523,9.317206614055227,8.936039106608229,8.972729110272777,38274400
2011-01-07,9.304977416992188,9.366127165790788,9.237712149020856,9.335551902610867,20852400
2011-01-10,9.290706634521484,9.355933119126902,9.241786382286906,9.258092614657745,13473200
2011-01-11,9.311090469360352,9.404853452344888,9.292745470292846,9.351857220350485,10658000
2011-01-12,9.35389518737793,9.400776678766853,9.304975708346486,9.333512200708345,9164000
2011-01-13,9.278478622436523,9.39466337485385,9.26421037407378,9.33147486241797,9977200
2011-01-14,9.370203971862793,9.388548974361237,9.225481939903396,9.268287464107265,9288000
2011-01-18,9.413005828857422,9.423197320992095,9.33351110162157,9.337587853987639,8262400
2011-01-19,9.527153968811035,9.574035461599921,9.410968453129385,9.419121959065137,17284000
2011-01-20,9.584230422973633,9.627035178282119,9.468045642815513,9.494544157913749,16716800
2011-01-21,9.62702751159668,9.661679507984898,9.57606928798402,9.614797258007759,10714000
2011-01-24,9.692256927490234,9.753406658937035,9.470078973770072,9.470078973770072,13827200
2011-01-25,9.898133277893066,9.902210032237488,9.661686968846297,9.704491723120649,23531200
2011-01-26,9.904244422912598,9.936857668259826,9.816596180249212,9.879784683292451,11026000
2011-01-27,9.90832233428955,9.926667335539893,9.834942329288179,9.90628356883885,15887600
2011-01-28,9.724870681762695,9.93685715433653,9.702448930953397,9.898129170477509,12730400
2011-01-31,9.659643173217773,9.714678161869244,9.600531432344603,9.694295178321727,13853200
2011-02-01,9.771756172180176,9.83494469782926,9.647418664385086,9.696338161126443,15170000
2011-02-02,9.60665225982666,9.759527053622165,9.569962247110826,9.71672152041275,14307600
2011-02-03,10.091767311096191,10.161070533515447,9.775826447369916,9.836976166549055,20138400
2011-02-04,10.130500793457031,10.154960537038747,10.067312280179598,10.085657282256193,12095200
2011-02-07,10.148843765258789,10.2079555131871,10.08769402975688,10.12030727386197,12272400
2011-02-08,10.189738273620605,10.204049641343486,10.107958360994676,10.150893244074366,7539200
2011-02-09,10.093644142150879,10.220403048906972,10.050710051109698,10.159067741807197,10389600
2011-02-10,10.218358993530273,10.23062621197781,10.05888905326676,10.069111345350928,8946000
2011-02-11,10.386005401611328,10.426895343253298,10.142711457703294,10.173378329001697,13222800
2011-02-14,10.128401756286621,10.294004916226761,10.11817946417725,10.253115747789277,9563200
2011-02-15,10.079330444335938,10.216311610583451,10.052751869408393,10.1222645254346,8787600
2011-02-16,10.103865623474121,10.222446375790458,10.091599186966063,10.140666492819827,9950000
2011-02-17,10.058890342712402,10.122269029705269,10.040489902637798,10.087513076181567,10464800
2011-02-18,10.238802909851074,10.244936128252164,10.077288066062259,10.085466210537568,9092000
2011-02-22,10.165200233459473,10.27151376211758,10.09159849977996,10.167244379434699,11188000
2011-02-23,9.979151725769043,10.21426750780728,9.78083603055838,9.854437764034945,24086400
2011-02-24,10.271512031555176,10.318535180169942,9.99755050230046,9.99755050230046,22352800
2011-02-25,10.289915084838867,10.404405987203415,10.187690619207219,10.27355879598063,12994800
2011-02-28,10.195866584777832,10.283779675551589,10.169288788896033,10.265379243066135,15031200
2011-03-01,10.144752502441406,10.320578651811978,10.114085640518267,10.316489580906786,15741600
2011-03-02,10.318538665771484,10.324671884646339,10.105911572453632,10.116133863882004,12664400
2011-03-03,10.414628028869629,10.44938475190729,10.28991483890478,10.324670782031681,22172400
2011-03-04,10.341029167175293,10.447341944125045,10.253116048615718,10.386007409758367,11026400
2011-03-07,10.08342170715332,10.361472391683229,10.081377560904196,10.355339173025039,14589200
2011-03-08,10.12226390838623,10.195865631446152,10.040484822694562,10.11613069143477,14969600
2011-03-09,10.138627052307129,10.189739307908614,10.087514796705642,10.126359830194767,7932000
2011-03-10,10.114089012145996,10.199957190048394,10.046620489584864,10.081377213910208,7916000
2011-03-11,10.175424575805664,10.222447741828772,10.044577369495995,10.095689608205138,6304400
2011-03-14,10.09568977355957,10.204047471826238,10.03844353492832,10.148846159526931,9991600
2011-03-15,10.03435230255127,10.097730961879115,9.913727421362289,9.917815713006764,14352800
2011-03-16,9.934172630310059,10.073197952373572,9.878971330675073,9.989373929945046,13637600
2011-03-17,9.950531005859375,10.09160129444863,9.93008642080255,10.05275549096536,7987200
2011-03-18,9.948485374450684,10.050709844299092,9.864661340371422,10.050709844299092,14082400
2011-03-21,10.073198318481445,10.08546553437197,9.93417299136509,10.028219306793586,8830400
2011-03-22,9.989375114440918,10.130444599183921,9.983241895946682,10.089554656097157,9388000
2011-03-23,10.128401756286621,10.15293541333129,9.928041867281543,9.973020108544954,8661200
2011-03-24,10.287873268127441,10.326718296039898,10.152936963907678,10.152936963907678,9790000
2011-03-25,10.253116607666016,10.3492070974458,10.24698260795725,10.281739339937056,6712400
2011-03-28,10.060935020446777,10.271518019062123,10.054801800068526,10.242894504171204,10318000
2011-03-29,10.116134643554688,10.130446008639586,10.005732015833269,10.048666890998868,7560800
2011-03-30,10.240849494934082,10.277650373926537,10.116135491671987,10.159069590526192,8946000
2011-03-31,10.167244911193848,10.269469373337254,10.069109521125469,10.216312996183413,13380400
2011-04-01,10.120219230651855,10.23266595501032,10.101818800854248,10.20608738310032,9601600
2011-04-04,10.140666961669922,10.189735049703097,10.081377362681286,10.140666961669922,7130400
2011-04-05,10.420763969421387,10.426897188784476,10.12635696141861,10.138624180055693,18252800
2011-04-06,10.53934383392334,10.549566126040002,10.383962965981745,10.426897060818263,15314400
2011-04-07,10.45142936706543,10.621122357931132,10.322627099203169,10.453474293170999,12614800
2011-04-08,10.365562438964844,10.525032378362322,10.31036112611705,10.522988231920948,9643600
2011-04-11,10.445297241210938,10.47596489671614,10.341028616332824,10.353295054606203,6823200
2011-04-12,10.439162254333496,10.543430861555034,10.363515591540038,10.363515591540038,7743600
2011-04-13,10.480055809020996,10.52912391411171,10.353297642410674,10.453477999511637,6232400
2011-04-14,10.453474044799805,10.4596072631492,10.32262685394086,10.422806393231275,6691200
2011-04-15,10.512762069702148,10.549562934116214,10.373737535139826,10.426893906009774,10528800
2011-04-18,10.574101448059082,10.592501887373539,10.357385249456705,10.41463071403014,10833600
2011-04-19,10.5863676071167,10.617035265131737,10.498454486045263,10.576145314415333,8568000
2011-04-20,10.694726943969727,10.756061484966317,10.584324302229263,10.612947036033605,10197600
2011-04-21,10.743793487548828,10.764238853009251,10.65996943893846,10.74174934095826,5225200
2011-04-25,10.760149002075195,10.770371294110973,10.670190960374216,10.719259054021196,5356000
2011-04-26,10.870550155639648,10.956419119075525,10.788771044650687,10.80103826225891,8015600
2011-04-27,10.895085334777832,10.929841283841355,10.807172219026588,10.858284459351223,8479200
2011-04-28,10.982999801635742,10.98913302165771,10.807173548503462,10.856240868501175,8095600
2011-04-29,10.962552070617676,11.040242887087022,10.946196560783026,10.976863434189552,10984800
2011-05-02,10.899169921875,11.013660793938762,10.835790489189295,10.985038075922821,7251200
2011-05-03,10.876681327819824,11.015706638273759,10.86032504192612,10.880770399293251,11982800
2011-05-04,10.88895034790039,11.015709253943466,10.83374981967842,10.886906201633614,11274000
2011-05-05,10.911438941955566,10.972773463659365,10.682456363636364,10.68654543573805,21116800
2011-05-06,10.778548240661621,11.007530832415977,10.760147805079793,10.968685815036919,12756800
2011-05-09,10.868505477905273,10.927795856913052,10.756058718349324,10.774459153906538,9548400
2011-05-10,10.983404159545898,11.032648237514936,10.866450354916006,10.86850261546492,10113200
2011-05-11,10.96083927154541,11.051119994208278,10.88287055269277,10.969046752279933,7779600
2011-05-12,11.219366073608398,11.229625030098022,10.932110595649686,11.032650247747698,13076000
2011-05-13,11.196800231933594,11.272717478580297,11.137297165479564,11.241940597203342,9055200
2011-05-16,11.143450736999512,11.243989623357118,11.118828298019071,11.188590309713637,11580400
2011-05-17,10.681788444519043,10.925955045449925,10.583301056344194,10.823363918262602,31184800
2011-05-18,10.80489730834961,10.921851128824581,10.706409921776379,10.710513660722118,15552800
2011-05-19,10.70025634765625,10.815157924946545,10.634598079859426,10.815157924946545,12518400
2011-05-20,10.796692848205566,10.827470507547087,10.540214962720867,10.648962118408086,14463200
2011-05-23,10.827468872070312,10.934163750240815,10.700256079243598,10.706411297098807,13651600
2011-05-24,10.860297203063965,11.083945900215625,10.837727028984075,10.856193463894147,11850000
2011-05-25,10.796692848205566,10.884921303428975,10.737190573631494,10.813107808576616,12598000
2011-05-26,11.016234397888184,11.057271003227218,10.75565285409969,10.782326764976284,15267600
2011-05-27,10.96904468536377,11.071635827088553,10.954681988138963,11.012132777038188,8290000
2011-05-31,10.878764152526855,11.02854711712279,10.76386179846186,10.997769463247517,21562000
2011-06-01,10.66948127746582,10.905441272647014,10.661273796325426,10.852093427942936,17976400
2011-06-02,10.53200626373291,10.589457048696804,10.390429996917252,10.43967408596362,20057600
2011-06-03,10.468401908874512,10.538163927973574,10.427365288926516,10.45814294956462,16141200
2011-06-06,10.322718620300293,10.521744857853438,10.318614881637284,10.464294081987555,12250000
2011-06-07,10.36375904083252,10.540215968110871,10.31861946092323,10.388381483737732,13861600
2011-06-08,10.302206993103027,10.376072774284294,10.267326364605571,10.328880921353742,11705200
2011-06-09,10.347343444824219,10.427364416538351,10.318618048076413,10.318618048076413,9950000
2011-06-10,10.154473304748535,10.332981702997943,10.148317302941017,10.318619003294451,12146400
2011-06-13,10.156522750854492,10.230388496094031,10.154471272468182,10.16678170820259,9323200
2011-06-14,10.174994468688965,10.259119214943151,10.170890727077946,10.23244528582587,17458400
2011-06-15,10.166783332824707,10.271426749538522,10.094969837204168,10.105228796191616,19834400
2011-06-16,10.172934532165527,10.244747993885925,10.105224025936556,10.18934870225532,12259200
2011-06-17,10.271428108215332,10.396588676751547,10.197562341401497,10.2406504444734,17066000
2011-06-20,10.337082862854004,10.388378429763966,10.15652224817263,10.24064694659664,12311600
2011-06-21,10.478657722473145,10.488916678703282,10.29194190133519,10.36375537765433,14823200
2011-06-22,10.466351509094238,10.58330617069733,10.42326340270332,10.437626104833626,20040800
2011-06-23,10.480713844299316,10.575097528719361,10.332982315496828,10.36991519769745,14244400
2011-06-24,10.201662063598633,10.49096901452112,10.189350846409605,10.466346580143066,15450800
2011-06-27,10.26526927947998,10.33708354753552,10.183196836612874,10.222181188271628,12541600
2011-06-28,10.575094223022461,10.583301701547775,10.441725436464933,10.511487438513631,14480000
2011-06-29,10.671529769897461,10.79874334384655,10.560731936343586,10.612027505052918,15595200
2011-06-30,10.778228759765625,10.948530488568586,10.722829430493885,10.87671619534586,11727600
2011-07-01,10.909540176391602,10.932110349786093,10.73923931091094,10.770016962395827,9315600
2011-07-05,11.024445533752441,11.073689633041637,10.858247579198357,10.923906639153422,11299600
2011-07-06,11.036755561828613,11.118828008165536,10.98956372907551,11.018289124428849,10070000
2011-07-07,11.282974243164062,11.449171393767493,11.22757493206015,11.297336940556747,16767200
2011-07-08,11.317859649658203,11.360947760085923,11.229631166758416,11.239890128854258,14286400
2011-07-11,11.3753080368042,11.47789920129355,11.211162330162932,11.227577292181293,17331200
2011-07-12,11.32811164855957,11.42249529415914,11.299386259264757,11.330163909342431,13534800
2011-07-13,11.34043025970459,11.455332674514567,11.285030923066316,11.383518371742582,10980000
2011-07-14,11.303494453430176,11.397878136231371,11.22347347093749,11.367101256731049,9291200
2011-07-15,11.338371276855469,11.340423537760053,11.2008995391599,11.3342683204627,10974000
2011-07-18,11.301441192626953,11.338373285662493,11.25014561883916,11.287077711874698,6757200
2011-07-19,11.494308471679688,11.496359949561917,11.332214324200574,11.352733016563294,8413600
2011-07-20,11.475846290588379,11.568178483650476,11.395825317504018,11.568178483650476,9204000
2011-07-21,11.557917594909668,11.65024898984452,11.48610333109471,11.500466027316055,7828000
2011-07-22,11.529191970825195,11.590747280668275,11.465585965292822,11.549710668342314,8114000
2011-07-25,11.352737426757812,11.48405397805939,11.344529946624368,11.445068838779719,8873600
2011-07-26,11.502521514892578,11.55792083701848,11.350686248765092,11.410189311349408,8854400
2011-07-27,11.25424861907959,11.47174213454817,11.252197140511887,11.443016738350279,7398800
2011-07-28,11.32811164855957,11.455325205019674,11.266557131112378,11.266557131112378,6991600
2011-07-29,11.346579551696777,11.508673735378736,11.194745107841674,11.248092154483352,10014400
2011-08-01,11.231679916381836,11.410188305693188,11.106518582911118,11.395825606708849,10946400
2011-08-02,10.901335716247559,11.262456216479958,10.897231976360919,11.157813588849884,14106000
2011-08-03,11.008028030395508,11.032649681247984,10.809000997341888,10.93416229512991,12239600
2011-08-04,10.722825050354004,10.981355148015806,10.696151918892133,10.870556534732177,21839200
2011-08-05,10.813106536865234,10.938267855495097,10.58330259765615,10.794640099973806,22712800
2011-08-08,10.417101860046387,10.747445373963066,10.347339870879459,10.61818035053739,25684000
2011-08-09,10.96288013458252,10.995832589285035,10.324426030103103,10.462414188654732,29395600
2011-08-10,10.443875312805176,10.793995532098371,10.423280329290153,10.77340054858335,25148400
2011-08-11,10.92786979675293,11.051441320193302,10.48712958234548,10.518022856029866,18054400
2011-08-12,11.098811149597168,11.135882766161329,10.7528099187641,10.9381680015849,16248800
2011-08-15,11.045262336730957,11.201786309686836,10.890797548598158,11.166774668154702,19187600
2011-08-16,11.315058708190918,11.461285950417091,10.791938631144628,10.833128606888806,20882800
2011-08-17,11.226503372192383,11.498362192725399,11.111170136574051,11.397444825910615,12099600
2011-08-18,10.89079761505127,11.026726598011598,10.756927816926584,10.791940244320898,18658000
2011-08-19,10.886678695678711,11.020547711056196,10.79811881850429,10.824892935839213,19325200
2011-08-22,10.92786979675293,11.078215438343197,10.872262375510187,11.078215438343197,15463600
2011-08-23,11.364490509033203,11.364490509033203,10.87432198057186,10.94640602673746,15163600
2011-08-24,11.467463493347168,11.483939325371072,11.220319727801646,11.374784483061552,13026000
2011-08-25,11.082331657409668,11.648702430130067,11.03290258974151,11.488058549444839,20455200
2011-08-26,11.259449005126953,11.319175557700262,10.802233925163117,11.06585348735115,20225200
2011-08-29,11.372729301452637,11.37478848656224,11.222383647694747,11.348014366245488,11304400
2011-08-30,11.345954895019531,11.415978971709984,11.181192592703352,11.354193206547496,16981200
2011-08-31,11.24915599822998,11.53337144305838,11.183251081407247,11.41597826086485,15562000
2011-09-01,10.913451194763184,11.203844930032844,10.837248009466961,11.156475042676405,28278800
2011-09-02,10.76516342163086,10.874318260399342,10.703377678660932,10.707496832945374,14276800
2011-09-06,10.728090286254883,10.738387777670857,10.509779854254333,10.569506404374517,11537200
2011-09-07,10.938165664672852,10.938165664672852,10.742510126974137,10.878439096785623,11837200
2011-09-08,10.91757583618164,10.989659908092644,10.851670892842314,10.855790050007135,14150400
2011-09-09,10.666308403015137,10.91345221446713,10.59010521059883,10.829011497332955,18819600
2011-09-12,10.810476303100586,10.810476303100586,10.491248436365055,10.52420089404535,13241600
2011-09-13,10.847548484802246,10.919632535110557,10.730155290557295,10.802239340865606,15070000
2011-09-14,11.0184907913208,11.104990715748755,10.666311180752036,10.870204308702911,22202000
2011-09-15,11.446869850158691,11.455107374313103,11.078213735788829,11.152356952717792,21162800
2011-09-16,11.790814399719238,11.860838481728672,11.49424223302271,11.508658886467416,25454800
2011-09-19,11.815526008605957,11.840240939750153,11.327417510411623,11.327417510411623,17409600
2011-09-20,11.994705200195312,12.299515600159848,11.72078728433922,11.82376380266434,27838400
2011-09-21,11.634288787841797,11.992646674827649,11.628109661756813,11.951455905404938,15281200
2011-09-22,11.44068717956543,11.747557446612944,11.30269906854722,11.457163794065156,22709600
2011-09-23,11.650760650634766,11.718725514849554,11.354188626107,11.354188626107,12992400
2011-09-26,11.920562744140625,11.93497939477684,11.665180616666099,11.708430568574745,11520800
2011-09-27,11.893787384033203,12.099740412328151,11.827882477830697,12.07296629866824,11227200
2011-09-28,11.856719017028809,12.06679125758906,11.848480705089505,11.897909791076662,11064400
2011-09-29,11.469524383544922,12.021478587281953,11.247095511426927,12.011181092529466,16900400
2011-09-30,11.424214363098145,11.72696477070299,11.20384469276976,11.358309459017605,16723200
2011-10-03,11.121464729309082,11.510715869131134,11.115286389200332,11.368608547090103,12614400
2011-10-04,11.420099258422852,11.428337570766669,10.890799867887493,11.026728878965665,11600000
2011-10-05,11.613688468933105,11.663117530041522,11.40773548800321,11.461283703008016,12326800
2011-10-06,11.4509859085083,11.471581678859097,11.076151530255181,11.288283643802696,18088000
2011-10-07,11.471585273742676,11.745502427235863,11.446871127225283,11.486001924681867,11682400
2011-10-10,11.904083251953125,11.90820240623407,11.588975413120169,11.63634450887851,6886400
2011-10-11,11.959693908691406,11.978229715172263,11.73932420144597,11.875253187089402,9327200
2011-10-12,11.883488655090332,12.03589344023107,11.80728626251996,12.03589344023107,10217600
2011-10-13,11.842296600341797,12.027654600519504,11.780510862165324,11.803165816147963,8427200
2011-10-14,11.885551452636719,11.928801408677316,11.755801584514925,11.928801408677316,8734000
2011-10-17,11.77021598815918,11.980287387556299,11.749620213753655,11.854656699100676,6381200
2011-10-18,11.840240478515625,11.941157026986753,11.609572510713212,11.747561454456486,10724400
2011-10-19,11.908204078674316,12.048252201302011,11.846418327079382,11.926739882717643,11472000
2011-10-20,12.064728736877441,12.089442880213934,11.881429882323799,11.906144811308742,12954800
2011-10-21,12.32422924041748,12.330407579856729,12.142990355597803,12.161526159564001,12902000
2011-10-24,12.34688663482666,12.357184131139554,12.237730974093875,12.293338396961834,11665200
2011-10-25,12.173888206481934,12.342769690343586,12.149174053773795,12.254209792019944,10553600
2011-10-26,12.056489944458008,12.13681149632177,11.821703628041346,11.930858476917903,19873200
2011-10-27,12.524008750915527,12.620806177207157,12.215079089640689,12.330412327034757,19186400
2011-10-28,12.433384895324707,12.60638548160997,12.318051694900202,12.501349776130722,12900000
2011-10-31,12.136812210083008,12.46015840671107,12.12857390026674,12.346884396507026,16514800
2011-11-01,12.227434158325195,12.377779812677373,11.780516351152807,11.852599615003626,16472000
2011-11-02,12.373659133911133,12.416909084152563,12.223312721960157,12.386015813609538,13634400
2011-11-03,12.58372974395752,12.608444673077534,12.33658673794502,12.42926497237548,12832800
2011-11-04,12.478696823120117,12.579614175373102,12.396315279009572,12.52194678023627,7813600
2011-11-07,12.47663688659668,12.536362677548503,12.26656466885112,12.453981924048346,7699600
2011-11-08,12.592331886291504,12.612991672320929,12.325816390662217,12.540681633097627,6954400
2011-11-09,12.158466339111328,12.429113883959651,12.125410216605589,12.34853963460942,11122800
2011-11-10,12.393991470336914,12.422915477548235,12.20185252172447,12.259700536147111,10855200
2011-11-11,12.672904014587402,12.705960139523144,12.398124335711408,12.462170922576988,11304800
2011-11-14,12.513825416564941,12.749350485228103,12.491099175181574,12.586135468129788,10450800
2011-11-15,12.575806617736816,12.69150349796932,12.286565599336337,12.451846293868114,13080000
2011-11-16,12.480770111083984,12.710097415767866,12.460110320153394,12.501429902014575,13473200
2011-11-17,12.226649284362793,12.49936258684431,12.158470564682213,12.427052540019817,10610000
2011-11-18,12.301025390625,12.373335435143673,12.199790540178482,12.247308682022235,13084000
2011-11-21,12.212185859680176,12.265901775650109,12.001452734345248,12.166733385160786,9994000
2011-11-22,12.22458267211914,12.303091284869215,12.055169889109251,12.189460875014346,15726000
2011-11-23,12.148140907287598,12.255573541891879,12.108886993692355,12.139876676597941,14377600
2011-11-25,12.137808799743652,12.27829754336903,12.057234535512682,12.117149014907092,7932000
2011-11-28,12.373332023620605,12.447708499258972,12.309286227025469,12.338210236858131,12411200
2011-11-29,12.52002239227295,12.546880747467746,12.381600077269766,12.381600077269766,9396000
2011-11-30,12.747282028198242,12.809262171403558,12.569605039721464,12.743149913568518,15140000
2011-12-01,12.924958229064941,13.03858861603709,12.695631003871567,12.697696667000415,14077200
2011-12-02,12.858845710754395,13.044786125214904,12.856779259547823,13.036521896629045,12496400
2011-12-05,13.102636337280273,13.131561142161361,12.974543925288275,13.005534393600696,12103200
2011-12-06,13.123297691345215,13.199739852768563,13.017930723323468,13.158419488605533,10348000
2011-12-07,13.026195526123047,13.177014192042417,12.991073727319552,13.09850636361563,13496000
2011-12-08,12.883637428283691,13.086106297085482,12.860911194050393,12.999333474387456,12082000
2011-12-09,13.067513465881348,13.098503931641432,12.910497050060282,12.951816620246685,7677200
2011-12-12,12.99313735961914,13.013797933438564,12.850582946806504,12.974543237241814,7822800
2011-12-13,12.916691780090332,13.158414518748119,12.86297509053076,13.026190033863166,10005200
2011-12-14,12.844386100769043,13.013799676295584,12.813396418070113,12.910499157724997,6929200
2011-12-15,12.869179725646973,12.982810146688378,12.809265231383524,12.966281684221027,7124400
2011-12-16,12.838187217712402,13.077844368659772,12.792734741251925,13.077844368659772,12773600
2011-12-19,12.710092544555664,12.914627075989257,12.672904304636791,12.883637401470333,10583600
2011-12-20,13.03858757019043,13.063379466349152,12.85058071573642,12.912560850193316,8666400
2011-12-21,13.119166374206543,13.14395827896439,12.937357233701295,13.063383997411055,7106000
2011-12-22,13.272046089172363,13.315432104435247,13.100567691081848,13.112964033208458,10645200
2011-12-23,13.493108749389648,13.493108749389648,13.261716673445408,13.294772008763028,7504400
2011-12-27,13.507574081420898,13.532366771196456,13.431132713034133,13.445594721343037,4801200
2011-12-28,13.396010398864746,13.53236783902918,13.371219283373621,13.470386897819743,5938800
2011-12-29,13.507574081420898,13.51997121442902,13.38154733348302,13.435264039876383,5146000
2011-12-30,13.336099624633789,13.51377666994234,13.300976244986423,13.480719742330951,6638400
2012-01-03,13.162549018859863,13.476583409577971,13.148087012461035,13.460054951910601,8430800
2012-01-04,13.311301231384277,13.331961014178003,13.104700250966232,13.104700250966232,10227200
2012-01-05,13.699716567993164,13.749301960123569,13.183214676563479,13.199742352486403,17252400
2012-01-06,13.730703353881836,13.83193741051948,13.64186485382494,13.674921773027814,10441600
2012-01-09,13.573685646057129,13.600544785991938,13.416670014280951,13.526168296733493,12034000
2012-01-10,13.54476547241211,13.679056481451138,13.439400062946719,13.664594469784845,10311200
2012-01-11,13.540630340576172,13.571620807223654,13.466253851118458,13.532366111054136,10040400
2012-01-12,13.493108749389648,13.579882354109039,13.468317641961509,13.56335389833008,13502000
2012-01-13,13.460055351257324,13.565422301712342,13.42906488627167,13.451791122178449,12970000
2012-01-17,13.631534576416016,13.722437943924728,13.474517376187471,13.569553646361438,10374000
2012-01-18,13.811275482177734,13.844332396253886,13.633598509619471,13.66045764636645,9757600
2012-01-19,13.825740814208984,13.862929063371157,13.743100085377401,13.813345256568526,10810000
2012-01-20,13.755499839782715,13.943505996856345,13.722442911456174,13.856733924360823,10376400
2012-01-23,13.757561683654785,13.798882834956377,13.66872475489805,13.743099674759415,7386400
2012-01-24,13.895989418029785,13.910451430929703,13.689388333035996,13.710048126287138,5744800
2012-01-25,14.040607452392578,14.063333694450794,13.81128015616218,13.873261102910215,8426800
2012-01-26,14.038538932800293,14.139774569327392,13.96829534132342,14.042671835969944,9857600
2012-01-27,13.918713569641113,14.06126722499801,13.908382886449028,13.931109128478857,8134400
2012-01-30,13.9352388381958,14.036474477754227,13.803014305140682,14.017879565415443,4927600
2012-01-31,14.077794075012207,14.086058305371028,13.89598573584048,13.972427108238216,8749200
2012-02-01,14.108783721923828,14.25753670722525,14.092255262170186,14.106717270394453,10155200
2012-02-02,14.073660850524902,14.243073609438348,14.042670384917692,14.15010221261672,25688000
2012-02-03,14.267864227294922,14.329845156364938,14.1645637296719,14.276128456253625,6499200
2012-02-06,14.1810941696167,14.292658911791325,14.152170152338915,14.193489726666972,7665200
2012-02-07,14.336471557617188,14.369620228890415,14.112724348985475,14.14587143964306,8480200
2012-02-08,14.261886596679688,14.47734818742254,14.158299384627284,14.365473808732093,9994400
2012-02-09,14.324048042297363,14.336478009310728,14.220460768875707,14.295043732188608,5436800
2012-02-10,14.237037658691406,14.237037658691406,14.112733224473121,14.191458997334152,4436000
2012-02-13,14.257749557495117,14.328189712037448,14.133445168991305,14.270179522160683,4757200
2012-02-14,14.29089641571045,14.295039209865521,14.174877631362325,14.174877631362325,4610000
2012-02-15,14.104440689086914,14.382053767275034,14.083723554696403,14.357193838252837,7227200
2012-02-16,14.183165550231934,14.27432283262206,14.133444114662746,14.141731284026934,7204000
2012-02-17,14.448348045349121,14.514643816884092,14.22045642948615,14.237030767523862,9463200
2012-02-21,14.593372344970703,14.62651944318479,14.440062076305539,14.485640719388913,10891400
2012-02-22,14.556078910827637,14.730104709395569,14.295038632359946,14.667953315885217,15113600
2012-02-23,14.887557983398438,15.053298196573783,14.522930462782167,14.585083437876875,14185600
2012-02-24,14.904131889343262,14.95799611354236,14.812974616674373,14.879270383901991,7294000
2012-02-27,15.223177909851074,15.281186497725956,14.84197613427752,14.854406094360574,9363000
2012-02-28,15.314340591430664,15.33091493286814,15.18589339683073,15.227327669808219,9614800
2012-02-29,15.169312477111816,15.359912579139078,15.165168103241587,15.306046783134674,10739000
2012-03-01,15.368200302124023,15.393061804398094,15.123734395250152,15.297760169321942,10355000
2012-03-02,15.364058494567871,15.413779921690864,15.310192693158822,15.372344081908645,6892800
2012-03-05,15.496650695800781,15.546372125090047,15.297761817412242,15.306048985729742,8950400
2012-03-06,15.252191543579102,15.500800381170457,15.198325715874946,15.37649596237478,8159200
2012-03-07,15.397201538085938,15.422063035419555,15.214888632818498,15.318475834119027,6154600
2012-03-08,15.637535095214844,15.695543713963401,15.409641834965061,15.492511967727134,9417200
2012-03-09,15.794983863830566,15.927575420960741,15.66239230670039,15.67067947659803,8802800
2012-03-12,15.774260520935059,15.881992106587177,15.732826268370655,15.823981940135427,5361600
2012-03-13,15.765974998474121,15.877849388803476,15.670674943145169,15.865419427860965,10427000
2012-03-14,15.782550811767578,15.881995250469014,15.736972176555076,15.794980773874359,7170600
2012-03-15,15.823984146118164,15.865419985074453,15.625096860974885,15.778407094189701,10459400
2012-03-16,15.707976341247559,15.844712320557495,15.66239768147758,15.819850802332985,8981400
2012-03-19,15.786690711975098,15.803265045489965,15.600234992086884,15.703822205631642,7327200
2012-03-20,15.940004348754883,15.952434311252315,15.65410256638769,15.732829877180178,9681600
2012-03-21,16.122316360473633,16.16789499442089,15.919284694876486,15.956576160777363,6130600
2012-03-22,16.118181228637695,16.151328335964223,15.977302466112961,15.998019605769096,7970800
2012-03-23,16.006296157836914,16.11402616094157,15.832268822833527,16.101596201518255,7165800
2012-03-26,16.308767318725586,16.32948444044026,16.155458721298924,16.180318635110503,7097400
2012-03-27,16.379213333129883,16.43307913869397,16.325349108181587,16.358496201948554,6089800
2012-03-28,16.358497619628906,16.408219054896275,16.18447180588516,16.329493317338283,6774800
2012-03-29,16.25077247619629,16.29220675463407,16.138898027674596,16.221768165166562,5104200
2012-03-30,16.453794479370117,16.462081647063997,16.221760106404005,16.312915789805427,10438600
2012-04-02,16.520092010498047,16.56981502198933,16.399932017600246,16.44550907387691,8902800
2012-04-03,16.412363052368164,16.524237464608515,16.325350147497634,16.48694599386173,8709000
2012-04-04,16.308767318725586,16.46207591615225,16.230040043348733,16.321197275631377,6471200
2012-04-05,16.694114685058594,16.83084897658822,16.333630066102952,16.553236020098023,16333200
2012-04-09,16.578100204467773,16.660970307643854,16.420648747110548,16.51180443805006,8988400
2012-04-10,16.022878646850586,16.532529421522536,15.977301574397384,16.532529421522536,15151200
2012-04-11,16.399934768676758,16.445511832598935,16.134750071419408,16.134750071419408,8839200
2012-04-12,16.474517822265625,16.54495798392487,16.317066318540185,16.42479637796371,6302600
2012-04-13,16.49937629699707,16.582246409320387,16.404076221040828,16.44965486184945,6295000
2012-04-16,16.652677536010742,16.71483048763366,16.399926098261744,16.573951833821567,10295000
2012-04-17,17.133325576782227,17.162329871968584,16.677542440469043,16.706546735655397,18790600
2012-04-18,17.1457576751709,17.228627770088597,16.951013189206645,17.0628875802532,13358400
2012-04-19,17.025602340698242,17.18719821552452,16.93030224991906,17.11675963649406,8948200
2012-04-20,16.996599197387695,17.15405228800831,16.98831202623753,17.017316334954973,7745800
2012-04-23,16.756271362304688,16.942728710304635,16.62367982164158,16.91372440957307,9079800
2012-04-24,16.677541732788086,16.917864831980832,16.540805849326944,16.805990449316845,8311800
2012-04-25,17.0794620513916,17.0794620513916,16.768700378436822,16.830851764658416,6504800
2012-04-26,17.307361602783203,17.394374531952234,16.988312615213765,17.0794699204097,9353000
2012-04-27,17.5932559967041,17.634691839977144,17.22448568496094,17.3860815221863,9176800
2012-04-30,17.282501220703125,17.630554540797668,17.257641285378366,17.601550229174492,8497000
2012-05-01,17.423376083374023,17.526963339019073,17.241063082460528,17.460667558630885,7996200
2012-05-02,17.62226104736328,17.659552517589667,17.323930866168073,17.365365130590334,8498600
2012-05-03,17.589109420776367,17.717556555765334,17.481377832046082,17.68026509514569,9807000
2012-05-04,17.294919967651367,17.597394408276813,17.19133276549408,17.468945708580282,8334200
2012-05-07,17.191343307495117,17.634696678150316,17.17476896563864,17.336364847198695,11571200
2012-05-08,17.15601921081543,17.24742825998178,16.83192768283445,17.1103138937278,12953600
2012-05-09,17.1477108001709,17.334686396418814,16.93996048989746,17.002284631974042,7105600
2012-05-10,17.3637752532959,17.421945099771083,17.1435587966277,17.309759716564894,8023200
2012-05-11,17.139400482177734,17.355460993608702,17.110315565735977,17.259896041727345,6653200
2012-05-14,16.495370864868164,17.16017105899029,16.403960243798114,17.014746511841288,19660000
2012-05-15,17.63800811767578,17.74188331084818,16.51615571441191,16.557705157677002,31724800
2012-05-16,17.62969207763672,17.787582762809006,17.38039233053027,17.592296957069838,12045600
2012-05-17,17.01059913635254,17.675401248353086,17.01059913635254,17.60892119565398,12889800
2012-05-18,16.64495849609375,16.981513046331965,16.58678706709305,16.973202842189007,18667800
2012-05-21,16.757139205932617,16.769603716169726,16.395652558967157,16.487063194063104,13016200
2012-05-22,16.85686683654785,17.02306778569444,16.715596505276164,16.993982857345244,9340000
2012-05-23,16.898405075073242,16.935800184582,16.66988011030137,16.786221331555645,10630200
2012-05-24,16.993968963623047,17.239114291435992,16.87762776033337,17.060448971927826,8769600
2012-05-25,16.98151206970215,17.12693825632618,16.94411694571417,17.031373291692304,5332400
2012-05-29,17.284822463989258,17.301442866600986,17.072917878220636,17.09784848213823,9040800
2012-05-30,17.17264175415039,17.268206708601358,17.052146191360826,17.19757077747988,10689600
2012-05-31,17.64215660095215,17.754341962725682,17.280671491910187,17.359616042043058,21394800
2012-06-01,16.993968963623047,17.650458847506666,16.952417967802297,17.43855431635032,15901600
2012-06-04,17.089540481567383,17.151864621874015,16.890100379569898,17.031370649944247,10370800
2012-06-05,17.08123016357422,17.151864505778775,16.898408882557202,17.006439927705262,8573600
2012-06-06,17.542434692382812,17.542434692382812,17.12693411954577,17.214188859439414,12568600
2012-06-07,17.268211364746094,17.658781490641555,17.243280749685283,17.650471285621283,11998200
2012-06-08,17.226655960083008,17.309756404149404,17.156021612882512,17.251586568805667,13609400
2012-06-11,17.139400482177734,17.38454591005046,17.097851054406387,17.37208139872087,11441400
2012-06-12,17.326379776000977,17.347154494321636,17.027218760153378,17.15186865508674,10070000
2012-06-13,17.205886840820312,17.376242093303297,17.1020116482085,17.376242093303297,11214400
2012-06-14,17.4759521484375,17.542432167121166,17.19341167277976,17.243271290540342,11008200
2012-06-15,17.64215660095215,17.721102736094156,17.534127133138266,17.567366359769792,14822600
2012-06-18,17.883150100708008,17.92054522625586,17.559058484290162,17.650469143409214,13763400
2012-06-19,18.065969467163086,18.178154841529068,17.94131957953732,17.9662501910662,13477800
2012-06-20,17.9122314453125,18.153220973489905,17.725255854910788,18.124136057761753,11186800
2012-06-21,17.62137794494629,18.1906132443986,17.571518323646142,18.099204202849794,13588000
2012-06-22,17.949636459350586,18.003652011915058,17.638010831879257,17.71280110927317,13856000
2012-06-25,17.63384246826172,17.87067765088969,17.62137795917881,17.820818029549272,10696000
2012-06-26,17.903919219970703,17.99532985050715,17.675394228638435,17.746028563137436,9381600
2012-06-27,17.554899215698242,17.949625077195012,17.451024072410085,17.920540163875042,11152200
2012-06-28,17.284822463989258,17.438558810634493,17.043832966154525,17.434402917477147,13022000
2012-06-29,17.83744239807129,17.83744239807129,17.455180989436794,17.471801395248974,12258600
2012-07-02,17.957937240600586,18.07427690658952,17.837441680821144,17.88730131124368,9862400
2012-07-03,17.658782958984375,18.032734290943207,17.509202426200844,18.02442408523194,8159400
2012-07-05,18.31941795349121,18.543788614243695,18.020257072487897,18.03687747365668,16499000
2012-07-06,18.460693359375,18.493932586005403,18.186463003385338,18.186463003385338,8960800
2012-07-09,18.54794692993164,18.68921720037504,18.4108325531828,18.414986861868325,8526800
2012-07-10,18.282024383544922,18.68921473643191,18.21139005014001,18.651819623156126,9037000
2012-07-11,18.11997413635254,18.319414153987367,17.991168431522222,18.282019051617812,9226600
2012-07-12,18.311115264892578,18.394215719819083,17.92054518725016,17.9994897476752,9259200
2012-07-13,18.610273361206055,18.668443195064132,18.261252773048483,18.32357691574967,6232800
2012-07-16,18.585336685180664,18.743227314823553,18.448222347997334,18.514702362845615,6661800
2012-07-17,18.726613998413086,18.85957407840331,18.64766944623426,18.680908673727227,7074400
2012-07-18,18.68506622314453,18.78894139390249,18.6019657695363,18.660135611559266,8716400
2012-07-19,18.6892147064209,18.79724573793695,18.51054934161336,18.73492002090778,7279400
2012-07-20,18.410837173461914,18.655982657663163,18.327736713815664,18.655982657663163,8644000
2012-07-23,18.36928367614746,18.406678798699367,18.090898996601553,18.211394567603165,6367400
2012-07-24,18.286178588867188,18.444069242367068,18.1116691179006,18.356814506883772,6776400
2012-07-25,18.39836311340332,18.50223824676266,18.21969775722456,18.348503493193288,6465200
2012-07-26,18.365123748779297,18.535478902732542,18.153217590807742,18.47315318920944,9709600
2012-07-27,18.572879791259766,18.680909265294343,18.340198851403994,18.489779342382047,9404400
2012-07-30,18.65597915649414,18.82217845958657,18.560412615579803,18.60196363010976,7745200
2012-07-31,18.39836311340332,18.714144406420612,18.336038984392967,18.57287416165156,9998400
2012-08-01,18.22800636291504,18.481461919732684,18.22800636291504,18.452377011738065,7425400
2012-08-02,18.701684951782227,18.793095608792385,18.136605357109325,18.327735289940275,13991800
2012-08-03,18.74323081970215,18.905275787133302,18.701679812021805,18.86788067272543,9561200
2012-08-06,18.80140495300293,18.880349508169118,18.697529787516725,18.805559262218313,7263400
2012-08-07,18.803482055664062,18.936780872695614,18.686845988023265,18.815978323183508,8855400
2012-08-08,18.786827087402344,18.828483978132684,18.70768137858655,18.75350316386597,10388800
2012-08-09,18.74517059326172,18.849310429890952,18.657693511864636,18.79099237562623,9496400
2012-08-10,18.52022933959961,18.761834538648568,18.370267711093067,18.71184626978112,7859600
2012-08-13,18.42858123779297,18.620198104336644,18.361931823819198,18.4868992763891,13619200
2012-08-14,18.75766944885254,18.795159858764922,18.20781116283627,18.653529597879032,14775600
2012-08-15,18.753498077392578,18.92845220386385,18.5868737377602,18.74516670150621,8082800
2012-08-16,18.824312210083008,18.832643585890253,18.51605925045227,18.736835147678132,11653200
2012-08-17,19.124238967895508,19.161729371532154,18.94095343292065,18.94095343292065,12026400
2012-08-20,19.095077514648438,19.18255458233305,19.011765340595094,19.18255458233305,9201400
2012-08-21,19.070079803466797,19.1867174608505,19.020093144043642,19.090909034853095,6828000
2012-08-22,19.1992130279541,19.232536936671284,19.024257342785496,19.057582840549873,6783800
2012-08-23,18.98676300048828,19.18671116158236,18.94094124895796,19.18254468105411,6149800
2012-08-24,19.107576370239258,19.153398151621605,18.87430415818041,18.90346318468777,6328800
2012-08-27,19.028427124023438,19.182553605290952,18.995101620480476,19.136731832443118,6276800
2012-08-28,19.07424545288086,19.203377783175394,19.020092313925016,19.05341781145082,8413800
2012-08-29,19.428321838378906,19.440818106529964,19.06591576057234,19.07424713568882,11564200
2012-08-30,18.995105743408203,19.34501566132062,18.995105743408203,19.253373684781334,9308600
2012-08-31,19.07424545288086,19.157557607648187,18.995098190780663,19.132563484503834,8097800
2012-09-04,19.228374481201172,19.26586487641447,18.911790157547973,19.086744275845092,7589400
2012-09-05,19.00759506225586,19.224206017811287,18.974269566456364,19.224206017811287,9598000
2012-09-06,19.278369903564453,19.345019348773693,19.03259977640885,19.14507101314597,10035200
2012-09-07,19.099246978759766,19.320024531190676,18.995107133534145,19.245043715504394,8061000
2012-09-10,19.095077514648438,19.228376357514765,18.93678454285184,18.94511591916193,8114600
2012-09-11,18.974273681640625,19.17005703930686,18.920120533745134,19.082579977431607,7664200
2012-09-12,18.990934371948242,19.16172358380724,18.932616337027696,18.999265746800788,10529000
2012-09-13,19.39499855041504,19.40332992579933,18.928451063178915,19.061749891232843,8842000
2012-09-14,19.353349685668945,19.403337958669557,19.128407224310294,19.365847548443114,11662200
2012-09-17,19.153390884399414,19.228371663839745,18.974270310074974,19.120066976341022,7856800
2012-09-18,18.886798858642578,19.111741263599004,18.811818056990436,19.070084379876906,12666000
2012-09-19,18.8659725189209,18.924290571126274,18.67435560766103,18.890965061838777,9959800
2012-09-20,18.815982818603516,18.874302455404592,18.55355160371297,18.749333394164193,13844200
2012-09-21,18.557710647583008,18.874296505658112,18.557710647583008,18.815976887241135,14829600
2012-09-24,18.457738876342773,18.541049445792336,18.378591610699534,18.503559053921133,10281400
2012-09-25,18.353605270385742,18.716011454765702,18.33694251525274,18.5368908097054,13045400
2012-09-26,18.578548431396484,18.695186142863115,18.357772459947483,18.357772459947483,13431400
2012-09-27,18.76599884033203,18.820152002036984,18.52022875449923,18.57854681062094,9393000
2012-09-28,18.65768814086914,18.753496572301888,18.307778326961675,18.403586758394425,13302000
2012-10-01,18.915956497192383,18.98260591721825,18.67851783903475,18.682682732578076,8597000
2012-10-02,18.815982818603516,19.032593845293217,18.666022805400758,19.011766198102357,7988200
2012-10-03,18.832643508911133,18.995101363869694,18.749331340226693,18.890961550276007,9019200
2012-10-04,18.953453063964844,19.149236494219853,18.870140864555392,18.874307348502285,10204600
2012-10-05,18.911792755126953,19.14923142774146,18.832645471557043,19.07008414417155,7792600
2012-10-08,18.857641220092773,18.97427732498901,18.803488061799055,18.88263535216243,4010800
2012-10-09,18.603534698486328,18.95344450678894,18.59520332340206,18.84930470180658,6738200
2012-10-10,18.64518928527832,18.786819478302142,18.5535473408845,18.62436164287278,7495400
2012-10-11,18.27861976623535,18.77849116849247,18.27861976623535,18.732669398170522,9367400
2012-10-12,17.841238021850586,18.345274462415137,17.745427971384945,18.307784056725747,15106400
2012-10-15,18.062013626098633,18.08284127573816,17.753759008671064,17.87039670693848,10392200
2012-10-16,17.95370864868164,18.145327171225315,17.895390589708843,18.120333036359288,10255200
2012-10-17,17.932878494262695,18.087004998469098,17.80791101547243,17.995363028181682,11430800
2012-10-18,18.00785255432129,18.02868019481051,17.8370633598343,17.932871777322404,10281200
2012-10-19,17.724605560302734,18.03702517037522,17.703777904107564,18.00370123827261,8786000
2012-10-22,17.43300437927246,17.74959030644651,17.253883770514175,17.649615384958004,10729200
2012-10-23,17.73709487915039,17.778750171470328,17.216395779913437,17.24971969595988,14611400
2012-10-24,17.4913272857666,17.895388762703714,17.4913272857666,17.85789835875617,11785800
2012-10-25,17.22472381591797,17.645449535193265,17.158074401553723,17.5746336385921,15501200
2012-10-26,16.96645736694336,17.287208166992517,16.820662271033452,17.253882665614615,20779400
2012-10-31,17.341367721557617,17.383023024628383,16.924808334658167,16.9414695024577,12948000
2012-11-01,17.620460510253906,17.999529462142057,17.53298342652153,17.90372100057119,20600000
2012-11-02,17.295536041259766,17.86622162993176,17.249714280664378,17.774578108740986,13838800
2012-11-05,17.4913272857666,17.557976716223592,17.183072676748164,17.24139072976706,8799800
2012-11-06,17.359752655029297,17.5853112641507,17.317981361923923,17.551895823078304,9014000
2012-11-07,17.134185791015625,17.380630747582057,17.092414514150214,17.267850690162373,9093800
2012-11-08,16.858505249023438,17.19266756649726,16.837620402946,17.134189360115794,8520000
2012-11-09,17.013051986694336,17.13000837859041,16.741545849305403,16.80002404525344,10050800
2012-11-12,17.11330223083496,17.234434959287583,16.92951178568639,17.038115520258074,12034800
2012-11-13,17.568603515625,17.815048556436558,17.029765810448772,17.347219656088352,27324000
2012-11-14,17.581134796142578,17.681384305411488,17.439115587501895,17.568604205013425,18100000
2012-11-15,17.543535232543945,17.627076195190707,17.263674840100325,17.535180976938136,17271600
2012-11-16,17.731508255004883,17.78163221290983,17.376459436864128,17.48088527865637,18970000
2012-11-19,18.412353515625,18.41652984554753,17.810860028484175,17.810860028484175,18067200
2012-11-20,18.186800003051758,18.445775573543138,18.02807232088735,18.41236014190463,11587600
2012-11-21,18.153385162353516,18.341351967348487,18.05313726196396,18.24528039888698,7770400
2012-11-23,18.341354370117188,18.341354370117188,18.05731595945088,18.27869822910685,3665000
2012-11-26,18.174270629882812,18.337176262053163,17.982127486393722,18.299582899769497,9854200
2012-11-27,17.99883270263672,18.211860654258814,17.973769934570598,18.13667394347186,8186600
2012-11-28,18.395660400390625,18.429075847961546,17.894415939529118,17.98631120882052,11318200
2012-11-29,18.42906951904297,18.516788424793127,18.153385399256525,18.29958251323234,11032400
2012-11-30,18.520967483520508,18.600330550166444,18.349709165612612,18.391478865234284,11538600
2012-12-03,18.399826049804688,18.608677654441315,18.38311753901505,18.608677654441315,8486400
2012-12-04,18.107440948486328,18.458311852640684,18.107440948486328,18.424896410698906,10151400
2012-12-05,18.099084854125977,18.249456704493422,17.898585866812756,18.19933275437094,9150800
2012-12-06,18.186800003051758,18.3121106601662,17.9654161956244,18.07401993362532,6577400
2012-12-07,18.149206161499023,18.312110170734982,17.99465640830227,17.99465640830227,5835400
2012-12-10,17.99465560913086,18.182620784725184,17.93199948832519,18.149205355463813,6916200
2012-12-11,17.815048217773438,18.157564831588537,17.735683562813385,18.05313899582999,10681400
2012-12-12,17.781627655029297,17.927823158700075,17.568599693478806,17.856814369320407,12951800
2012-12-13,17.756568908691406,17.844287824178796,17.65214307000761,17.752392576245267,8328000
2012-12-14,17.79833984375,17.82757895052292,17.668851232747205,17.702268265294435,7932800
2012-12-17,18.220218658447266,18.2285729161879,17.752391378853932,17.81086958962663,10005000
2012-12-18,18.245281219482422,18.32464427697787,18.111616284010235,18.216042114436114,10166000
2012-12-19,18.065662384033203,18.29957673650651,18.065662384033203,18.224390037261916,8197600
2012-12-20,17.689735412597656,18.170094880126623,17.560248399902115,18.09490815314971,13544800
2012-12-21,17.52265167236328,17.627077484959713,17.45164129122376,17.514297416146196,12766800
2012-12-24,17.63125228881836,17.744032347860788,17.439109192706653,17.439109192706653,4547200
2012-12-26,17.22191047668457,17.627083272481258,17.192671367030375,17.627083272481258,9024600
2012-12-27,17.347217559814453,17.39316517781516,17.11748106322256,17.221906888347206,9943600
2012-12-28,17.38480567932129,17.572772426558647,17.25114079093276,17.288734140380228,8142600
2012-12-31,17.731508255004883,17.76074736323376,17.30962696185357,17.326335478959184,10288400
2013-01-02,18.03224754333496,18.03224754333496,17.693908949274828,17.919469074255822,14733200
2013-01-03,18.621212005615234,18.767407508543876,18.424890964472652,18.525138854077586,16590600
2013-01-04,18.612855911254883,18.775759910834978,18.54602346031404,18.625386497865254,11342800
2013-01-07,18.48755645751953,18.654638497131412,18.412371292447848,18.566921143370763,9290200
2013-01-08,18.17009162902832,18.57944062854188,18.17009162902832,18.420712945167573,11269400
2013-01-09,18.241100311279297,18.358058305751978,18.128321835062522,18.16591519160527,5765600
2013-01-10,18.266164779663086,18.299581807882085,18.094906493569738,18.270342704896265,6351600
2013-01-11,18.36223602294922,18.399829382329067,18.220216842337752,18.26198812687735,7189200
2013-01-14,18.349706649780273,18.395654269111613,18.18262468737752,18.312113287910236,5149600
2013-01-15,18.5251407623291,18.57526630570641,18.245280315491495,18.32046703714582,6648600
2013-01-16,18.51260757446289,18.562731517392358,18.341349308826747,18.43742086336298,4881600
2013-01-17,18.63374137878418,18.700573831968015,18.470837373736792,18.546024082745028,6635600
2013-01-18,18.69222640991211,18.72981977816014,18.500083235938586,18.67551789215477,7166400
2013-01-22,18.658796310424805,18.775754259426005,18.59614180282033,18.642089397776783,8825000
2013-01-23,18.554380416870117,18.658806245222817,18.470841028917306,18.612860219213445,7834400
2013-01-24,18.74234962463379,18.863483983440627,18.579445566506198,18.579445566506198,7058800
2013-01-25,18.84676742553711,18.9177777961807,18.696394022678877,18.76740439332247,6438600
2013-01-28,18.771589279174805,18.917786417876197,18.725643245949502,18.863484532449284,5235200
2013-01-29,18.901077270507812,18.92196212008014,18.70057984647207,18.77994291221167,6854600
2013-01-30,19.013856887817383,19.063980844201453,18.834244317911626,18.95955500557773,9626600
2013-01-31,18.871837615966797,19.034741668690504,18.867659690126178,19.018033152151705,9781800
2013-02-01,18.921951293945312,19.01802282174051,18.834234019881567,19.009668568009058,5917800
2013-02-04,18.896894454956055,19.013850847166093,18.85094684561316,18.871831688020475,8365800
2013-02-05,19.059791564941406,19.10991548727761,18.921948786753386,18.97625063210722,7947400
2013-02-06,18.98461151123047,19.10992215751552,18.90524688030126,18.988787842295068,7041400
2013-02-07,18.959548950195312,19.005496559460703,18.729812497279703,18.921955596561023,8875400
2013-02-08,19.080684661865234,19.139162862147398,18.98461310520004,19.00549794909918,7577200
2013-02-11,18.963733673095703,19.08486643964367,18.934494564610482,19.055627331158444,5023200
2013-02-12,18.928136825561523,19.037014783998018,18.882072520949016,18.999325952720348,6579000
2013-02-13,18.848575592041016,19.120772956012242,18.83182623841801,19.003519493358112,5489600
2013-02-14,18.932315826416016,18.99094251772334,18.810873910160833,18.815062443801374,11744400
2013-02-15,18.848575592041016,18.98258160323539,18.58894224011032,18.932328749990518,13697800
2013-02-19,18.907196044921875,18.94907180772372,18.676874557137875,18.90300751016692,8125400
2013-02-20,18.55124282836914,18.903004613355552,18.547055891713768,18.882066735163278,10355000
2013-02-21,18.513553619384766,18.693622243476177,18.442364515536273,18.480053334473027,7175200
2013-02-22,18.51774787902832,18.580561531706206,18.341866137122267,18.53449722793419,9401200
2013-02-25,18.24972915649414,18.64755353181488,18.245540623462407,18.59730231763514,10231600
2013-02-26,18.28742218017578,18.396301709197044,18.241359484390575,18.279048306365965,11641000
2013-02-27,18.739694595336914,18.785758904684155,18.186926078086774,18.283241635149928,12053600
2013-02-28,18.83182144165039,19.024452537646976,18.769006189823664,18.773194725256495,15172000
2013-03-01,18.836000442504883,18.92812901370739,18.73968493509205,18.798311626781814,13585600
2013-03-04,18.928136825561523,19.02863931066318,18.806694858393673,18.852759163006183,7334600
2013-03-05,18.919761657714844,19.003514794957344,18.84857093194834,18.96582596307113,10365600
2013-03-06,18.819259643554688,19.01189235963852,18.789946281914226,18.923950677258734,7929400
2013-03-07,18.685251235961914,18.949073031534517,18.655937880615852,18.894633258409808,8696600
2013-03-08,18.806686401367188,18.84018827964135,18.651744207992884,18.74805971184488,6584600
2013-03-11,18.756441116333008,18.84438117844249,18.739690171895585,18.794129942588214,5544600
2013-03-12,18.67268943786621,18.819256219400767,18.647563019263952,18.752254033919527,8581200
2013-03-13,18.852752685546875,18.886252969917944,18.668497127861862,18.689435005275985,7389200
2013-03-14,18.928136825561523,19.041203319394537,18.86113463634102,18.869510109675858,5616200
2013-03-15,18.810876846313477,18.949069723786014,18.802502972640394,18.84019179400038,9742400
2013-03-18,18.823442459106445,18.95744681372754,18.634998336214938,18.655936217101125,10543400
2013-03-19,18.886262893676758,18.907202379551155,18.71456965273273,18.848574055544727,13082200
2013-03-20,19.0076961517334,19.06632285135112,18.869504873699867,18.982571336158802,12163200
2013-03-21,19.099828720092773,19.18358185021583,18.848569329723606,18.903009103922304,11407400
2013-03-22,19.522785186767578,19.61910075431393,19.120771966367542,19.120771966367542,13360400
2013-03-25,19.732152938842773,19.836843905450003,19.543708879458283,19.58139769133518,16562000
2013-03-26,19.690284729003906,19.782413326073236,19.485089653019855,19.769849318999608,13303600
2013-03-27,19.63583755493164,19.74890399121688,19.56883539981343,19.63583755493164,7534000
2013-03-28,19.577219009399414,19.67772308259659,19.49765441631777,19.585594481954015,9276800
2013-04-01,19.64003562927246,19.78660241558986,19.556282495323305,19.61909614769155,6603600
2013-04-02,19.83685302734375,19.86616638367681,19.65259741647051,19.774039376969245,7496800
2013-04-03,19.719593048095703,19.924788071687523,19.673528761322583,19.832659498141286,8054200
2013-04-04,19.845226287841797,19.853601759782975,19.698659522515996,19.707034994457175,4882800
2013-04-05,19.74053382873535,19.76147170831499,19.5144008953765,19.64003136776996,8004000
2013-04-08,19.8703556060791,19.8745425439323,19.65259809617494,19.660973569339507,7851600
2013-04-09,19.958290100097656,20.184423019965852,19.602341376105574,19.891287930965348,17321400
2013-04-10,19.895483016967773,20.075551719791495,19.832669356247315,19.96248521354462,7221400
2013-04-11,20.41055679321289,20.44824561476672,19.836848998731547,19.836848998731547,16097000
2013-04-12,20.343555450439453,20.397993619102156,20.26398926977299,20.356117858983485,8667400
2013-04-15,19.912229537963867,20.418933636751042,19.899667128104717,20.234678036498803,7764200
2013-04-16,19.983413696289062,20.03785185278487,19.836845373715953,20.03785185278487,6559000
2013-04-17,19.811725616455078,19.954105441800568,19.715410087171055,19.924792089299252,8002000
2013-04-18,19.556278228759766,19.887102157081586,19.522776343505893,19.824286920959484,6702200
2013-04-19,19.681909561157227,19.774038159651337,19.535342788514793,19.644220734269457,6021000
2013-04-22,19.74053382873535,19.82847388144452,19.593967074220068,19.74890930005877,5703000
2013-04-23,19.748910903930664,19.99598173693456,19.581404658774215,19.874539789069033,7481400
2013-04-24,19.8577880859375,20.02110738757774,19.794974444498532,19.79916138161131,4794800
2013-04-25,20.222110748291016,20.322613197835185,19.878724450342773,19.920600204743238,5894800
2013-04-26,20.268186569213867,20.322624761418304,20.188620354139083,20.22212225468816,3801000
2013-04-29,20.452430725097656,20.506870484137554,20.26817516809953,20.29329998191976,5997600
2013-04-30,20.423124313354492,20.452437671071806,20.226304685145525,20.38543548236678,8068200
2013-05-01,20.25143051147461,20.477563490773907,20.22630409239975,20.43149918786574,4333600
2013-05-02,20.46499252319336,20.46499252319336,20.14673264376314,20.234672684433093,3911800
2013-05-03,20.749757766723633,20.816759948916015,20.48593597545323,20.536188810191042,5978800
2013-05-06,20.6408748626709,20.808379479195548,20.561308692173366,20.73300184264928,4955400
2013-05-07,20.950759887695312,20.950759887695312,20.578060228137538,20.645062396176492,6710600
2013-05-08,21.105709075927734,21.193649144358393,20.858638218819145,20.917264931106253,7221000
2013-05-09,21.227148056030273,21.449094077683267,21.101519166815333,21.14758346560101,8880200
2013-05-10,21.3402156829834,21.39046851933777,21.23552467009891,21.26483802590992,6447000
2013-05-13,21.210390090942383,21.398832549469727,21.14757487312837,21.340205864820568,5410000
2013-05-14,21.60727310180664,21.66606814556491,21.241902756991117,21.241902756991117,8064800
2013-05-15,21.678659439086914,21.771052535531954,21.506473324285686,21.594665860686355,6307800
2013-05-16,21.317487716674805,21.661861540943413,21.246094217892683,21.61566499371064,6128800
2013-05-17,21.55687141418457,21.573668848994178,21.250294598755353,21.258694117182323,6450400
2013-05-20,21.565271377563477,21.703861041697035,21.351089244500546,21.53587386130081,5560800
2013-05-21,21.720664978027344,21.766861543155585,21.178907881233197,21.363692539701308,6674400
2013-05-22,21.094911575317383,21.750059720387075,21.00251845687246,21.691264682120174,10638800
2013-05-23,21.12430191040039,21.195697005475996,20.834525776614228,20.981513322293274,7520400
2013-05-24,21.355283737182617,21.43507835210385,20.922719000882164,21.048708558809622,6977800
2013-05-28,21.288089752197266,21.552668952145215,21.17469866650529,21.53586991677362,7469800
2013-05-29,20.99411964416504,21.208301789015884,20.893327009971095,21.208301789015884,5604600
2013-05-30,21.019304275512695,21.1872913666472,20.985707818511973,21.057101290915778,5210800
2013-05-31,21.254493713378906,21.30908977841872,20.935318443039925,20.935318443039925,12257200
2013-06-03,21.145296096801758,21.2460886828734,20.87231904651955,21.229289651520823,10164400
2013-06-04,21.212495803833008,21.346886485450643,20.99831370890166,21.17889933496175,7256400
2013-06-05,21.002517700195312,21.292295524134428,20.96052170353045,21.153705851460142,6694200
2013-06-06,20.964723587036133,21.040317673214204,20.77153941215653,20.968924148515363,8832200
2013-06-07,21.18729591369629,21.23769141103467,20.977312805735068,21.078103800411828,7582600
2013-06-10,21.12430191040039,21.33428503396708,21.07390640931673,21.246092506559656,5075400
2013-06-11,20.952119827270508,21.099109003154577,20.89332479773464,20.998316379632804,6647800
2013-06-12,20.98991584777832,21.136905016568104,20.96471729260296,21.006714884561895,7013000
2013-06-13,21.493877410888672,21.5232749265272,20.926923492666223,21.019314998082553,8253800
2013-06-14,21.174697875976562,21.48967256823595,21.10330438137895,21.472875135535656,5924600
2013-06-17,20.9017276763916,21.271298552652446,20.80093503666786,21.246099992210347,9957800
2013-06-18,21.22089385986328,21.2544919284645,20.842925200364114,20.89751965877496,7597600
2013-06-19,20.931116104125977,21.359481833306347,20.931116104125977,21.288086744087636,5763800
2013-06-20,20.56575584411621,20.88073065519639,20.540557282493694,20.80513657237357,6374400
2013-06-21,20.784130096435547,20.863923105967448,20.54894842333152,20.75053202797322,9154000
2013-06-24,20.515356063842773,20.725339244033773,20.45656102971642,20.67074477065617,6739200
2013-06-25,20.68333625793457,20.80932580305634,20.481752665330944,20.611942769781695,7891000
2013-06-26,20.800933837890625,20.956322548594724,20.733739282628832,20.859728873489118,4773600
2013-06-27,21.0487117767334,21.195700951823902,20.88492516618362,20.897523643289176,5871200
2013-06-28,21.023515701293945,21.220898793057174,20.952120589941277,21.02771465982318,10460000
2013-07-01,21.195697784423828,21.388881880714173,21.149501239214363,21.166300274207654,5110200
2013-07-02,21.099105834960938,21.304888407436632,21.010911701855765,21.191497323767834,5771400
2013-07-03,21.12010383605957,21.16630038150321,20.87652263355461,20.973114682189422,2552600
2013-07-05,21.384675979614258,21.447671544082375,21.128497969151848,21.246087980645658,3471000
2013-07-08,21.590465545654297,21.678658076511777,21.388881931389708,21.48127502202754,6341200
2013-07-09,21.527467727661133,21.720653406372932,21.42667673202749,21.69125589914279,7308200
2013-07-10,21.741657257080078,21.750056775987506,21.485477537559053,21.493877056466477,7555800
2013-07-11,21.939035415649414,21.985230352822672,21.817244830812054,21.859240810803723,6047000
2013-07-12,21.968433380126953,22.090222365459848,21.88443981634828,21.939035873111013,6408600
2013-07-15,21.918045043945312,22.03143616007616,21.842450966524748,21.95164312370762,6273800
2013-07-16,21.947444915771484,22.107032607663104,21.863452911449908,21.8844509125303,5687800
2013-07-17,22.018835067749023,22.132226170421365,21.9390420408512,22.006236590355797,5790200
2013-07-18,22.01043701171875,22.241418190865087,21.9348429382462,22.018836531220646,5638800
2013-07-19,22.006242752075195,22.03983923521225,21.892851617653484,22.03983923521225,4855200
2013-07-22,21.905447006225586,21.964242044949113,21.703863329725785,21.86345100772154,5550000
2013-07-23,21.81304931640625,21.943239447760494,21.792051321554098,21.943239447760494,3727400
2013-07-24,21.67026138305664,21.842447509474642,21.56947036381137,21.829849032580075,5713000
2013-07-25,21.741657257080078,21.75845629489493,21.51487505271283,21.586270162403746,5578600
2013-07-26,21.69125747680664,21.70805490927131,21.489672266789537,21.63666141567517,4100800
2013-07-29,21.754249572753906,21.78784763886731,21.5694650152621,21.636659545444935,3232400
2013-07-30,21.87604331970215,21.98943440615013,21.779451268737766,21.825647815295557,4439800
2013-07-31,21.855045318603516,22.0272314271387,21.821447247648262,21.871844354081144,5454200
2013-08-01,22.459800720214844,22.476599759090316,21.947441248824592,21.985238285272143,6004200
2013-08-02,22.648775100708008,22.71177066542467,22.28760394735916,22.36319798420165,7154600
2013-08-05,22.783166885375977,22.79996591826127,22.539585714671045,22.577382737640985,6034600
2013-08-06,22.577392578125,22.699183216560602,22.40520642111229,22.699183216560602,7302200
2013-08-07,22.212013244628906,22.501790963369842,22.15321822982466,22.493391446677236,6075800
2013-08-08,22.170021057128906,22.371604686116147,22.128023466478894,22.30020958303326,4221800
2013-08-09,22.006242752075195,22.161629890929444,21.95164666467699,22.115433324826725,4887200
2013-08-12,22.006242752075195,22.0650377990987,21.85925353247155,21.90545009857427,6019400
2013-08-13,22.185211181640625,22.210479654114778,21.96201196416534,21.999913869631847,4699800
2013-08-14,21.886215209960938,22.11362510959384,21.789355110647115,22.09256884565431,5511800
2013-08-15,21.380859375,21.713553846709985,21.300844919958042,21.713553846709985,6291200
2013-08-16,21.258729934692383,21.591424393164075,21.250307107156253,21.330323165504435,8802000
2013-08-19,21.3724365234375,21.473508851290703,21.187139129945134,21.229251662764714,8611400
2013-08-20,22.842182159423828,22.913773771179972,22.159947707154547,22.319978189272135,16202000
2013-08-21,22.791650772094727,22.9474706825021,22.56845144974119,22.741115409890003,10059000
2013-08-22,22.808490753173828,22.901140232904837,22.65267248802697,22.791645101133682,5764000
2013-08-23,22.926408767700195,22.951677247593548,22.74111140128535,22.842183714368847,5655000
2013-08-26,22.753746032714844,23.019059462811125,22.724266941203037,22.91377653412895,4278800
2013-08-27,22.298919677734375,22.610556177982385,22.277863417959182,22.551598008015986,6029000
2013-08-28,22.235748291015625,22.40420157461383,22.227325466186755,22.34524340730133,4406600
2013-08-29,22.319978713989258,22.442107284962987,22.122046313203548,22.193639533132572,4729000
2013-08-30,22.202062606811523,22.383149357103775,22.130469386084652,22.362091487984785,4990400
2013-09-03,22.37472152709961,22.652668308520557,22.31576336232691,22.399988394008194,4613800
2013-09-04,22.68636131286621,22.812700485327408,22.3663019688652,22.41262670694858,5649400
2013-09-05,22.791650772094727,22.926412808967452,22.686367830382274,22.711636314729734,5113400
2013-09-06,22.707416534423828,22.901138303585718,22.488429502309803,22.81269944107043,5985200
2013-09-09,22.720054626464844,22.72847745290634,22.576869789939135,22.581080399914946,5131000
2013-09-10,22.707416534423828,22.736897226255365,22.593712408956403,22.724262185044804,6640400
2013-09-11,22.981149673461914,23.094855390274642,22.720048549571278,22.736894197948597,6111200
2013-09-12,22.77480125427246,22.96852143495478,22.728476514002818,22.9474651729658,5391600
2013-09-13,22.82533836364746,22.83376119039022,22.623195341291055,22.816915536904702,3722600
2013-09-16,23.284366607666016,23.35595820872969,22.926403782878946,22.968517906877782,6328000
2013-09-17,23.558109283447266,23.608646249619866,23.25068330176948,23.27595178485578,6409200
2013-09-18,23.93712043762207,23.96659952138537,23.423339366622425,23.515988833586842,7888600
2013-09-19,23.88658905029297,24.071886408415285,23.79393956798689,24.00450540487173,9078800
2013-09-20,23.836050033569336,23.924488898353008,23.684443993560983,23.920276682344895,8198600
2013-09-23,23.63390350341797,23.72655296385439,23.50756435240705,23.718130139588403,5061800
2013-09-24,23.528627395629883,23.604431229396624,23.355963464603402,23.59600840270144,9964400
2013-09-25,23.4233455657959,23.67602555898454,23.35596455557693,23.604432331976255,5768400
2013-09-26,23.78130531311035,23.789728139074548,23.457033742692904,23.4823006140957,5805400
2013-09-27,23.78130531311035,23.802361574775944,23.663387356101413,23.77288248714616,3967200
2013-09-30,23.74761199951172,23.82762803615498,23.524412753064,23.541258403566754,5788200
2013-10-01,23.911855697631836,23.958180438349107,23.751826819777403,23.777093691812404,3701800
2013-10-02,23.882381439208984,23.94133962786739,23.68866121747703,23.7813107176489,4160800
2013-10-03,23.663381576538086,23.88237017865183,23.507563350482123,23.83604545040804,4176600
2013-10-04,23.730775833129883,23.86975009558488,23.596013788228834,23.663394810679357,3385200
2013-10-07,23.313844680786133,23.646539016754755,23.309632465324025,23.558100163434965,4738400
2013-10-08,23.02326011657715,23.406491353480373,23.006416076204694,23.347531589464204,4084400
2013-10-09,23.124338150024414,23.271733580548172,23.019055240653245,23.09906967343904,5032800
2013-10-10,23.469661712646484,23.469661712646484,23.259095932048734,23.30963126957516,4523800
2013-10-11,23.40228843688965,23.414921873810925,23.19593480355568,23.41071126366715,4707400
2013-10-14,23.663381576538086,23.70970630478187,23.267518491845582,23.27172910055438,4058800
2013-10-15,23.427555084228516,23.646543743839832,23.343328429533425,23.646543743839832,4985000
2013-10-16,24.307722091674805,24.33298896536906,23.545473140929342,23.5791644478416,7674600
2013-10-17,24.24034309387207,24.30351188983436,24.01293157283167,24.20244117369867,7984200
2013-10-18,24.32877540588379,24.32877540588379,24.071884844535337,24.32877540588379,5381600
2013-10-21,24.248764038085938,24.41721575405978,24.084521325763273,24.328778482686765,6261200
2013-10-22,24.674102783203125,24.787808518465503,24.38352253074797,24.55618643840794,7256400
2013-10-23,24.72042465209961,24.817284725012254,24.581450456296995,24.59408549640875,5093000
2013-10-24,24.758331298828125,24.83413512805132,24.678315253264845,24.758331298828125,4540200
2013-10-25,24.888877868652344,24.905723518853677,24.627776716490185,24.787807180423595,4407400
2013-10-28,24.745689392089844,25.03205897716588,24.686731231601726,24.855184495701533,6389000
2013-10-29,25.28474998474121,25.293172812296564,24.846772590803326,24.850983201335957,7141600
2013-10-30,25.368972778320312,25.69324275396894,25.28895673201312,25.310012994439806,7715200
2013-10-31,25.6005916595459,25.655337613674774,25.200516297776034,25.322644853582876,8845800
2013-11-01,25.638500213623047,25.811164158942294,25.482680316598557,25.672189916702624,6079000
2013-11-04,25.617443084716797,25.689034705403536,25.47004602005408,25.63428713244367,3974000
2013-11-05,25.811155319213867,25.86169065977107,25.453192506835776,25.520573496408552,5272000
2013-11-06,25.992250442504883,26.084898329097726,25.701668525650433,25.899600949422013,5785400
2013-11-07,25.524784088134766,26.211228980200392,25.41528898298865,26.080677618369073,8441800
2013-11-08,25.992250442504883,25.992250442504883,25.554273065282253,25.554273065282253,4590000
2013-11-11,25.97960662841797,26.127003645519054,25.849056866587553,25.992241668248596,5274400
2013-11-12,26.011266708374023,26.066143250304133,25.87196669919688,25.94372696841174,4517800
2013-11-13,26.475610733032227,26.492494464719357,25.956398544762887,25.99016761841199,5782400
2013-11-14,26.598024368286133,26.63601558103727,26.315202148019157,26.505158211774845,4394000
2013-11-15,26.813310623168945,26.817531153695523,26.479832351947785,26.555814783625387,4935000
2013-11-18,26.37851905822754,26.92305757951598,26.26454542997425,26.92305757951598,9109400
2013-11-19,26.644454956054688,26.98637582852309,26.39540183888563,26.416509318016992,7630800
2013-11-20,26.70777702331543,26.863962401854188,26.598023917107305,26.644457799712686,7536000
2013-11-21,27.0117130279541,27.05392316975495,26.66979203914831,26.699340587656515,6655200
2013-11-22,26.61912727355957,26.77531262789566,26.45449763975859,26.711993414104935,10475800
2013-11-25,26.661344528198242,27.01592865622215,26.59380477096868,26.83441525674117,5714000
2013-11-26,26.610687255859375,26.825969705704495,26.60224458582775,26.71199607568955,7814200
2013-11-27,26.703550338745117,26.749984213448776,26.593798861488313,26.686666610895628,5067400
2013-11-29,26.543148040771484,26.927280678440713,26.5304832303315,26.78797903552373,4604600
2013-12-02,26.471389770507812,26.783762169606998,26.40385000992892,26.585363418411234,8938400
2013-12-03,26.361631393432617,26.437613805566794,26.20544603972325,26.306754849052492,7173200
2013-12-04,26.42917251586914,26.513597601566364,26.015491367254768,26.192782597971824,10358800
2013-12-05,26.268766403198242,26.55581074358334,26.247660533226476,26.412288573390793,6709600
2013-12-06,26.315202713012695,26.49249396947464,26.11680397435545,26.475610238103126,6658600
2013-12-09,26.19700813293457,26.796423259544966,26.13368890788709,26.796423259544966,7936000
2013-12-10,26.247661590576172,26.374298425782825,26.129467425753255,26.171679167397233,6592800
2013-12-11,25.897294998168945,26.353189484118833,25.859303791006454,26.319418806519046,7379400
2013-12-12,25.85508155822754,26.11257732200237,25.783321288467043,25.926841827988035,6765000
2013-12-13,25.821313858032227,25.977500834226692,25.791765318811567,25.96905816441013,5876000
2013-12-16,26.011266708374023,26.104134454675066,25.78754162167542,25.922621101599983,5759600
2013-12-17,25.901525497436523,26.14635654795333,25.901525497436523,26.099924266679928,4900800
2013-12-18,26.38273811340332,26.391180782832556,25.787543605975923,25.91840256671724,7247600
2013-12-19,26.403844833374023,26.41650964306359,26.15479171314045,26.28987120781548,6307400
2013-12-20,26.37851905822754,26.652898583778384,26.32364250900752,26.412288127557424,10278200
2013-12-23,26.471389770507812,26.589585559227054,26.365858793961113,26.52626632918907,4255800
2013-12-24,26.606468200683594,26.75421252795575,26.534707912506285,26.58958446893736,2339200
2013-12-26,26.868181228637695,26.935720974022857,26.66978252207367,26.678225191531137,3212800
2013-12-27,26.75420379638672,26.923052330667126,26.64445071934385,26.910389133421532,3304400
2013-12-30,26.7288875579834,26.89773777686792,26.589587496137437,26.77532144869039,3522600
2013-12-31,26.90195655822754,26.931505103069476,26.69933727490787,26.728885819749806,3256200
2014-01-02,26.796419143676758,27.155225346709365,26.67400285286771,26.745764737584047,4197000
2014-01-03,26.847070693969727,27.075017912551342,26.6993280209674,26.70354855007845,3302600
2014-01-06,26.555809020996094,27.02436510096445,26.53892368200411,26.939941626553647,6277000
2014-01-07,26.669784545898438,27.01592596854849,26.572696255181928,26.59380212528992,6293800
2014-01-08,26.80486488342285,26.83019289450766,26.555811743717065,26.711997119719932,6096000
2014-01-09,26.7288875579834,26.92728632363146,26.69089633924813,26.842861214189195,5041000
2014-01-10,27.03704071044922,27.045481772539752,26.80487124608197,26.87241101473196,5760400
2014-01-13,26.555809020996094,27.176329931343183,26.492489804913436,26.97793283414833,7287400
2014-01-14,26.534704208374023,26.678226374968403,26.3363054930091,26.59380128692325,6885800
2014-01-15,26.403844833374023,26.614906745088085,26.33630508603651,26.560030197165542,5226200
2014-01-16,26.22655487060547,26.475608002900568,26.18434152005353,26.374297571850583,6137200
2014-01-17,26.112581253051758,26.34896957516637,26.06614737255791,26.264546094568107,9637600
2014-01-21,25.41607666015625,26.099918457579744,25.11636911267264,25.90574026247972,14196600
2014-01-22,24.98550796508789,25.45828779605444,24.96018156682956,25.454065656161678,14671000
2014-01-23,24.652027130126953,24.939071402964167,24.60559326095119,24.850424193503937,10951400
2014-01-24,24.377655029296875,24.6815847501449,24.377655029296875,24.50429187622526,7863800
2014-01-27,24.525392532348633,24.630923484054566,23.900649491482465,24.326995438128165,11261200
2014-01-28,24.54650115966797,24.803995341250378,24.50850995086489,24.55494221915789,8299200
2014-01-29,24.16658592224121,24.4873992801118,24.10748885186566,24.276337394328035,9020000
2014-01-30,24.27634048461914,24.411421590168537,24.137040459612148,24.356545042002338,7107200
2014-01-31,24.213022232055664,24.364987062760754,23.837332295187277,23.976632316483904,8625600
2014-02-03,23.740249633789062,24.208805825735773,23.65582452892729,24.208805825735773,11441200
2014-02-04,23.65159797668457,23.883767374320396,23.609386237264225,23.862659894335582,7023400
2014-02-05,24.39453887939453,24.457856493848098,23.562954338651174,23.638936764215273,15306600
2014-02-06,25.069931030273438,25.116364903705712,24.33965708428938,24.46629389620276,12073400
2014-02-07,25.08681869506836,25.34009234238959,24.93063333289609,25.162801111319645,7683600
2014-02-10,25.015052795410156,25.137469069762258,24.778664525239833,25.13324854076964,6070600
2014-02-11,25.372629165649414,25.453030459178073,25.000250174343755,25.084880736043093,6794200
2014-02-12,25.444564819335938,25.65614443323377,25.3514692726691,25.427638062810267,5275000
2014-02-13,25.46149253845215,25.609599251704292,25.271072158052203,25.34300845923005,6521400
2014-02-14,25.300687789916992,25.461487116268184,25.169507862839176,25.351466439595043,6807000
2014-02-18,25.486881256103516,25.55458667106251,25.292228389874463,25.38955482298899,7622600
2014-02-19,25.326082229614258,25.668841827092592,25.300693705950746,25.469956449197497,6237800
2014-02-20,25.39801597595215,25.529195912162795,25.10180420613009,25.40224685779314,6859400
2014-02-21,25.42341423034668,25.592676999864523,25.283770871625283,25.448802757950716,8188000
2014-02-24,25.55458641052246,25.812713806867038,25.381091185569872,25.436102339108324,7880200
2014-02-25,25.80847930908203,25.922730868097172,25.351466616124743,25.541888571523614,11732200
2014-02-26,25.51227378845215,26.328971341109835,25.46149351179472,26.041222896949378,16109400
2014-02-27,25.698457717895508,25.81271089424909,25.393782580952617,25.49957237969954,12394000
2014-02-28,26.007369995117188,26.045454396399936,25.55882217359219,25.728084923785254,10411600
2014-03-03,25.766162872314453,25.910037061770936,25.579973409463094,25.74077435396721,7380400
2014-03-04,26.041213989257812,26.12161364512693,25.94388758029287,25.94388758029287,4886600
2014-03-05,26.121614456176758,26.23586762178497,26.03275142100062,26.079299186347377,6283600
2014-03-06,25.867719650268555,26.134308756224833,25.677297707282587,26.134308756224833,7691400
2014-03-07,26.113155364990234,26.155472255988627,25.876187232296594,25.948123525657355,5317200
2014-03-10,26.333200454711914,26.358590591334973,26.007367632059413,26.036988651007416,6081200
2014-03-11,26.168167114257812,26.392440991889956,26.100461701337295,26.354356596233142,4999000
2014-03-12,26.028528213500977,26.096233637922424,25.8381078170951,26.020066447894862,6256400
2014-03-13,25.838104248046875,26.159704566069554,25.774629715196298,26.121620169204093,4429200
2014-03-14,25.960817337036133,26.130081669654796,25.787322122502943,25.80848137474851,4786800
2014-03-17,26.25702667236328,26.299343558698272,25.92273053432556,26.0454470833608,6083400
2014-03-18,25.728076934814453,26.231637374770095,25.715382676403507,26.231637374770095,7593000
2014-03-19,25.605365753173828,25.859262274147095,25.47841829979942,25.719618945478132,6876600
2014-03-20,25.681535720825195,25.7788621599976,25.53343062082904,25.537661503304136,5668000
2014-03-21,26.130088806152344,26.2020251179163,25.78732916538798,25.867730471741517,14881800
2014-03-24,25.63075828552246,26.244339584118702,25.63075828552246,26.15124402297008,6217400
2014-03-25,25.414949417114258,25.812718597995257,25.36840163349766,25.78309757464373,7264600
2014-03-26,25.245677947998047,25.499572823722026,25.182203421954924,25.47418430468418,8141600
2014-03-27,25.135662078857422,25.38955700319959,25.08911429940896,25.237219402904465,5865400
2014-03-28,25.431867599487305,25.457257732932675,25.148351706689848,25.17797272193065,5169600
2014-03-31,25.66461181640625,25.694232837836296,25.448799672587786,25.571516255212043,6589000
2014-04-01,25.893115997314453,25.918506135465957,25.71115737612342,25.74501089365876,5030400
2014-04-02,26.303573608398438,26.333194620784123,25.960814103933107,25.965046599544838,5918200
2014-04-03,26.045446395874023,26.38820590213138,25.956583358252377,26.312037122963076,6230800
2014-04-04,25.88888168334961,26.269725634021214,25.85926066654452,26.20625110416783,5604800
2014-04-07,25.33877182006836,25.884645928342017,25.20759189485771,25.859257410976447,6152200
2014-04-08,25.579980850219727,25.605369375952037,25.080652730638374,25.23722122481144,4702200
2014-04-09,25.49534797668457,25.609601182071273,25.101809696205244,25.601137802313964,6688800
2014-04-10,24.91561508178711,25.554584787476184,24.9029192076388,25.453027479635526,5517400
2014-04-11,24.471303939819336,24.750589022905448,24.37820837404907,24.725198882906827,8203800
2014-04-14,24.665952682495117,24.72942560046351,24.420519546522314,24.64479504317232,11823800
2014-04-15,24.830984115600586,24.890226150407585,24.5220780668038,24.716730928090918,8204600
2014-04-16,24.979089736938477,25.110269684120286,24.797131132296528,25.025637512203776,4579400
2014-04-17,24.839441299438477,25.01716735953719,24.771735903083158,24.91984095316542,4325800
2014-04-21,25.131425857543945,25.148352613784738,24.839446576399748,24.839446576399748,6272600
2014-04-22,25.26261329650879,25.321855346713775,24.96217054805505,25.106044790363498,5558000
2014-04-23,24.90291976928711,25.317617230699643,24.890225509076803,25.232985062774137,5259000
2014-04-24,24.649028778076172,25.004482648200245,24.555933217212257,24.97486162687529,6372600
2014-04-25,24.60247802734375,24.78866912659241,24.475530577817015,24.62786816293886,4651400
2014-04-28,24.771747589111328,24.983327254312027,24.513620139290524,24.729430687536347,5868800
2014-04-29,24.733661651611328,24.907156901752252,24.670187110295895,24.890230142171518,5227200
2014-04-30,24.619401931762695,24.86060254218296,24.560159903129538,24.771739499233224,5331400
2014-05-01,24.65325927734375,24.869071417040324,24.526311814464652,24.602480615037024,5228800
2014-05-02,24.704030990600586,24.98331595781456,24.627862216430955,24.627862216430955,3279000
2014-05-05,24.585548400878906,24.82674901109629,24.52630637229558,24.63632866614251,3708600
2014-05-06,24.132768630981445,24.49245491909171,24.111610993851254,24.4797590454342,6462400
2014-05-07,24.208938598632812,24.234328732963892,23.98043223232603,24.170854204248347,5791000
2014-05-08,24.467063903808594,24.64055910477937,24.166621270409667,24.25971680749493,6732600
2014-05-09,24.74211883544922,24.754813094843538,24.412053563178823,24.50514910333512,5797800
2014-05-12,25.33030891418457,25.368393305165696,24.839444327219056,24.839444327219056,7883800
2014-05-13,25.073545455932617,25.35789259580714,25.02261630515389,25.349404404010684,5338400
2014-05-14,25.094770431518555,25.345166476103405,25.056574369837566,25.073550757019646,6725200
2014-05-15,24.666122436523438,24.975934178063735,24.509094922363495,24.937738121218647,9937800
2014-05-16,24.85286521911621,24.92076915609641,24.623688824698952,24.661884890435164,7907200
2014-05-19,24.78495216369629,24.84436788432509,24.543044376017903,24.772219067163714,6825600
2014-05-20,22.896381378173828,24.148361759619245,22.862428599510686,23.787620771632547,34688800
2014-05-21,24.02103614807129,24.08045350006948,23.049161508124634,23.05764970126723,23771200
2014-05-22,23.541471481323242,24.148363687231733,23.45659114684752,24.029530571382633,12434000
2014-05-23,23.405654907226562,23.80459022656093,23.401410001651435,23.549950936595526,8312800
2014-05-27,23.197702407836914,23.54995516174317,23.163751251930268,23.482051230972466,10448600
2014-05-28,23.044918060302734,23.214678695982155,22.960037742463026,23.176482633902157,14401800
2014-05-29,23.10857391357422,23.21042897870386,22.968521175324625,23.201940786783545,8501600
2014-05-30,23.10857391357422,23.184966021899985,22.981254272683636,23.087354243251966,10839800
2014-06-02,22.97277069091797,23.223166736466766,22.947306110046814,23.189213961971895,8277400
2014-06-03,23.015213012695312,23.040677596855442,22.858185457768535,22.92184448973245,11394400
2014-06-04,23.56692123413086,23.592385805882593,22.97276246386843,23.01520179783117,15005200
2014-06-05,23.774887084960938,23.79610676017934,23.409902842957557,23.549955613522435,13110200
2014-06-06,23.944644927978516,24.12289375275256,23.80035049600732,23.825813457434062,9558800
2014-06-09,23.859766006469727,24.14411319943833,23.834301426325545,23.859766006469727,6541400
2014-06-10,23.79185676574707,23.872492156428713,23.6900000868719,23.79185676574707,6426400
2014-06-11,23.541471481323242,23.70274233597362,23.490542309263173,23.694255759588,8140200
2014-06-12,23.21042823791504,23.511753375119323,23.15525742062944,23.48628880017111,8485200
2014-06-13,23.252870559692383,23.295309901470993,23.10857453110514,23.227405983250947,6212400
2014-06-16,23.218923568725586,23.27409602193217,23.087360605100486,23.261364540022004,6109400
2014-06-17,23.231653213500977,23.29106894551937,23.066135878504664,23.2358965005206,6489800
2014-06-18,23.579666137695312,23.596640908406933,23.210436947698497,23.223170049429246,6241600
2014-06-19,23.392927169799805,23.588152397062174,23.36746420634286,23.588152397062174,6171400
2014-06-20,23.320775985717773,23.53721923311422,23.295311407629928,23.503268081287644,10736400
2014-06-23,23.261362075805664,23.363217158211906,23.146773893880628,23.252873882445584,6990600
2014-06-24,22.849695205688477,23.2740951897325,22.841207011732703,23.257118801820948,9820200
2014-06-25,22.552610397338867,22.875155227531128,22.471974999269367,22.828470979559317,16925200
2014-06-26,22.41680908203125,22.61203270403258,22.056069710117594,22.57383663720992,14411200
2014-06-27,22.39558219909668,22.527146746702257,22.336166474035156,22.361629431086048,10695200
2014-06-30,22.556856155395508,22.59080730677624,22.421048311958177,22.421048311958177,9695800
2014-07-01,22.709636688232422,22.75207764727358,22.505924941706013,22.522901325322476,7022200
2014-07-02,22.794523239135742,22.90062323740276,22.667203565006822,22.671446852596205,6302400
2014-07-03,22.832719802856445,22.92184341480099,22.781792255882067,22.811500126530248,4372800
2014-07-07,22.66720199584961,22.849694109752296,22.607786259966385,22.76057050592746,10550200
2014-07-08,22.853939056396484,22.900623314825,22.54837216124552,22.662960354036194,8978800
2014-07-09,23.121301651000977,23.227401604402573,22.879393886761886,22.892125363103897,8227600
2014-07-10,22.824228286743164,23.019453489821075,22.747836167920784,22.879400732327614,8082800
2014-07-11,22.726619720458984,22.828476432998617,22.624764626876875,22.752084303333273,5606000
2014-07-14,22.684175491333008,22.896375446127596,22.595051898869002,22.896375446127596,6319400
2014-07-15,22.892139434814453,22.91760402210827,22.57383937895184,22.612035450413664,9551600
2014-07-16,22.31494903564453,22.892131578946408,22.2937277440366,22.892131578946408,16762800
2014-07-17,22.166412353515625,22.353147775305644,22.123973000049844,22.22158480818719,11956200
2014-07-18,22.484704971313477,22.497436449377233,22.03059723885987,22.259773557749643,7330000
2014-07-21,22.23430824279785,22.438019979824386,22.073035843876312,22.429531788411992,7181400
2014-07-22,22.272512435913086,22.42105341149048,22.247047852367874,22.40407702246034,5840800
2014-07-23,22.5356388092041,22.599299455252595,22.340415202459695,22.344660108973585,7341600
2014-07-24,22.582321166992188,22.807254243535073,22.569589686436732,22.679932962151145,7016600
2014-07-25,22.30221939086914,22.60778790502604,22.297976103264737,22.505931193987905,6185400
2014-07-28,22.340408325195312,22.518657107884554,22.323431942280724,22.438020098518738,7753800
2014-07-29,22.276756286621094,22.51441924594642,22.276756286621094,22.38285628459347,5756800
2014-07-30,22.781789779663086,22.828474033880987,22.361633110659312,22.395585884256825,8471800
2014-07-31,22.616273880004883,22.760569928758198,22.459244731772777,22.48895421791839,10464400
2014-08-01,22.544124603271484,22.671444262856788,22.45924429056218,22.48470887006216,7260800
2014-08-04,22.794523239135742,22.870915367404592,22.50593111433286,22.870915367404592,5410400
2014-08-05,22.552610397338867,22.794518210504496,22.497437957103347,22.794518210504496,6823200
2014-08-06,22.87940216064453,23.06189427600648,22.391341550917012,22.391341550917012,7894000
2014-08-07,22.701154708862305,23.07038222296821,22.662958647474976,22.96428223233201,4337000
2014-08-08,23.299558639526367,23.316533407655694,22.75208229816044,22.760570491703792,7937600
2014-08-11,23.112823486328125,23.405660520875653,23.08311561600555,23.350488067866227,5758400
2014-08-12,23.080888748168945,23.25971219812619,23.042569553476422,23.131982090543264,6501800
2014-08-13,22.71047019958496,23.046827383657035,22.680666562938207,23.034053236396726,10503800
2014-08-14,22.974451065063477,23.029801384346168,22.723247768844168,22.850977900577753,7804200
2014-08-15,22.62531280517578,23.004246091184324,22.565705540973468,23.004246091184324,8465800
2014-08-18,22.948904037475586,23.136241439611233,22.74879248634263,22.81691532568074,10665000
2014-08-19,24.932985305786133,25.33320681189224,24.051645299575448,24.153828753647478,31835000
2014-08-20,25.29062843322754,25.41835855174352,24.669005707877027,24.800994417376934,16507600
2014-08-21,25.082002639770508,25.333205923135047,24.958529481603247,25.290629756128173,9183600
2014-08-22,25.27359390258789,25.320428652023143,25.10754460853662,25.12457409764151,7538400
2014-08-25,25.111801147460938,25.392808015114415,25.09902862480552,25.333200743820697,7184600
2014-08-26,25.333200454711914,25.409838838122457,25.09476974808174,25.13308893978701,11123400
2014-08-27,25.350231170654297,25.418353996599848,25.25656167591306,25.328943092079367,6656800
2014-08-28,25.448162078857422,25.563119672264015,25.022393936244804,25.137351529651397,7719600
2014-08-29,25.380035400390625,25.494992976401345,25.294881459918646,25.486477419936516,4939800
2014-09-02,25.733423233032227,25.82283576789809,25.473706057816596,25.494994137860317,8996400
2014-09-03,25.699363708496094,25.865413013653786,25.609952794053715,25.814321294569066,5379600
2014-09-04,25.925020217895508,26.078296998900136,25.7036206035751,25.716394751443126,6770200
2014-09-05,26.035720825195312,26.048493348881017,25.546086844341517,25.835609291844836,6553200
2014-09-08,25.77174186706543,25.96759642207269,25.67807399207208,25.861154399989413,6120000
2014-09-09,25.426870346069336,25.652526909520393,25.32894388222876,25.639754386812246,8538600
2014-09-10,25.418357849121094,25.567376045907768,25.316172782626996,25.477965127835763,5852800
2014-09-11,25.622726440429688,25.69084927691958,25.36726620963674,25.39706984909003,5625800
2014-09-12,25.499250411987305,25.699361932154062,25.34171667492856,25.695103341755086,4706400
2014-09-15,25.418357849121094,25.524799882304873,25.36726612796231,25.44816148847843,3866800
2014-09-16,25.644012451171875,25.827092863985143,25.337458899637774,25.422612844416847,6214000
2014-09-17,25.512014389038086,25.669549697503374,25.371511812286876,25.656775554761765,4406800
2014-09-18,25.63975715637207,25.76748726977972,25.567375730129275,25.60569492656922,4250800
2014-09-19,25.39706802368164,25.784516932903184,25.392809433107804,25.75471329559202,8705800
2014-09-22,25.19695281982422,25.44389743926302,25.094767775251356,25.401321284793767,5375400
2014-09-23,25.01812744140625,25.201207814823977,24.941490694189955,25.137343588114387,7807000
2014-09-24,25.699363708496094,25.754714018274147,25.026649306478667,25.07348405904652,9993800
2014-09-25,25.248046875,25.69936162550155,25.184182637364565,25.550341822666198,9947600
2014-09-26,25.512014389038086,25.652518589965105,25.260812861639735,25.311904560078737,8247600
2014-09-29,25.4609317779541,25.60143602902901,25.179924899980673,25.26082187757279,6170800
2014-09-30,25.192699432373047,25.409842087866075,25.192699432373047,25.375779857915592,6829400
2014-10-01,25.2139892578125,25.456676962743344,25.103288634124713,25.235277339544297,6827200
2014-10-02,25.52478790283203,25.588652118263173,25.188430846030386,25.294872829258065,6246800
2014-10-03,26.00592041015625,26.150680027672056,25.65253205207474,25.65253205207474,7775200
2014-10-06,25.673816680908203,26.074039743356234,25.648271633808246,26.044234481445546,4750200
2014-10-07,25.41410255432129,25.72491313662712,25.41410255432129,25.52054460131,6054400
2014-10-08,25.96759605407715,25.993141099542253,25.375777055372875,25.49073463249487,7540600
2014-10-09,25.754718780517578,26.10810553711412,25.71214098659363,25.827098593923136,9961400
2014-10-10,26.21454620361328,26.47426504823815,25.81432470688868,25.827097232304105,10786800
2014-10-13,25.814315795898438,26.252856341663694,25.788769129709504,26.184733522669323,7788800
2014-10-14,26.146413803100586,26.235824696677156,25.912241719086474,25.98036453669378,9266800
2014-10-15,25.588661193847656,26.06552261724365,25.303397357226725,25.82283493934406,13505800
2014-10-16,25.384294509887695,25.652528876561398,25.21398823874005,25.231017728931292,14240600
2014-10-17,25.71639633178711,25.814322809185374,25.397070226462816,25.68659269189097,14117200
2014-10-20,25.827096939086914,25.942054539050666,25.609955888606486,25.609955888606486,14140200
2014-10-21,26.465742111206055,26.65733805990356,25.729163574370084,25.97185123466151,9480400
2014-10-22,26.235830307006836,26.78081458858205,26.176223031875896,26.286923649270296,11141400
2014-10-23,26.542381286621094,26.75952228553893,26.38484755704634,26.43168230415198,6644600
2014-10-24,26.431684494018555,26.58921823664499,26.26989216084263,26.448713983687274,6324000
2014-10-27,26.75101089477539,26.7808145322782,26.43168481509406,26.43168481509406,5002600
2014-10-28,26.69565773010254,26.746749442615997,26.406135318899192,26.68288358384198,5572400
2014-10-29,26.704179763793945,26.934093337962278,26.512583765173126,26.648829447708675,5735800
2014-10-30,26.92983055114746,26.980922265012687,26.504062479192562,26.52109359187307,5512600
2014-10-31,26.959638595581055,27.33431339077363,26.797846247007197,27.24064550406377,6801800
2014-11-03,27.206586837768555,27.304511698240944,26.92132131798501,27.29173917281875,7073600
2014-11-04,27.189550399780273,27.287475241087645,27.044789184679015,27.172519286432745,5553200
2014-11-05,27.12994956970215,27.368378716481082,27.057568132875154,27.249164143091615,6209600
2014-11-06,27.48758316040039,27.5173867927648,27.019238973951577,27.15974320439191,7295200
2014-11-07,27.249160766601562,27.59829050898952,27.232129651320065,27.462044835090637,5833800
2014-11-10,27.289718627929688,27.302527801453817,27.054904409298334,27.22567927482831,6252800
2014-11-11,27.00366973876953,27.400719874705054,26.965245479529653,27.328141623157308,8777600
2014-11-12,27.208600997924805,27.264103072568744,27.033557496629108,27.046365041304714,11916200
2014-11-13,27.110401153564453,27.387909848320454,26.9737819394589,27.302522432347107,7614600
2014-11-14,26.606616973876953,26.70908219793542,26.393149249998846,26.405956792270096,13362200
2014-11-17,26.273609161376953,26.811547135888773,26.2565313517405,26.610888572863903,12266000
2014-11-18,26.316299438476562,26.469996452653316,25.48377503077207,26.034522122028978,31854800
2014-11-19,26.525497436523438,26.849967631003068,26.19248670979272,26.444378666431525,10444800
2014-11-20,27.05063247680664,27.123210727210232,26.44011460552506,26.469999959059436,12681800
2014-11-21,27.136024475097656,27.42207214397214,27.07198349036504,27.27264372247267,10334000
2014-11-24,27.114675521850586,27.264103938541272,27.02928971646144,27.144562508092598,7992400
2014-11-25,27.306800842285156,27.725199167419795,27.306800842285156,27.515998376222395,16969600
2014-11-26,27.545875549316406,27.626994332288405,27.422067127345414,27.422067127345414,6912200
2014-11-28,28.246055603027344,28.378404572074583,27.678230578954466,27.682497588933103,6480000
2014-12-01,27.8490047454834,28.109432409857853,27.63126672338993,28.006968799508932,8909800
2014-12-02,27.853271484375,28.04539441632696,27.63126645456896,27.878889829657574,5402600
2014-12-03,28.117977142333984,28.335715196937283,27.955742796953842,28.211903489702465,7240400
2014-12-04,28.139328002929688,28.139328002929688,27.810585754673802,28.011246015276182,5342200
2014-12-05,27.99842643737793,28.284472395331992,27.92157792925875,28.139315911806236,4670200
2014-12-08,27.883150100708008,28.15638849778372,27.853264752817182,27.887420366766303,5404600
2014-12-09,27.930118560791016,28.015507611883137,27.580031594461435,27.609916948028864,4390000
2014-12-10,27.44768524169922,28.173474329935665,27.430607429860068,27.874620765899376,6448800
2014-12-11,28.00697135925293,28.3698659244031,27.592843355616008,27.592843355616008,9644400
2014-12-12,28.011240005493164,28.382675084189117,27.840465144348144,27.866080233479053,6752800
2014-12-15,28.310096740722656,28.49367916699721,27.981357783433754,28.062476584447605,9199600
2014-12-16,27.759347915649414,28.48941056958832,27.759347915649414,28.130783015262214,11265800
2014-12-17,27.904504776000977,28.06673909475632,27.49464708341428,27.972812762802395,7809400
2014-12-18,28.638837814331055,28.647375092237695,27.930123229467444,28.228980072356592,9163600
2014-12-19,28.211894989013672,28.749831304519102,27.951464106967524,28.732756753105964,10204400
2014-12-22,28.715682983398438,28.813876325500495,28.23324377801731,28.280206944156348,5829600
2014-12-23,29.082847595214844,29.215196558631806,28.775453512334714,28.87791712087496,4491400
2014-12-24,28.976118087768555,29.228008508664857,28.94196246068638,29.121274616977974,2337000
2014-12-26,29.061504364013672,29.228008977133165,28.941962924569925,29.010270922569237,2939600
2014-12-29,29.189577102661133,29.41585236390318,28.95903157500162,28.963298584160185,4503600
2014-12-30,29.21946144104004,29.28776941505908,28.954760305726634,29.1041870525734,3645200
2014-12-31,29.27924156188965,29.817178023646903,29.253623213287042,29.38170518452058,5823800
2015-01-02,29.014541625976562,29.51405547283499,28.822421917880238,29.30912821850024,5289400
2015-01-05,28.690067291259766,29.0060019394582,28.617489030427574,28.792534167180197,6354200
2015-01-06,28.549175262451172,29.168230373937636,28.3058221815675,28.81814342850395,6146200
2015-01-07,29.134071350097656,29.193842046678427,28.61747989693034,28.647365245220726,6152600
2015-01-08,29.28777503967285,29.454279626315692,29.15115580813874,29.24508214055458,8306200
2015-01-09,28.924882888793945,29.368896242090873,28.59614395557682,29.368896242090873,8004000
2015-01-12,28.775449752807617,29.12980695523412,28.771179486309034,28.988917476111446,7212600
2015-01-13,28.672996520996094,29.22374057978867,28.570529631548983,29.01881331541472,8837600
2015-01-14,28.275928497314453,28.45097028981972,28.002686887908073,28.156383868148747,7310200
2015-01-15,27.87034797668457,28.621755343315954,27.861810700167293,28.43390268734329,7403800
2015-01-16,28.49795150756836,28.549184952555173,27.793507110985427,27.887433464831172,6533000
2015-01-20,28.27167510986328,28.685803150672132,28.049666780419756,28.660184800499398,5662800
2015-01-21,28.18201446533203,28.527831192713162,28.10089567455986,28.211899821312382,6088400
2015-01-22,28.818153381347656,28.92061701467071,28.18202024096261,28.378410228690203,5114000
2015-01-23,28.873638153076172,29.010257342380996,28.694326077849546,28.86510087879517,4291800
2015-01-26,29.091381072998047,29.138344232708405,28.715679052574156,28.754101679286833,5423200
2015-01-27,29.138338088989258,29.317650157025668,28.779713952916442,28.877907260873307,5990600
2015-01-28,28.719953536987305,29.612250546470445,28.694338445845144,29.360356873619867,6187400
2015-01-29,28.865100860595703,28.88644893217235,28.3826650611925,28.702866591291766,5677200
2015-01-30,28.15213394165039,28.754111431800716,28.126515591227353,28.6217624407786,6132400
2015-02-02,28.12224769592285,28.254596682781777,27.447688700929685,28.13932550991432,6823800
2015-02-03,28.73276138305664,28.775454282986843,28.211899535033513,28.220436812115764,5001000
2015-02-04,28.976118087768555,29.11700434927773,28.604682972084646,28.775457850235632,7275000
2015-02-05,29.21946144104004,29.3091174891481,29.001723462915443,29.15115020976221,5529600
2015-02-06,29.138338088989258,29.411576456642344,29.01879671029832,29.257879467680198,4457600
2015-02-09,28.818153381347656,29.08285462946407,28.775460472234734,29.027350916083112,3886800
2015-02-10,29.23121452331543,29.28258113602152,29.068558481669285,29.15416623711956,6110600
2015-02-11,29.26116943359375,29.372462097335827,29.145595403550846,29.2269250346384,5019800
2015-02-12,29.4837646484375,29.4966087530699,29.128489464391215,29.389597407889518,6490400
2015-02-13,29.63785743713379,29.642138804794268,29.346786485028044,29.47092002136853,5436400
2015-02-17,29.359619140625,29.71061934498404,29.282574138566584,29.71061934498404,6017800
2015-02-18,28.965818405151367,29.325378077596497,28.94869620496581,29.269730110562,6956000
2015-02-19,29.030027389526367,29.137038697105826,28.961541850853003,28.991504886346213,4491000
2015-02-20,29.41954803466797,29.45378916871847,28.95297706846287,29.01718450161183,5310400
2015-02-23,29.278303146362305,29.565092752506782,29.17985127708223,29.500885295648203,6118800
2015-02-24,28.74752426147461,29.535126055403307,28.713279853288185,29.32966287201127,12497000
2015-02-25,29.697772979736328,29.90751746620059,28.041240247353432,28.336589196553778,18382800
2015-02-26,29.137046813964844,29.52656964961393,29.072839358385377,29.35106948874517,10851000
2015-02-27,29.381019592285156,29.599323538816872,29.18840057610891,29.226923073053996,7853600
2015-03-02,29.736305236816406,29.817634882622038,29.376745514167602,29.432393488971968,8809200
2015-03-03,29.368186950683594,29.62073209858112,29.09851959968222,29.590769059580968,5903000
2015-03-04,29.23121452331543,29.432396340922775,28.995788297237358,29.31254417700177,4882800
2015-03-05,29.41526985168457,29.4965994935234,29.24405109999938,29.24405109999938,4970400
2015-03-06,29.119909286499023,29.52227274841294,29.081386792856268,29.23548329887755,4393400
2015-03-09,29.205516815185547,29.33392837785945,29.04713896225718,29.162709695236167,3593800
2015-03-10,28.940135955810547,29.205525152927528,28.893050723003892,29.094232487591288,4727600
2015-03-11,28.743234634399414,29.09851291935659,28.69186803688042,28.910171994179183,5171800
2015-03-12,29.40243148803711,29.42811315994427,28.901616025763133,28.901616025763133,5225000
2015-03-13,29.102792739868164,29.381022777853385,28.880210668915442,29.381022777853385,5317600
2015-03-16,29.389589309692383,29.50516009372216,29.132759539446326,29.132759539446326,5434400
2015-03-17,29.23977279663086,29.458076809544696,29.137042841146986,29.218372491506855,5781200
2015-03-18,29.08567237854004,29.23976892422106,28.55917856890153,29.235490823198678,7050400
2015-03-19,29.175559997558594,29.21836386088946,28.987219080032254,29.137034234553006,5653200
2015-03-20,29.736305236816406,29.753427439392656,29.222648956707573,29.239771159283823,11652200
2015-03-23,29.74059295654297,30.074467813780636,29.573652262197218,29.66354466135528,9092000
2015-03-24,29.99741554260254,30.10870496977969,29.54796666929183,29.637855790808675,9192600
2015-03-25,29.766267776489258,30.027375646384215,29.710623068342823,29.963168204229916,10544800
2015-03-26,29.54366683959961,29.64639999918497,29.278281008315222,29.612155612656515,8842400
2015-03-27,29.787660598754883,29.796223330612175,29.436663704288787,29.483748932327867,6045400
2015-03-30,30.164350509643555,30.40405481430311,29.796231318501402,29.96316871149305,7148800
2015-03-31,29.984569549560547,30.386929843480395,29.967447348540947,30.117262525305037,6420600
2015-04-01,29.513713836669922,30.010247812714688,29.43238747321301,30.00168508031361,6497200
2015-04-02,29.672094345092773,29.830472251221718,29.49659750410336,29.646412677076235,3458600
2015-04-06,29.66353988647461,29.916085039882773,29.428113670817513,29.500880586301925,3171800
2015-04-07,29.385305404663086,29.76198402771022,29.34677963616316,29.62072831942033,3271800
2015-04-08,29.676372528076172,29.723457758205885,29.35533864940566,29.47519077492657,4023400
2015-04-09,29.37674331665039,29.890399558335343,29.222646770717503,29.702058609811598,6446000
2015-04-10,29.333942413330078,29.50516117787675,29.29541990581339,29.50516117787675,4254400
2015-04-13,29.167003631591797,29.410989298129238,29.132759227162573,29.342503754996944,4982600
2015-04-14,28.798885345458984,29.274015858106093,28.77320367420009,29.145600970359105,7627600
2015-04-15,28.567737579345703,28.927297268754064,28.537774544038832,28.87164929909422,7976000
2015-04-16,28.456445693969727,28.644783357047388,28.422201294964466,28.606260857460697,6093800
2015-04-17,27.929948806762695,28.26382353435042,27.85290054149432,28.26382353435042,10464800
2015-04-20,28.23814582824707,28.3665574445537,27.870026649861064,27.92995272394938,12646800
2015-04-21,28.375118255615234,28.512092596496124,28.280947783936018,28.315192185587712,6664400
2015-04-22,28.42647933959961,28.507805695576966,28.161090176908374,28.357990549592095,6651200
2015-04-23,28.392234802246094,28.507805552647774,28.285223517689815,28.37939397061538,5034800
2015-04-24,28.375118255615234,28.46072599401858,28.280947783936018,28.405081290628996,4655200
2015-04-27,27.955631256103516,28.405080027042295,27.94279042248682,28.36227615974473,6334400
2015-04-28,27.7886962890625,28.019841111315177,27.634599740894046,28.019841111315177,5665600
2015-04-29,27.493349075317383,27.74161284948051,27.249361769659888,27.72877201392179,6633400
2015-04-30,27.626035690307617,27.857180474217405,27.356366775746196,27.38205007380153,8329600
2015-05-01,28.058364868164062,28.109728203384453,27.6602826915771,27.758731261233372,8369400
2015-05-04,28.054088592529297,28.19962242303096,28.01556281839708,28.079770264799855,6932600
2015-05-05,28.09261131286621,28.161100127072885,27.887151401699004,27.917114441482823,6828600
2015-05-06,28.1824951171875,28.203898684022118,28.002716912389563,28.11829094813523,6978800
2015-05-07,28.33231544494629,28.379400682545064,28.092607890154525,28.233863602950848,5062200
2015-05-08,28.816007614135742,28.910178096602156,28.490692292631657,28.503533128290485,5935600
2015-05-11,28.61054229736328,28.89733509034873,28.554897591779305,28.83312765115121,5075000
2015-05-12,28.507492065429688,28.61484065831834,28.267032265685202,28.546139262399517,4820200
2015-05-13,28.284208297729492,28.65777930253434,28.181151290317967,28.571901739043792,5892400
2015-05-14,28.19403076171875,28.43878537691409,28.009391085271844,28.408727907539873,6501400
2015-05-15,28.318559646606445,28.36579329315003,28.060923659290086,28.245563384137018,5518400
2015-05-18,28.881067276000977,28.91541633705449,28.39584952390195,28.39584952390195,6467200
2015-05-19,29.709789276123047,30.280881140200535,29.671142090002167,30.023245244794566,13578400
2015-05-20,29.396339416503906,29.81285249712823,29.198818391098193,29.735561376228674,8511600
2015-05-21,29.143001556396484,29.306170262741407,29.078591735779952,29.293288953822014,6360000
2015-05-22,28.83812713623047,29.32334158948762,28.82524255341987,29.05282431880746,5460000
2015-05-26,28.413022994995117,28.816654727231768,28.331440297216652,28.730777168722163,6603000
2015-05-27,28.554716110229492,28.63200720217008,28.34431385617599,28.53324508846123,4630800
2015-05-28,28.327146530151367,28.580487630749005,28.29279419501369,28.5590198783022,3850600
2015-05-29,27.644405364990234,28.331438903341247,27.644405364990234,28.331438903341247,12800000
2015-06-01,27.94927406311035,28.103856276779112,27.61005544113464,27.644404496157676,6235000
2015-06-02,27.8633975982666,28.12532839964248,27.777520043331673,27.92780740247716,5128600
2015-06-03,28.348609924316406,28.42590102848404,27.880571715092415,28.000801593571293,5164600
2015-06-04,28.172563552856445,28.42590464675294,27.760345370164906,27.760345370164906,4973400
2015-06-05,28.181148529052734,28.327144303904472,28.052332196438684,28.146799472633564,4542800
2015-06-08,28.022275924682617,28.228383376099647,28.013686203195896,28.086685731757516,3382400
2015-06-09,27.78181266784668,28.08239067340819,27.704521555104446,28.009394421379096,4808000
2015-06-10,28.13392448425293,28.17686655245236,27.86770200712763,27.936403419410986,4630800
2015-06-11,28.138212203979492,28.408732750482567,28.10385986854751,28.275618269688398,4097800
2015-06-12,28.069509506225586,28.189739398637762,27.979337086916455,28.086685673144306,3085400
2015-06-15,27.940689086914062,27.98792272557425,27.79040172573109,27.85051667020428,4624200
2015-06-16,28.065210342407227,28.125325279396222,27.837631898660547,27.910628139858847,3986800
2015-06-17,28.21549415588379,28.30996140962787,28.00079704319922,28.125321761678425,3549200
2015-06-18,28.83812713623047,28.855300027939887,28.215503341145784,28.318557071497413,6477200
2015-06-19,28.61054229736328,28.881062815001872,28.58048482607218,28.722185737595378,6040800
2015-06-22,28.5718936920166,28.83382444571701,28.54183622565843,28.77800109675317,3051200
2015-06-23,28.988414764404297,29.014177378214583,28.580488148300155,28.662074126724793,4430800
2015-06-24,29.018470764160156,29.16446326968961,29.009881042647315,29.05282309817375,5696400
2015-06-25,28.89394760131836,29.147288707575466,28.88106629435872,29.07429245079146,5232800
2015-06-26,29.207401275634766,29.30186855366073,28.911121411666457,28.911121411666457,5970800
2015-06-29,28.37438201904297,29.095764723798947,28.3443245428456,28.971239957832946,6716000
2015-06-30,28.413022994995117,28.67924866800508,28.297087963405264,28.65348605565597,6357600
2015-07-01,28.94976043701172,28.971231460577766,28.43448863160906,28.55471850113513,5569800
2015-07-02,28.683544158935547,29.09576234567236,28.619134350628777,28.902532920752048,4297400
2015-07-06,28.730775833129883,28.93258841384779,28.348611870276656,28.413021674174107,6857400
2015-07-07,29.29327392578125,29.327626249289242,28.743649853724946,28.82094094360898,6177400
2015-07-08,28.9368839263916,29.276105843610807,28.93258906576334,29.09576100944934,4319400
2015-07-09,29.057113647460938,29.31474959134427,29.057113647460938,29.276105673970214,5031800
2015-07-10,29.25463104248047,29.404921660912162,29.065699787454434,29.404921660912162,4690800
2015-07-13,29.696914672851562,29.709795979125367,29.34910302336442,29.49509880517827,4590400
2015-07-14,29.68402862548828,29.75702815080172,29.45645015649963,29.696913207145048,4066000
2015-07-15,29.50798225402832,29.679740660861164,29.452158888096648,29.666856077632918,4788200
2015-07-16,29.787078857421875,29.872956392850217,29.465033185538616,29.628201813259658,4218000
2015-07-17,29.516563415527344,29.757026452448567,29.460743335608807,29.739850287238585,4002000
2015-07-20,29.67115592956543,29.722684443088408,29.499397493841844,29.606746106666627,3377600
2015-07-21,29.4263973236084,29.72697536529524,29.38775340060224,29.58956929013016,4355800
2015-07-22,29.460744857788086,29.69691304660453,29.370572442790547,29.443568691690643,4098200
2015-07-23,29.301860809326172,29.563791546982532,29.27609820431667,29.54661538497022,2964600
2015-07-24,28.95835304260254,29.374866043551517,28.924000711880886,29.370571183206668,3864800
2015-07-27,28.91541862487793,29.039943399604606,28.786602264691993,28.941184517730665,3592600
2015-07-28,29.138694763183594,29.194514837650566,28.786591600812834,29.044227501763938,3370000
2015-07-29,29.82573127746582,29.864378472650607,29.14728741550102,29.20740236266054,7640800
2015-07-30,29.894437789916992,29.920200404283104,29.585273313447182,29.778499473231253,5880000
2015-07-31,29.98031234741211,30.049017013521187,29.84720115184926,29.988898792666348,5733400
2015-08-03,29.782791137695312,30.177833136998164,29.636795361245877,30.057603248168494,5597400
2015-08-04,29.868669509887695,29.984607817297785,29.72697186619149,29.765615784648947,3329200
2015-08-05,30.1348876953125,30.310937629020955,30.010362973412352,30.031833995677843,2573600
2015-08-06,29.83860969543457,30.21218392463673,29.602444790460094,30.091954041956107,4347000
2015-08-07,29.89872169494629,29.924487578713094,29.580970853980773,29.872959087197763,3491400
2015-08-10,30.13060188293457,30.28088925586548,30.04042945917603,30.07907665565485,4052600
2015-08-11,30.134899139404297,30.233954419252324,29.94539751068422,29.992772917864237,4018200
2015-08-12,30.177978515625,30.285649339968725,29.544873542747453,29.99278456631968,5758600
2015-08-13,30.39332389831543,30.707724189800306,29.979868276342348,30.147834520086,6963000
2015-08-14,30.40623664855957,30.45361206870298,30.165055081176696,30.367476733452644,4872600
2015-08-17,30.841230392456055,30.940285708219974,30.216740941709826,30.371783901781495,8893800
2015-08-18,33.06786346435547,33.1324666169482,32.19357688537863,32.20649685872661,19304600
2015-08-19,32.245262145996094,32.7319331266831,31.874874218799594,32.378772927013536,13700600
2015-08-20,32.0126838684082,32.41321938614953,31.87055762014628,31.93085300682974,7376600
2015-08-21,30.815383911132812,31.861944206231524,30.78092846693443,31.659522578881056,10143400
2015-08-24,29.902332305908203,30.888597149001225,28.963442873878517,29.10556910706852,13723800
2015-08-25,29.652542114257812,30.712022551004363,29.626702169851388,30.66464712902422,10425600
2015-08-26,30.496671676635742,30.518207147683118,29.45872703201289,30.294250077855985,10246800
2015-08-27,30.768009185791016,30.849836760279462,30.16074429014152,30.7077138000197,6745600
2015-08-28,30.45791244506836,30.87998008577405,30.289946281910762,30.608650888177536,8965200
2015-08-31,30.2856502532959,30.59143500935132,30.165059452130706,30.41054880760353,5481400
2015-09-01,29.88511085510254,30.281338661807546,29.717144648219932,29.738680125349486,6976400
2015-09-02,30.509599685668945,30.518215190699113,29.992781102840887,30.324409043601694,6095800
2015-09-03,30.768009185791016,31.086713837132546,30.44499678236522,30.57850752430855,6054000
2015-09-04,30.47515296936035,30.656039177091344,30.272731281057716,30.376094358925,4437000
2015-09-08,31.155635833740234,31.17717131825789,30.556986165709706,30.966137370569978,5827800
2015-09-09,30.604352951049805,31.39250414529217,30.526829828897235,31.254685626560118,4606000
2015-09-10,30.78955078125,30.979052500628526,30.496685981234585,30.505301488035293,4672200
2015-09-11,30.923053741455078,30.940278177162842,30.505290529725723,30.656028986057986,4587400
2015-09-14,30.66895866394043,30.991971152266256,30.58712778209161,30.90152804983738,4048200
2015-09-15,30.56559944152832,30.737873447526905,30.376097706344545,30.69049801373096,6334600
2015-09-16,30.823999404907227,30.862762605212755,30.285645354041968,30.54405464128682,5727000
2015-09-17,31.24177360534668,31.650921512820716,31.035044131706492,31.181478193421107,9501000
2015-09-18,30.733556747436523,31.121172326637716,30.625885935761325,30.948898370786917,9746000
2015-09-21,30.99627685546875,31.138403129536957,30.776627457895408,30.87999052728468,4032800
2015-09-22,30.67325782775879,30.77231312302938,30.384700874263373,30.7077132721364,6276600
2015-09-23,30.64742660522461,30.828312810883055,30.52252804821674,30.643118851989037,3492200
2015-09-24,30.677576065063477,30.811086850344353,30.307188126039282,30.3201081006338,4159800
2015-09-25,30.561283111572266,30.96612641918262,30.34163373341639,30.92305875123209,5210200
2015-09-28,29.755905151367188,30.548364066271628,29.717145234791897,30.397625580946812,4741600
2015-09-29,29.923879623413086,29.979867274171674,29.514728482805726,29.717150176410524,7242800
2015-09-30,30.759397506713867,30.811080680595815,29.984169613599583,30.190895737422395,9315400
2015-10-01,30.492372512817383,30.849837079054737,30.096141463273185,30.759393999463203,6407000
2015-10-02,30.742168426513672,30.742168426513672,29.842042033931694,30.12198679653959,5861400
2015-10-05,30.806772232055664,31.004886132015702,30.289953648320996,30.918750796677397,7552000
2015-10-06,30.47945785522461,31.03073527840857,30.341639320891883,30.93598441995737,4704200
2015-10-07,30.96613121032715,31.0091988849412,30.509604659029954,30.681878643339108,7980400
2015-10-08,31.108251571655273,31.32789765612817,30.72924822115649,30.832611277723284,4787000
2015-10-09,31.345134735107422,31.4011256754252,30.832620480001438,31.030737719175157,4755800
2015-10-12,31.689680099487305,31.84472636061483,31.392507551350718,31.43988298035374,4885000
2015-10-13,31.32790184020996,31.784428365569543,31.237458742903105,31.616462144020705,4457000
2015-10-14,30.910133361816406,31.633681305383053,30.755090425057755,31.366659810993834,5891400
2015-10-15,30.89290428161621,31.000575070811255,30.380390273575262,30.948891909091014,7179800
2015-10-16,31.194385528564453,31.396807166224743,30.897213057458732,31.04364705983408,5344800
2015-10-19,31.405426025390625,31.414041531626765,31.091029050681943,31.19008437142741,4422400
2015-10-20,31.444190979003906,31.573394007049526,31.310676911747795,31.40542777049308,4484600
2015-10-21,31.185771942138672,31.603531884052817,31.091021112849184,31.586304161831816,3667600
2015-10-22,31.827489852905273,31.874865268838814,31.17284953410661,31.383886672665877,5613200
2015-10-23,30.905838012695312,32.13328489892031,30.612973204240472,32.13328489892031,7454800
2015-10-26,31.198688507080078,31.336506983953498,30.772309821815583,30.862756175066846,4727000
2015-10-27,30.940288543701172,31.220233362600503,30.64311928332303,31.138405765090614,4347800
2015-10-28,31.538917541503906,31.629360577218275,30.940265148412667,31.026403719938628,4718000
2015-10-29,31.474342346191406,31.638000848449508,31.19439749071159,31.603545389283557,3842800
2015-10-30,31.521713256835938,31.840417993744346,31.383894725806382,31.426962400655686,5485200
2015-11-02,31.534626007080078,31.689672229703564,31.043647397389776,31.577693672063887,5192600
2015-11-03,31.96961212158203,32.15049825853116,31.577688872340545,31.655211971868987,5319200
2015-11-04,31.732736587524414,32.0643611877755,31.47001958689547,31.973918114979753,4400600
2015-11-05,32.008384704589844,32.08160008151424,31.495870494413047,31.922249353602673,5688800
2015-11-06,31.40972137451172,32.081586018078305,31.211607525404943,32.012678424665836,5095800
2015-11-09,30.69705581665039,31.362223880033376,30.50268995908984,31.32334873131611,6503000
2015-11-10,31.0209903717041,31.085780066911603,30.53291415244373,30.679767719262664,6340000
2015-11-11,29.8375244140625,30.82231766012638,29.807289649326933,30.817997466494955,8867000
2015-11-12,29.479007720947266,29.85478526942693,29.444452781821244,29.664736399574174,12263400
2015-11-13,27.734031677246094,28.377601970689785,27.67788235477833,28.148681192874733,20523400
2015-11-16,28.356006622314453,28.36464371188088,27.440320247231767,27.56126092088024,16970400
2015-11-17,29.44878578186035,30.191700819500493,28.774980652531756,30.09235615013809,21187200
2015-11-18,29.517900466918945,29.638842839537567,29.07301602036424,29.54813853158063,10908800
2015-11-19,29.241455078125,29.65178768422859,29.189625949808864,29.26305274515094,8075000
2015-11-20,30.299671173095703,30.351500289475936,29.50060710727499,29.50060710727499,12646000
2015-11-23,30.489721298217773,30.662492734336453,30.299675684294176,30.299675684294176,7251000
2015-11-24,30.46380615234375,30.77047388029025,30.21328773953979,30.21328773953979,8203600
2015-11-25,30.947566986083984,31.098740761271937,30.35582587138697,30.489722172933277,7146200
2015-11-27,30.813663482666016,31.098736818600067,30.636575167137277,31.003712373288714,3132800
2015-11-30,30.49404525756836,30.982124872051475,30.373106225946813,30.938929536179668,13365600
2015-12-01,30.57179832458496,30.982131029527554,30.40766721981319,30.71433505247056,7245800
2015-12-02,30.550199508666992,30.83958982056091,30.45085484433091,30.58475116573283,5825200
2015-12-03,30.16577911376953,30.666815999182003,29.910943773850054,30.584748817351006,7609400
2015-12-04,30.662500381469727,30.69273514318037,30.187381285155908,30.334238195851814,8830800
2015-12-07,30.658174514770508,30.718644020501856,30.35582369077286,30.5285951194371,4787800
2015-12-08,30.809349060058594,30.904373512999662,30.221928164914694,30.221928164914694,7499600
2015-12-09,30.584747314453125,31.189445724072804,30.044838608603627,30.519960906024163,7386800
2015-12-10,30.874143600463867,31.193768659740545,30.597707287043903,30.679774472059588,6824600
2015-12-11,30.476768493652344,30.727286948053784,30.31263741766944,30.48972577657974,6573600
2015-12-14,30.636573791503906,30.90868654012568,30.416290159567854,30.53722915895531,6822600
2015-12-15,30.429262161254883,31.09011337680107,30.41198797756231,30.925978973641993,5990400
2015-12-16,31.033950805664062,31.094420315245717,30.50268250071938,30.77479529383682,5847000
2015-12-17,30.515644073486328,31.418369947293968,30.507003687850336,31.293110718304767,6540400
2015-12-18,29.941177368164062,30.50268374616743,29.928220086344815,30.49404336139376,9951800
2015-12-21,30.066438674926758,30.299679649912363,29.84615498266121,30.092353240366887,5214400
2015-12-22,30.40765953063965,30.584747875831276,30.113949057452867,30.26512283879725,6065200
2015-12-23,30.796396255493164,30.805033345497293,30.21761236497229,30.636582080014247,3798000
2015-12-24,30.619306564331055,30.792078033544453,30.50268771743348,30.662498607798984,1771600
2015-12-28,30.524272918701172,30.753193646096143,30.386056443933978,30.515635830739775,3599200
2015-12-29,30.99508285522461,31.211046358098976,30.645219739735893,30.727286925337445,3558600
2015-12-30,30.822309494018555,31.068507740306398,30.8093522118994,30.982123662617845,2787000
2015-12-31,30.627946853637695,30.947571928702377,30.619306467766346,30.671138896969406,3592000
2016-01-04,30.593387603759766,30.61066507773403,30.049158707264617,30.187375203717536,7517600
2016-01-05,31.072830200195312,31.090107676062036,30.485409202092967,30.597707852214317,8426400
2016-01-06,30.273761749267578,30.835268165568543,30.066438635336574,30.528600392012056,8907200
2016-01-07,30.230573654174805,30.589073900676276,29.802966792457028,29.802966792457028,9653600
2016-01-08,28.90888023376465,30.446539617966422,28.83545341942741,30.334240947336124,12188600
2016-01-11,29.28464698791504,29.405586000299692,28.939104127952366,28.982296161612467,7736000
2016-01-12,29.768413543701172,30.109636332124243,29.375361614730156,29.720901301304156,5549000
2016-01-13,29.23714256286621,29.906627501571197,29.215544892603354,29.897990410671145,6169800
2016-01-14,29.57404899597168,29.906631412253194,28.93479543949705,29.24146328434792,6743400
2016-01-15,29.159395217895508,29.362401452730463,28.718827794351192,28.718827794351192,7846400
2016-01-19,29.431507110595703,29.660427905741066,29.120519126495708,29.444464394042924,6562600
2016-01-20,29.13347053527832,29.414223702941324,28.351683835084984,29.09027850071655,7498200
2016-01-21,29.30624008178711,29.448776752469673,28.84407842151946,29.068682259323637,7644200
2016-01-22,29.78135871887207,30.139858840148587,29.625864769772395,29.682017376322186,6650000
2016-01-25,29.699298858642578,29.94117690308817,29.470378095814976,29.83319516248336,4817600
2016-01-26,30.100994110107422,30.30400033023237,29.64746943555844,29.74681409691333,4453600
2016-01-27,29.885025024414062,30.407656208733016,29.733847964243843,30.1053053837335,4484400
2016-01-28,29.97140884399414,30.066433294057113,29.7036129661204,30.04051873325481,3821000
2016-01-29,30.770463943481445,30.90004330007689,30.0232324337555,30.178726343534063,8097000
2016-02-01,31.189456939697266,31.31039600604224,30.437904673594623,30.640910947249008,6372600
2016-02-02,31.46587371826172,31.694794445914344,31.232632798953187,31.491791572856467,7232600
2016-02-03,31.090106964111328,31.655930280587754,30.666817053423674,31.59546076410973,6323000
2016-02-04,30.563154220581055,30.891416354809117,30.113949763102205,30.610666452308525,6250800
2016-02-05,29.353757858276367,30.895737081462283,29.327843293373864,30.800712616364546,9205200
2016-02-08,29.379674911499023,29.500617247083927,28.861363797501927,29.142117023976063,8739600
2016-02-09,30.1768798828125,30.423840571213336,29.254024174409473,29.258357745938344,9131400
2016-02-10,30.059900283813477,30.748792797499835,30.016574479840987,30.436841720022763,5394800
2016-02-11,29.42300796508789,30.068571455730368,29.206375610659784,29.535654409396376,7182200
2016-02-12,30.272197723388672,30.302526112096217,29.379670431123202,29.817268587229034,6438000
2016-02-16,30.92209243774414,31.117060165007036,30.471496904499396,30.779114341460033,7850400
2016-02-17,31.104055404663086,31.355349580145248,30.930748962760028,31.021734101011408,6856600
2016-02-18,31.026086807250977,31.195059783300053,30.65781245702985,31.02175323450556,5887400
2016-02-19,31.017410278320312,31.065069647459495,30.436837316874275,30.714126388840516,5930800
2016-02-22,31.641315460205078,31.771296171671068,31.203717257519514,31.364026360921326,7373800
2016-02-23,31.49400520324707,31.87527686574741,31.286036738353587,31.64131358232222,9213000
2016-02-24,32.16556930541992,32.34320941302412,31.08240759236183,31.706309796858402,18575000
2016-02-25,32.52950668334961,32.555501501352566,31.72796784130849,32.03991557398361,10118600
2016-02-26,32.77213668823242,32.85445802656014,32.20889134117922,32.499181158501806,12228600
2016-02-29,32.10490036010742,32.81545391043831,32.08756938259374,32.70713778013731,9188000
2016-03-01,32.698482513427734,32.71147992358272,32.09624493556976,32.21755850441211,5745200
2016-03-02,32.685482025146484,32.819792991495206,32.34753617075516,32.55983489623623,4489400
2016-03-03,32.59016036987305,32.5988242065364,32.06157708366044,32.5295035965909,5720600
2016-03-04,32.668155670166016,32.815464066302916,32.28688065795851,32.59016789999148,6391400
2016-03-07,32.655147552490234,33.01042432112079,32.4818410860872,32.59449078508106,7228200
2016-03-08,32.66381072998047,32.9454333190161,32.51650238511171,32.572825580700496,4904800
2016-03-09,32.47318649291992,32.82413313202306,32.35620648358366,32.806802148131176,3763000
2016-03-10,32.71147155761719,32.82412125939497,32.25221222001344,32.73313610603268,4629600
2016-03-11,32.7071418762207,32.98010067431267,32.45585093466686,32.81545802008669,5639400
2016-03-14,32.87611389160156,32.98443003248716,32.685479731414375,32.754800342697095,4526800
2016-03-15,32.949771881103516,33.192398982605155,32.607492474030074,32.66814924940549,5705000
2016-03-16,33.06675338745117,33.14474114589867,32.58149585649487,32.78513074274927,5912400
2016-03-17,33.45668411254883,33.57366406924041,32.980093839417776,32.980093839417776,5365600
2016-03-18,33.75998306274414,33.76431663509613,33.46969652055736,33.46969652055736,10689000
2016-03-21,33.72964859008789,33.99394026163798,33.60400145889633,33.673325381848876,6170400
2016-03-22,33.712318420410156,33.855296535779665,33.52168423879747,33.543345486081336,6160800
2016-03-23,33.673336029052734,33.803313467366586,33.40471070099457,33.59101467090396,5483600
2016-03-24,33.413368225097656,33.66899276072142,33.39603724387028,33.46102759708627,5357000
2016-03-28,33.6906623840332,33.88996373982254,33.45236548822683,33.54335067420367,3296000
2016-03-29,34.06327438354492,34.0849356367933,33.6906664499781,33.70799743590535,3601200
2016-03-30,34.08926010131836,34.23223821785498,33.89862261260287,34.14991688308298,5148400
2016-03-31,33.94628143310547,34.314555689419024,33.9072892049819,34.17591114684639,7487800
2016-04-01,34.132598876953125,34.22358408418717,33.79898645042827,33.88997165766232,9416600
2016-04-04,34.037261962890625,34.31455101022424,33.93327939652706,34.22789942251231,3818400
2016-04-05,33.66899490356445,34.00694079513995,33.608338118181514,33.8379678493522,4527000
2016-04-06,33.617000579833984,33.67766066827956,33.222731490991634,33.63433156145461,6600800
2016-04-07,33.01043701171875,33.47836035368663,32.854461462547064,33.4393681191673,6540000
2016-04-08,33.00609588623047,33.19673335949185,32.79379716726437,33.0494216831863,6215800
2016-04-11,32.6898193359375,33.15774599157247,32.65516067316794,32.92811623618139,5397000
2016-04-12,32.9454460144043,32.99310539270855,32.494850359421335,32.72014653413926,5336800
2016-04-13,33.2010612487793,33.26171802128495,32.93243934355317,33.17073286252647,5220400
2016-04-14,33.07109069824219,33.214068822486844,32.867455788962864,33.17507328608064,5441200
2016-04-15,33.49135208129883,33.53034430535222,33.071084925809764,33.110077149863166,4631800
2016-04-18,33.63433074951172,33.73831663672524,33.42636558617802,33.42636558617802,4980800
2016-04-19,33.673336029052734,33.88130125257395,33.50869331275518,33.83797543980266,3549200
2016-04-20,33.6300048828125,33.96795079659948,33.591009343619405,33.78598042849066,5298600
2016-04-21,33.36570358276367,33.79030098635288,33.31371064729419,33.58666612103011,3747400
2016-04-22,33.15774154663086,33.44369778858983,33.12741315480613,33.36571002310527,4850800
2016-04-25,33.144744873046875,33.27472558692463,32.936776391951845,33.114416480548314,4320800
2016-04-26,33.430694580078125,33.44369198781337,33.010427433725546,33.18806418201752,3581200
2016-04-27,33.68198776245117,33.81630203097502,33.30071611934468,33.430696816484804,4424200
2016-04-28,33.313720703125,33.716656984388884,33.22706909006602,33.487027234790126,3382400
2016-04-29,32.85011672973633,33.26171671349074,32.70713864064629,33.26171671349074,5499400
2016-05-02,33.707977294921875,33.73830567578603,32.95409473250611,33.010421229500686,5751600
2016-05-03,33.37437057495117,33.55634090798134,33.03642472631045,33.44369449546541,3989800
2016-05-04,33.36570358276367,33.46968614815648,33.07974739600076,33.17939969593073,3380400
2016-05-05,33.16206741333008,33.42202546936222,32.941101578207046,33.29637835941171,4687000
2016-05-06,33.19240188598633,33.2183967046935,32.78080183057197,33.04075993428349,4353800
2016-05-09,33.699317932128906,33.885621830591916,33.12740882844768,33.33970754349508,4488600
2016-05-10,33.31241989135742,34.0210119444361,33.26025588415482,33.960151724944254,7238400
2016-05-11,32.182159423828125,32.66034835863643,32.16911841999493,32.52558689684844,12314400
2016-05-12,32.29082489013672,32.52992091228558,31.93870467263775,32.264742893768585,13179800
2016-05-13,31.595293045043945,32.516896068617235,31.551821923956346,31.786569957790125,14002600
2016-05-16,32.686424255371094,32.69511714987473,31.64310113339689,31.786558767452807,16294400
2016-05-17,32.86030197143555,34.073164480053684,32.325601177830016,33.977529393502465,27945800
2016-05-18,32.48210906982422,32.738590936594456,32.090862452465934,32.60817760856372,11597400
2016-05-19,32.951602935791016,33.09071246691098,32.41255060064742,32.503840919510566,7990000
2016-05-20,32.79511260986328,32.96030418348445,32.573405598361795,32.721208061607,7149200
2016-05-23,32.47342300415039,32.995086429163834,32.43864809579009,32.80815761561165,5828400
2016-05-24,32.708160400390625,32.84292514921522,32.490801539883925,32.708160400390625,5491600
2016-05-25,32.74293899536133,32.93856064544221,32.495150024163465,32.842925531677295,5267400
2016-05-26,33.0037727355957,33.32111817117968,32.873359392864,33.08637017430251,5808600
2016-05-27,33.32111740112305,33.334158403431495,32.97334186194215,33.042898296431666,4655000
2016-05-31,33.09071731567383,33.338506307934416,32.938563445307395,33.26025697792405,7059400
2016-06-01,33.29938888549805,33.36459723070901,32.955961362912234,32.98204669097714,5361600
2016-06-02,33.473270416259766,33.52978253596146,33.16027307131648,33.24721862081939,5445600
2016-06-03,33.2254753112793,33.42109695767826,33.151574095229286,33.23851631215483,4801800
2016-06-06,33.03854751586914,33.347196706508264,32.83422965188603,33.32111470400253,4030800
2016-06-07,33.151580810546875,33.412410830791266,32.96899681140552,32.99508213507351,4601600
2016-06-08,33.46022415161133,33.560207372026035,33.164615963050906,33.32111461091425,4854800
2016-06-09,33.60803985595703,33.647166191686395,33.351557886420444,33.41241812721334,3747600
2016-06-10,33.46022415161133,33.521084368376734,33.216783284549706,33.434142149178456,4788000
2016-06-13,33.03854751586914,33.45152803316427,33.03419940990716,33.238517273890274,5772600
2016-06-14,33.12114715576172,33.13853626413673,32.80814983827803,32.97334139289073,5486400
2016-06-15,33.0037727355957,33.38632650086224,32.97334262396163,33.13853750137524,6651800
2016-06-16,32.99073791503906,33.10811359378909,32.729907864065936,32.951614899878415,6309000
2016-06-17,32.88639450073242,33.04289313726551,32.66903565184012,32.964643818998965,9844200
2016-06-20,33.303733825683594,33.5558709676489,33.19070625917606,33.19070625917606,6311800
2016-06-21,33.58629608154297,33.69497552482826,33.20809042492214,33.44718652680314,6684600
2016-06-22,33.486297607421875,33.8905851251114,33.47760471437394,33.72539362414286,4574800
2016-06-23,33.42110061645508,33.851473592260675,33.29938017278077,33.75583515319276,4230600
2016-06-24,32.456024169921875,32.97333596320183,32.37777485343619,32.53861827531088,9947400
2016-06-27,31.964794158935547,32.269098559941064,31.486605319221816,32.19954213115132,9791800
2016-06-28,32.4082145690918,32.49950491262374,32.03000887448767,32.17346655002376,8891200
2016-06-29,33.173316955566406,33.234177187187136,32.61253054994634,32.660349777167475,6872000
2016-06-30,33.573246002197266,33.58193889599119,32.973333514808544,33.23416344484897,6289400
2016-07-01,33.45588302612305,33.738450272423776,33.364592681927505,33.58195159190749,4264800
2016-07-05,33.30807113647461,33.56020488008115,33.134183394356675,33.35154224284589,4515200
2016-07-06,33.73844528198242,33.76018249641865,33.19504808740937,33.29068652431555,6384600
2016-07-07,33.59063720703125,33.75583206544982,33.39066745119622,33.62106731516629,5379000
2016-07-08,34.325313568115234,34.342702676327086,33.78191637386955,33.7993054820814,5724400
2016-07-11,34.23402786254883,34.41660854849033,34.103611191657066,34.24272075951255,5389000
2016-07-12,34.129695892333984,34.26880545764821,34.025361230873074,34.247068240685444,6048000
2016-07-13,33.97319412231445,34.255761333924454,33.916678690012446,34.255761333924454,4991800
2016-07-14,33.92972183227539,34.268801147794534,33.85147250433764,34.25141203973801,5342400
2016-07-15,33.82539749145508,34.116660994366235,33.78192636638355,34.04275643344697,5143400
2016-07-18,34.45574188232422,34.54703224385711,34.05579889136448,34.073188005461375,7778000
2016-07-19,34.49485778808594,34.72091290809438,34.40791555216497,34.57745523385445,5219000
2016-07-20,34.63396453857422,34.725254873856215,34.44703576157772,34.599186320381044,4877000
2016-07-21,34.39921951293945,34.686134862873494,34.29054005917057,34.599189309878156,4473200
2016-07-22,34.703521728515625,34.76438195335848,34.38182817819367,34.525285843880475,3929000
2016-07-25,35.107810974121094,35.18171220521828,34.73830150200151,34.799161729567864,6022000
2016-07-26,35.299072265625,35.320809475031865,34.96434113053377,35.09040964850209,7133600
2016-07-27,35.29037857055664,35.51208549826921,35.20778115664497,35.451225293270845,6935600
2016-07-28,35.316471099853516,35.3686384268231,35.00347377130286,35.212139762547764,4782000
2016-07-29,35.52512741088867,35.59468051126224,35.24690837612938,35.30342047747244,5566000
2016-08-01,35.58599853515625,35.67728887301001,35.329513314547896,35.507749200333954,4984000
2016-08-02,34.92522048950195,35.5164368617634,34.903486593197556,35.48600675363081,5183400
2016-08-03,35.08606719970703,35.08606719970703,34.412256715688095,34.57744825726119,5749800
2016-08-04,35.33821105957031,35.39472318070096,35.06868482424653,35.11215594178039,5167800
2016-08-05,35.63816833496094,35.677291346767994,35.37299019948945,35.4773215476087,5233200
2016-08-08,35.464271545410156,35.76857261547914,35.41210422626994,35.71206050721859,6443000
2016-08-09,35.28110885620117,35.56457948857062,35.20697135569698,35.45555257821601,4802000
2016-08-10,35.56021499633789,35.62563180342818,35.32907849489097,35.41193667845078,5487000
2016-08-11,35.94835662841797,36.432436425226776,35.45555614188866,36.196937875922146,7481600
2016-08-12,36.14024353027344,36.20129833742068,35.782635376737815,35.839328175592414,5457000
2016-08-15,36.096641540527344,36.47605652852199,35.935283782178544,36.47605652852199,11108400
2016-08-16,34.00332260131836,35.36397668395668,33.985877891638616,35.006368453617355,25043800
2016-08-17,34.09925079345703,34.49174493120564,33.798335515762275,33.93788980028628,13493800
2016-08-18,33.93354415893555,34.26934900152594,33.87248933796242,34.17776677006625,7870200
2016-08-19,34.605140686035156,34.64439210393178,33.929175838082635,33.968423928742006,12661400
2016-08-22,34.49612045288086,34.605147384354716,34.264983890514344,34.56589928609832,6607800
2016-08-23,34.317317962646484,34.64875743820596,34.317317962646484,34.64003674768614,5615600
2016-08-24,34.26934814453125,34.448150593698784,34.20829332508496,34.24754142591267,5144600
2016-08-25,34.365291595458984,34.443791122553854,34.12106899603159,34.22137524124538,8944600
2016-08-26,34.317317962646484,34.67056415536235,34.243177120657485,34.36964876024119,8106600
2016-08-29,34.26498031616211,34.51356156090223,34.19956349865417,34.26498031616211,5629800
2016-08-30,33.78963088989258,34.2649867537661,33.7111313595823,34.21265262447986,6917200
2016-08-31,33.77217483520508,33.9291738430857,33.57156573118808,33.78525753132229,7270600
2016-09-01,33.898643493652344,33.94661226616281,33.51050468826923,33.8593920814788,6823600
2016-09-02,33.8768424987793,33.93789730380521,33.67187137023345,33.907369901292256,6229800
2016-09-06,33.72855758666992,33.80269840165421,33.54539320732759,33.798336394364156,6293800
2016-09-07,33.82014846801758,33.9204513609419,33.65442543707569,33.72856293658274,5691800
2016-09-08,33.2401237487793,33.80270298495648,33.1616242430979,33.7111207828677,9876600
2016-09-09,32.60340881347656,33.022071757795246,32.60340881347656,33.017709749673095,9241800
2016-09-12,32.95229721069336,33.026438049436656,32.58596833461576,32.60341304212961,9965600
2016-09-13,32.407169342041016,32.83455644724006,32.30250440235003,32.703722777197505,7404800
2016-09-14,32.346107482910156,32.533633927999425,32.228359867266995,32.43768970112989,7124000
2016-09-15,32.725521087646484,32.80402060405033,32.24580329950637,32.311216790478255,9713400
2016-09-16,32.56416702270508,32.74733149114152,32.42025065726003,32.56416702270508,6980600
2016-09-19,32.57288360595703,32.821464849872584,32.56852159754096,32.729882636560276,4379000
2016-09-20,32.73424530029297,33.27502128360228,32.68191450188351,32.70807990108824,7023600
2016-09-21,33.18779754638672,33.20524225483363,32.75605182584887,32.7909412427427,4917600
2016-09-22,33.362239837646484,33.636986497327385,33.20087878703135,33.40584994322853,6088400
2016-09-23,33.15289306640625,33.44944632078833,33.100562292080035,33.35350545877813,7207200
2016-09-26,32.78657531738281,32.99154645810232,32.63393829575261,32.99154645810232,6792200
2016-09-27,32.81273651123047,32.934846112896984,32.681906221117956,32.82581920751801,5677600
2016-09-28,32.442054748535156,32.91305190970021,32.341751830858435,32.82582836472259,5352800
2016-09-29,32.21528244018555,32.55980798066816,32.20219641209474,32.51183585938335,5617800
2016-09-30,32.61213684082031,32.69499837759993,32.346110848542864,32.50310990389474,6235800
2016-10-03,32.424617767333984,32.629588987834865,32.407173054180845,32.45950719364027,6552000
2016-10-04,32.442054748535156,32.681915338176076,32.341751830858435,32.45949945753068,5425600
2016-10-05,32.359188079833984,32.664465447975815,32.324301994614565,32.455132300471774,4222200
2016-10-06,32.367916107177734,32.4464156313137,32.08008340959989,32.26325118407575,5151400
2016-10-07,32.1585807800293,32.773494232452386,31.940526930614762,32.651384609138276,9986400
2016-10-10,32.633941650390625,32.80402339586765,32.46821858652428,32.542359427998214,6037600
2016-10-11,32.37226486206055,32.63828740618716,32.350458153691804,32.503095130563324,5692200
2016-10-12,32.8781623840332,32.94794121978677,32.28941759812404,32.350472415789405,5655000
2016-10-13,32.47694396972656,32.747328639423664,32.22836269071322,32.74296995762972,5763200
2016-10-14,32.37226486206055,32.59467731668624,32.36354084781843,32.56414992131193,5169400
2016-10-17,31.975404739379883,32.3504574904241,31.91871195691468,32.29812338775404,4212600
2016-10-18,31.9056396484375,32.25888580654275,31.622168989367978,32.18474829905555,4191600
2016-10-19,32.036468505859375,32.09752331246445,31.73991516210439,32.010303110810746,4338600
2016-10-20,31.962324142456055,32.20654331646572,31.93615875302265,32.1411265156455,3109600
2016-10-21,32.049556732177734,32.14113895788399,31.748644655496616,31.944891806690304,3987800
2016-10-24,32.3504638671875,32.37227057940758,32.10188265316946,32.21527156768701,3898800
2016-10-25,32.10624694824219,32.22399455180213,31.822776305373036,32.12805033477835,4966400
2016-10-26,32.31121063232422,32.39843414905888,31.89690974135467,31.94924385139547,3554400
2016-10-27,31.914365768432617,32.389721626161865,31.883838358553106,32.28505669618042,4552000
2016-10-28,32.04518508911133,32.25887686266079,31.84893469005694,31.971044274942347,2952000
2016-10-31,32.162940979003906,32.19783039148423,31.936166452356787,32.075720775040594,5346600
2016-11-01,31.604721069335938,32.16730032182231,31.548024946944167,32.132410912233105,5711400
2016-11-02,31.722482681274414,31.90128848897986,31.530597498241647,31.543680200807668,5465000
2016-11-03,31.312528610229492,31.914355931163435,31.238387785742564,31.783522313586133,5312600
2016-11-04,31.3648738861084,31.62217923228947,31.282015662116734,31.430290725119765,5981600
2016-11-07,31.97977638244629,31.988497071900746,31.548027391607285,31.748639848672116,8519000
2016-11-08,32.04979705810547,32.25549415669265,31.865977585444675,32.00602844994871,6728600
2016-11-09,32.360530853271484,32.452438908828036,31.292641055056286,31.463327920957816,7750600
2016-11-10,32.99515151977539,33.29713766233451,32.5574919921603,32.5574919921603,10312800
2016-11-11,32.99515151977539,33.04767186515699,32.65815515270574,32.77632175596784,6923800
2016-11-14,32.48308563232422,33.27962571539401,32.369293237863765,33.05204092647311,11516200
2016-11-15,32.16358947753906,32.67127600176091,31.651528763301627,32.0804364592503,12345200
2016-11-16,33.43280792236328,33.48970245356741,32.16797227290841,32.16797227290841,12935600
2016-11-17,33.74354934692383,33.7610561289437,33.01703625802393,33.29713809218742,10430200
2016-11-18,34.01926040649414,34.10679093484768,33.467808728455076,33.67350914306908,9735200
2016-11-21,33.99301528930664,34.0148996016922,33.778563052052625,33.90986224821148,9923000
2016-11-22,34.710777282714844,34.89021929808071,34.04553624662764,34.119937567550274,10983400
2016-11-23,34.7632942199707,34.88583834572335,34.526957689271896,34.588229752148216,5142000
2016-11-25,34.68012619018555,34.92084016992013,34.605724901567896,34.73264651460288,2733200
2016-11-28,34.42192459106445,34.68014212517591,34.37378177299665,34.50070344435018,5920800
2016-11-29,34.491947174072266,34.64513068386857,34.435052636113,34.47881792216454,6361800
2016-11-30,34.28622817993164,34.59696922331818,34.246840445434344,34.33874849833686,8293800
2016-12-01,33.99301528930664,34.382532008413364,33.936120751812346,34.17245730145192,6984600
2016-12-02,33.74354934692383,34.12431434293227,33.68227727939289,33.99301514732184,6391800
2016-12-05,33.84420394897461,34.12868324146256,33.65163273453789,33.76104759018123,8377800
2016-12-06,33.89236068725586,33.95363276448172,33.726047901290436,33.93174844872486,5204600
2016-12-07,34.220584869384766,34.25122088962736,33.82669079549732,33.892340364324525,7124800
2016-12-08,34.128692626953125,34.37378090248974,34.00177095881386,34.286246990457144,5861800
2016-12-09,34.15056228637695,34.25122541709483,33.787304184715154,34.18119831066914,5646200
2016-12-12,33.739166259765625,34.080543444312035,33.585986116167255,33.9973870781829,7829600
2016-12-13,34.251224517822266,34.39564957764997,33.67788845101265,33.848575344598586,7857600
2016-12-14,33.831077575683594,34.37377437085423,33.79606401752376,34.277488755453035,7289600
2016-12-15,33.88359069824219,34.10242040309636,33.73478810169797,33.88796822728064,6195600
2016-12-16,33.59911346435547,34.028021181235445,33.533467220154485,33.918606322131794,11429600
2016-12-19,33.67350387573242,33.901085217297876,33.54220476466479,33.58159583361512,6061600
2016-12-20,33.971126556396484,34.0805414151775,33.66038875814759,33.78730705594624,5037800
2016-12-21,33.896728515625,34.08054805187144,33.708534788310594,33.866092482763456,4599200
2016-12-22,33.45468521118164,33.79168147602607,33.34527036246802,33.77855222843263,5495400
2016-12-23,33.45468521118164,33.656008132125564,33.38465810524835,33.45468521118164,3180800
2016-12-27,33.37153244018555,33.63850496683315,33.275246828728825,33.49407654964808,2499200
2016-12-28,32.96013641357422,33.42843195264192,32.92512619070225,33.393421729769955,4329600
2016-12-29,33.135189056396484,33.257733140397995,33.034529275570605,33.073917014395725,3731000
2016-12-30,32.88135528564453,33.375912631373446,32.80695397597663,33.235861732378716,4633400
2017-01-03,33.021400451660156,33.23147843321817,32.79819656140779,33.06954325286978,7643000
2017-01-04,33.533470153808594,33.58161296315206,33.1702119884267,33.17896370872697,6695400
2017-01-05,33.327762603759766,33.489694438074764,32.820076117934356,32.99951806729282,9958600
2017-01-06,33.25336837768555,33.50283414485741,33.178963729241666,33.279626877679384,6947400
2017-01-09,33.3058967590332,33.51597484800263,33.200859384087465,33.200859384087465,6437600
2017-01-10,33.56411361694336,33.79169512499775,33.178971056897794,33.222739685323006,7689400
2017-01-11,33.36277770996094,33.6297468734413,33.05641412487361,33.52033202285502,5807000
2017-01-12,33.231483459472656,33.30588476747663,32.920745638623664,33.25336776845111,6780200
2017-01-13,33.231483459472656,33.46344244270664,33.165833871614026,33.18334065098144,5234000
2017-01-17,33.590362548828125,33.78730796429811,33.26211796366042,33.29713152079003,6864200
2017-01-18,33.559715270996094,33.73040213093838,33.37589916630063,33.69101439667884,6431000
2017-01-19,32.85947799682617,33.56848429157789,32.846348745305164,33.48533125225247,8397400
2017-01-20,33.03889846801758,33.065160295671575,32.64500444396111,32.960119663206285,8272400
2017-01-23,32.60125732421875,32.98639984608601,32.557492039209436,32.90324346721427,6105000
2017-01-24,32.64501190185547,32.798195357760605,32.51371608989179,32.701909758874905,7966400
2017-01-25,33.012657165527344,33.05204491890022,32.66690574992027,32.78944987918311,6617000
2017-01-26,32.85071563720703,33.130817404342245,32.824457139999495,33.03453513488913,4746200
2017-01-27,32.5005989074707,33.03016655885199,32.373677238103355,32.955765237212375,5186400
2017-01-30,32.40430450439453,32.52684861018873,32.119825207900035,32.504964303121284,5353000
2017-01-31,32.7894401550293,32.820076178259484,32.058549787197734,32.14608032811937,10055400
2017-02-01,32.68442153930664,32.947016651397924,32.522486272962645,32.855108529119875,7634200
2017-02-02,32.79383087158203,33.056425939023605,32.51810655163,32.666909198851826,8668000
2017-02-03,33.03015899658203,33.187716664614996,32.68878516220281,32.71942118992719,8495200
2017-02-06,32.968894958496094,33.10456835154325,32.7982079997989,32.84635081779835,7469200
2017-02-07,33.03915023803711,33.157726062255975,32.93813847243971,33.01279744882347,4672200
2017-02-08,33.1621208190918,33.27630396045151,32.96010062594662,32.990842756411304,7997800
2017-02-09,33.42561340332031,33.610066120606966,33.16210904281941,33.16210904281941,6350800
2017-02-10,33.83845901489258,33.904332630955395,33.34218876960792,33.48272473494479,7343200
2017-02-13,33.77257537841797,34.079996694803974,33.64521416144632,33.95263547783233,6971400
2017-02-14,34.29080581665039,34.32154795146278,33.65839235691959,33.72866200828586,8086200
2017-02-15,34.3566780090332,34.46207912081335,34.128305024428464,34.361067348653386,6765800
2017-02-16,33.74184799194336,34.29081726156117,33.64962155672467,34.277642535193145,10997400
2017-02-17,33.89992904663086,34.01411216692474,33.54419491615134,33.65398869764643,12285800
2017-02-21,33.48271942138672,33.996556999624964,33.390493022892976,33.99216430903731,17787800
2017-02-22,33.53102111816406,34.12390688437121,33.1357628238125,33.85162044320488,18270600
2017-02-23,34.172245025634766,34.64216268269874,33.72868017734965,33.72868017734965,18138800
2017-02-24,34.3654670715332,34.60701482571117,34.049260320842635,34.08000245767968,10806800
2017-02-27,34.5279655456543,34.637759377819854,34.325945296546706,34.365469467818215,8865800
2017-02-28,34.45330047607422,34.54991957686257,34.05365270084429,34.35668472592746,12518800
2017-03-01,34.45330047607422,34.69484822804509,34.202970692505126,34.68606619644687,12873000
2017-03-02,34.866127014160156,35.01105566820872,34.30398316279298,34.37864216009982,7851400
2017-03-03,34.61579895019531,34.8134265060043,34.43573880944697,34.73876750497795,5849800
2017-03-06,34.5191764831543,34.677279852671035,34.413775353690305,34.47965231609586,5672400
2017-03-07,34.38742446899414,34.69484581315799,34.3522896437636,34.418166603410526,6364400
2017-03-08,34.45330047607422,34.6333639549328,34.3127645160116,34.352292034807554,6377200
2017-03-09,34.22930908203125,34.497206166684904,34.18538889060068,34.41376182373503,5658400
2017-03-10,34.3347282409668,34.440129384466076,33.842850653566934,34.38303779645437,5936000
2017-03-13,34.282020568847656,34.46208403819616,34.084393037230356,34.251278433915154,4938400
2017-03-14,34.37862777709961,34.53673108798109,34.264441307987376,34.36984574900186,4767600
2017-03-15,34.77389907836914,34.83538335000218,34.33033110389516,34.365465930725904,6538200
2017-03-16,34.79145812988281,34.98030359040838,34.67727164544764,34.91442664359422,7679400
2017-03-17,34.79145812988281,34.97591090044992,34.58943795012255,34.96273618121523,10223400
2017-03-20,34.3347282409668,34.791470996986256,34.22054171430145,34.78707830540322,7905400
2017-03-21,34.29518508911133,34.57186757184075,34.110732334385325,34.475248504896534,5887600
2017-03-22,34.53675079345703,34.58066766028372,34.11953553264023,34.277638933730046,5003400
2017-03-23,34.444515228271484,34.72997981286181,34.37863827019044,34.57626914443356,5504200
2017-03-24,34.444515228271484,34.52795959855022,34.21614557098399,34.3742455794807,5612200
2017-03-27,34.40938186645508,34.47086613643978,34.097567825635124,34.18540153971572,6205400
2017-03-28,34.56748962402344,34.64654131699586,34.3259452042935,34.374251407726014,9353000
2017-03-29,34.99348449707031,35.11645303252459,34.492824973782874,34.611400818501984,6476600
2017-03-30,35.03300476074219,35.06374689118253,34.84415928785406,34.892468828637604,3761200
2017-03-31,34.729976654052734,35.1208423256374,34.70362386283243,34.97591370116911,5430200
2017-04-03,34.400611877441406,34.85296202952301,34.3127747819715,34.82221988376919,7079600
2017-04-04,33.689125061035156,34.400590004069805,33.64960090618679,34.391804624787646,10849400
2017-04-05,33.34657669067383,33.842843514325935,33.2938744547209,33.728660362389775,9552800
2017-04-06,33.72865676879883,33.9833758388294,33.53102591801269,33.53102591801269,7543400
2017-04-07,33.41683578491211,33.724260402409755,33.41244644584309,33.649601430550234,7189800
2017-04-10,33.38610076904297,33.73744230654571,33.28948502933888,33.42123559292149,6252000
2017-04-11,33.81210708618164,33.82089246897678,33.293880072447614,33.36414973224156,8550000
2017-04-12,33.856021881103516,33.90872412273116,33.64521961587612,33.90872412273116,7882200
2017-04-13,33.73305130004883,33.978991728836,33.7154838872325,33.825277704353496,5707000
2017-04-17,33.58811950683594,33.89554079501567,33.46075830154983,33.85162394679582,5060200
2017-04-18,33.74622344970703,33.89993746247274,33.49150435988965,33.596905478112056,4344600
2017-04-19,33.77257537841797,33.92189334619373,33.70230573430628,33.87797649394445,4035400
2017-04-20,34.3303337097168,34.400603368712055,33.88676905221584,33.891158392921724,6308400
2017-04-21,34.50161361694336,34.514788341032535,34.224934359144875,34.312768086834005,6104400
2017-04-24,34.5279655456543,34.80025210501409,34.34350936112836,34.75194255080989,4829400
2017-04-25,34.59821701049805,34.67726866976342,34.374236750806084,34.5674748847082,4545200
2017-04-26,34.659706115722656,34.905646507122604,34.545522975736446,34.67727352586843,4404000
2017-04-27,34.68166732788086,34.73875889970419,34.46647241031801,34.67288194720589,4598400
2017-04-28,34.53675079345703,34.672894085812416,34.2820282749632,34.66411205270394,5419200
2017-05-01,34.10196304321289,34.66410689651844,34.10196304321289,34.64653948227244,4067600
2017-05-02,34.655330657958984,34.655330657958984,34.08879401872503,34.16345302876987,6405200
2017-05-03,34.7563362121582,34.83538790754903,34.506006401860915,34.64654237692883,5854600
2017-05-04,34.68166732788086,34.7651116910881,34.47525444035199,34.69484204825232,4734800
2017-05-05,34.55870819091797,34.80464530636638,34.44452166561325,34.79586327394689,5780000
2017-05-08,34.475257873535156,34.681670781619445,34.34789664619291,34.646535956702685,6552000
2017-05-09,34.82490158081055,35.02332015219724,34.467743442640355,34.51624635814429,6493800
2017-05-10,35.592140197753906,35.680325521258744,34.736728430728235,34.84696176713651,9874400
2017-05-11,35.04098129272461,35.36727109897478,34.710281210104036,35.36286082260438,8713800
2017-05-12,34.08856201171875,34.86460578168755,33.96069091477664,34.86460578168755,11910000
2017-05-15,33.90776824951172,34.3178363144553,33.78871438585344,34.172327531785754,11815200
2017-05-16,32.52324295043945,33.23314587186439,32.20136014343604,32.46151255414635,30643600
2017-05-17,32.968570709228516,33.475644513212366,32.518820368719055,32.52323064222932,20090600
2017-05-18,32.84071731567383,33.23314772718301,32.78780410273104,33.05236343933601,11622600
2017-05-19,32.74811553955078,32.98181302027025,32.24545183395453,32.97299247017674,16200800
2017-05-22,33.1978759765625,33.26842357101357,32.77017004177116,32.8759931154752,10872800
2017-05-23,32.805450439453125,33.19788095382751,32.7437200235328,33.1846534881382,10835400
2017-05-24,32.624656677246094,32.937718942969205,32.61583949068609,32.86717135832602,11123200
2017-05-25,33.2331428527832,33.391879104274786,32.7128414426839,32.79661647915436,9097400
2017-05-26,33.3036994934082,33.440387772263655,33.17142149053177,33.33456469715153,5496600
2017-05-30,33.00385665893555,33.37864928915725,32.964174276889835,33.2155061220083,6939800
2017-05-31,33.1626091003418,33.22874980008559,32.98623502237693,33.14497135613974,7954600
2017-06-01,33.46684265136719,33.53739023956302,33.08763969315773,33.40511225017537,5530600
2017-06-02,33.1670036315918,33.4183354800555,33.00826737318797,33.24637176079371,6952800
2017-06-05,33.08323287963867,33.33015451024515,32.96858925226213,33.078822603647865,5087000
2017-06-06,32.6158447265625,33.003864914525515,32.576158970535694,32.924496766526836,7778800
2017-06-07,32.71285629272461,32.928912758201804,32.63789504367473,32.77458671143238,5436200
2017-06-08,32.091129302978516,32.90244843216952,32.06467437795806,32.71284695339563,10310000
2017-06-09,32.48796463012695,32.664338617245924,31.875067632030383,32.09553427491559,9353200
2017-06-12,32.52766418457031,32.84072994312261,32.42184108204963,32.42184108204963,7417600
2017-06-13,32.589385986328125,32.726074250314916,32.43064970889948,32.558517421887714,6415400
2017-06-14,32.26310729980469,32.56294225072447,32.130829252198225,32.5100323773043,7714600
2017-06-15,31.985309600830078,32.32041993054914,31.606106603424138,32.245458695021064,7819200
2017-06-16,31.94120979309082,31.972074989977596,31.482638750734285,31.689877942997292,11545000
2017-06-19,31.90152931213379,32.055855322042,31.56641900200831,32.016172932660474,7778000
2017-06-20,30.9447021484375,31.826568834498353,30.931474686395298,31.77806589764065,14403600
2017-06-21,30.600772857666016,31.196032162514452,30.35825818781276,30.82123951605834,14474800
2017-06-22,30.31416893005371,30.622820940810595,30.221573326826647,30.60518656652844,12287800
2017-06-23,30.543453216552734,30.587549245022874,30.080475194108185,30.300941880240256,12230400
2017-06-26,30.83887481689453,31.01524543843601,30.609587626404252,30.77273415178949,7687800
2017-06-27,30.847692489624023,30.96674636150448,30.71100424655404,30.733048892567957,7125800
2017-06-28,31.487058639526367,31.539968499456037,30.927071285532644,30.988801698154052,9648800
2017-06-29,31.34153938293457,31.56641294102859,31.213668323832877,31.47381735286269,8988000
2017-06-30,31.82215690612793,31.989713720770578,31.45177453196805,31.52232211388001,12423600
2017-07-03,31.557592391967773,32.280722648811185,31.539954658379678,32.03380110668525,5938000
2017-07-05,31.385639190673828,31.61933335177514,30.979981274646835,31.61933335177514,10277400
2017-07-06,30.993202209472656,31.240123782160715,30.913834080529476,31.151938467359013,9383600
2017-07-07,31.01966094970703,31.275403103790293,30.962340824435078,31.085801625977467,8533800
2017-07-10,30.28330421447754,30.993207214654092,30.24802873723847,30.94911455013259,7759600
2017-07-11,30.248027801513672,30.389126342050382,30.137794461592666,30.248027801513672,9519200
2017-07-12,30.393537521362305,30.49054340162608,30.296531641098525,30.32298656696877,6893200
2017-07-13,30.856517791748047,30.87856244115725,30.530224685568225,30.56991043699206,10021800
2017-07-14,30.777151107788086,31.094620313912795,30.68014522644941,30.962342319041174,7418200
2017-07-17,31.024066925048828,31.213668376581534,30.737459610305795,30.77714535618914,8482200
2017-07-18,30.843292236328125,31.072579504939718,30.728651966077443,30.984390800067906,5696600
2017-07-19,30.997621536254883,31.138720099573227,30.821247491093178,30.909432831646477,10121800
2017-07-20,30.688962936401367,31.16517179977953,30.65809773400027,31.002025236199575,9760200
2017-07-21,30.389129638671875,30.61400661844073,30.11575307900673,30.552276210512797,9621800
2017-07-24,29.498443603515625,30.24802899903273,29.3926205349372,30.24802899903273,14687400
2017-07-25,30.29212188720703,30.543453779467438,29.6395423680997,29.661587018686394,11730600
2017-07-26,30.19071388244629,30.402360054734462,30.03197757120253,30.393542865912146,10048000
2017-07-27,30.70659828186035,30.75069094413128,30.124566393342405,30.181886517889165,9348600
2017-07-28,30.688962936401367,30.89179188990212,30.490544258687844,30.724238414589696,6867000
2017-07-31,31.002025604248047,31.0593490979983,30.503772084128105,30.75510398210787,8441400
2017-08-01,31.18280792236328,31.27981380032504,30.98438589088116,31.041709380979245,7076200
2017-08-02,31.090206146240234,31.25334930491206,30.86532923417047,30.99320028754136,6852800
2017-08-03,30.688962936401367,31.13871687316566,30.455268780499516,31.090213931670398,9416800
2017-08-04,30.935882568359375,31.028478159545433,30.658092430747022,30.75509829695742,6646400
2017-08-07,31.16516876220703,31.253354085027947,30.88738196767217,30.88738196767217,5566000
2017-08-08,31.66696548461914,31.928271689766472,31.312648435282014,31.361367114041315,10749600
2017-08-09,31.5606689453125,31.671392591113747,31.2506407096585,31.551809161398594,7745800
2017-08-10,31.117788314819336,31.348092114582716,30.90962722673413,31.308233206150582,9474000
2017-08-11,31.47652816772461,31.689119123824234,30.993774536380084,31.05134963454398,9866600
2017-08-14,30.834333419799805,31.777698011930216,30.692607236301075,31.724549425986158,15373000
2017-08-15,31.073488235473633,31.804261657007817,30.51101017447791,30.891899818910634,16432400
2017-08-16,31.706832885742188,31.759981471108055,31.10449914668926,31.339232818772427,11446400
2017-08-17,31.113346099853516,31.498665623871023,31.08234361256597,31.480949434132757,10500200
2017-08-18,31.210786819458008,31.54295781007971,31.002625791358852,31.13549553921475,13310200
2017-08-21,31.649250030517578,31.742257497853235,31.069059143273222,31.21964169638298,10439400
2017-08-22,31.71126365661621,31.86627614444858,31.50310258194754,31.706833762958485,8857600
2017-08-23,31.706832885742188,31.813130056473923,31.48095900072936,31.658117572930202,8798400
2017-08-24,31.396804809570312,32.424320371762505,31.294940921479583,32.136438142821156,13381000
2017-08-25,31.742263793945312,31.94599495980756,31.449955035627674,31.578394910000984,5931800
2017-08-28,31.799846649169922,31.977001858475944,31.715695559436245,31.888424253822933,9468600
2017-08-29,31.66254997253418,31.715698567778727,31.374667661576744,31.596115073233335,6457400
2017-08-30,31.910566329956055,32.01243022459003,31.542962896756624,31.62711397590359,6433000
2017-08-31,32.02128219604492,32.08328717217193,31.813121185182357,31.813121185182357,9065400
2017-09-01,32.05671691894531,32.25159166670774,31.959282924082476,32.08329289847006,5649400
2017-09-05,32.038997650146484,32.14086490733988,31.764405127223338,31.963706369926786,6549400
2017-09-06,32.3445930480957,32.37559553584629,32.03899468382728,32.0611407660853,6046000
2017-09-07,32.29587173461914,32.61918626250416,32.132002903747285,32.552751400169704,5414600
2017-09-08,32.061153411865234,32.32688960868626,31.76441471506541,32.31803319970049,5362800
2017-09-11,32.26045227050781,32.33131705310117,31.888422298949106,32.06115098274691,6392600
2017-09-12,32.57047653198242,32.90707744895528,32.33131298931895,32.33574288242894,5713800
2017-09-13,32.54832458496094,32.871639143407805,32.508465691203014,32.62804575149456,7606000
2017-09-14,32.424320220947266,32.57933268841979,32.26930775347474,32.557189981077066,6972600
2017-09-15,32.6590461730957,32.68119225423841,32.13643042089296,32.41545617561376,8045600
2017-09-18,32.51732635498047,32.72991728658169,32.38888649324489,32.72105750079677,3889400
2017-09-19,32.25602722167969,32.62363069529553,32.24716743394349,32.59262481723781,5666800
2017-09-20,32.074424743652344,32.24715335991338,31.86183723703144,32.24272684699618,9761200
2017-09-21,32.2515983581543,32.406610858300226,32.078869660988964,32.127588358037556,7468000
2017-09-22,32.08771896362305,32.28259370865911,31.954852583931643,32.17629992910231,8517400
2017-09-25,32.69891357421875,32.76977496276283,32.02128528474138,32.11871927161223,10140000
2017-09-26,32.6767692565918,32.942505391283404,32.56161569258539,32.77420662774965,5863600
2017-09-27,32.845069885253906,32.94250387290257,32.49518269541322,32.70777024176065,4674000
2017-09-28,32.75206756591797,32.8760809424536,32.5616226757263,32.79635974704734,4917200
2017-09-29,32.654632568359375,32.938084948142546,32.60591387380112,32.81407157534587,5973000
2017-10-02,32.50846862792969,32.672337489094986,32.21615653122712,32.63690848444887,5896200
2017-10-03,32.69448471069336,32.76091958761971,32.45532118116944,32.55718844299226,3970200
2017-10-04,32.61918640136719,32.716623749336854,32.37559303144302,32.61475650945471,5613800
2017-10-05,32.69004440307617,32.72547677668422,32.41987846759479,32.52174569696364,7773800
2017-10-06,32.597049713134766,32.75649207774996,32.37560235994904,32.55276091830131,4127400
2017-10-09,32.3445930480957,32.71219638786528,32.2471556925888,32.614759032358386,3640000
2017-10-10,31.99913215637207,32.437596827337984,31.954843375903746,32.375591858878856,5822000
2017-10-11,32.13200759887695,32.300306346234244,31.981421663647414,32.09214532404462,5910000
2017-10-12,31.79098129272461,32.07886352594943,31.503099059499792,32.07886352594943,6957800
2017-10-13,31.91941261291504,32.0921412307822,31.689108915431337,31.79540266973016,5299000
2017-10-16,31.520816802978516,31.80869905035822,31.356947917114855,31.786552962475707,6183000
2017-10-17,31.799846649169922,31.83970555755807,31.472102078111934,31.498678062723055,5210200
2017-10-18,31.578388214111328,31.883983208596977,31.51638323673639,31.755543361458088,6874000
2017-10-19,31.62711524963379,31.75555175168944,31.476529279780852,31.578396557535964,6904600
2017-10-20,31.928274154663086,32.03457130508116,31.711256719174468,31.786547999790386,6701800
2017-10-23,31.97698402404785,32.260436255671344,31.813115208931947,31.892836360264624,5615000
2017-10-24,31.77326202392578,32.15415170258628,31.733403126377127,32.01242554627201,5328600
2017-10-25,31.640398025512695,31.866271886594223,31.47652577226088,31.77326440632212,6299800
2017-10-26,31.653676986694336,31.861837985286556,31.423369906926002,31.649247094655596,6558600
2017-10-27,31.24180030822754,31.596114128876614,31.104503998390204,31.59168761366971,8995600
2017-10-30,30.71475601196289,31.100075733360956,30.515454688595963,31.09121594444454,9031400
2017-10-31,30.914051055908203,31.516388111299147,30.785611188903836,31.268364784420406,7563600
2017-11-01,30.878610610961914,31.17977906006147,30.728024696903397,31.126630494096556,5835600
2017-11-02,31.09563636779785,31.246222322336713,30.83433011768231,31.002628886620197,5883400
2017-11-03,30.3825740814209,30.99377089654314,30.347141696395624,30.99377089654314,8599000
2017-11-06,30.218708038330078,30.64388656131773,30.183275649993142,30.40029311527445,9608400
2017-11-07,30.24970245361328,30.440147266282956,30.11240283023529,30.245272561499764,9966000
2017-11-08,30.246593475341797,30.46461003105459,30.019676344945015,30.166505276059087,9541600
2017-11-09,30.811660766601562,31.0964180819038,30.13980988460334,30.233245560445486,10346200
2017-11-10,31.243240356445312,31.252137535522284,30.76271121650713,30.86949433830198,12163400
2017-11-13,31.483503341674805,32.06191500064195,31.185395241701,31.25213596242869,18013200
2017-11-14,30.228792190551758,30.9629299712432,29.561391739323735,30.07751298976147,34174200
2017-11-15,30.718225479125977,30.949589527768538,29.810560252159,30.037477407544497,20352800
2017-11-16,30.72711944580078,30.931788535190165,30.589191088610573,30.749367488058724,9703600
2017-11-17,31.599185943603516,31.750465147935262,30.856147571872864,30.856147571872864,15719400
2017-11-20,31.67483139038086,31.8261072199455,31.403421560091584,31.630335304438542,12259400
2017-11-21,31.6926326751709,31.714877326044487,31.18985536246086,31.581399237077548,8843400
2017-11-22,31.398963928222656,31.746011592118233,31.34112378243138,31.648125657260717,7535800
2017-11-24,31.53244972229004,31.790508665344767,31.47905646101608,31.66148089110462,3206800
2017-11-27,31.5725040435791,31.76827601426284,31.367834889944156,31.56805375481564,8922200
2017-11-28,32.32444381713867,32.36893652175858,31.532462133346666,31.616997253751762,9285200
2017-11-29,33.27214813232422,33.69928416156835,32.31553980895566,32.368933085576955,14984200
2017-11-30,33.614749908447266,33.91285473939989,33.00518938111424,33.063029552999296,12560200
2017-12-01,33.525753021240234,33.89949908778775,33.12976230683225,33.503508373379766,10435600
2017-12-04,34.259891510009766,34.67813023288928,33.66368204040011,33.70372444004207,10717200
2017-12-05,33.636985778808594,33.992934083281014,33.61918802412751,33.850555440406964,13641000
2017-12-06,33.39228057861328,33.872806467203056,33.39228057861328,33.58360223424888,6365800
2017-12-07,32.85390853881836,33.530209782354845,32.81386612819367,33.530209782354845,10558000
2017-12-08,32.87169647216797,32.96513213027364,32.537996238401576,32.92954001854837,9540800
2017-12-11,32.613643646240234,32.81386246616994,32.444566656937425,32.8094121784054,12004600
2017-12-12,32.756011962890625,32.82719957177544,32.50239995357332,32.50239995357332,10407800
2017-12-13,32.88059616088867,33.04521943258756,32.70262202875611,32.8894933399369,8416600
2017-12-14,32.667030334472656,33.11196401942458,32.64033539963942,33.094166264677554,8148200
2017-12-15,33.000732421875,33.3433332791826,32.724875694488155,32.8761515263358,13935600
2017-12-18,33.579139709472656,33.654777607618115,33.12530553145188,33.160901034546455,7242800
2017-12-19,33.8416633605957,33.89950692647256,33.436775372335,33.72598301799291,10503000
2017-12-20,33.725975036621094,34.090820526387034,33.69927670692869,33.86835368154013,7444600
2017-12-21,33.948448181152344,34.1130715043598,33.50796130252224,33.53465963716894,7292800
2017-12-22,33.92618942260742,34.0374228305504,33.70372260672147,34.024075364729114,5993000
2017-12-26,34.460105895996094,34.4779036473108,33.97067961585074,33.99292765363761,4435600
2017-12-27,34.24654769897461,34.54465246559945,34.17535667702403,34.460113975676826,4209200
2017-12-28,33.984031677246094,34.30883474216656,33.850553616193054,34.26434205514889,4520400
2017-12-29,34.01961898803711,34.24208576409901,34.01072181060702,34.11750491263612,4752200
2018-01-02,34.12196731567383,34.509057470953834,34.01963106873239,34.197605231696954,6881400
2018-01-03,33.507957458496094,33.886153837189426,33.2988380663927,33.823859993210306,9258800
2018-01-04,33.56134796142578,33.63253558577506,33.045223257951406,33.47236258234553,7599800
2018-01-05,34.32662582397461,34.34887046587264,33.60583221391772,33.60583221391772,7729000
2018-01-08,33.659236907958984,34.420073168840865,33.51240796430417,34.33553467499568,7883000
2018-01-09,33.592498779296875,33.83721370439335,33.39227994572717,33.6725869916398,8376400
2018-01-10,33.935096740722656,34.0596810462843,33.459017748267314,33.610296993447406,6656800
2018-01-11,34.20648956298828,34.2598828101935,33.703715881456596,33.88168997756711,5397800
2018-01-12,34.829402923583984,35.0607703049069,34.2821364767675,34.326629159460644,7825400
2018-01-16,34.07746887207031,35.04742442883771,33.948441092284256,35.04742442883771,7647400
2018-01-17,34.07301712036133,34.36667154167716,33.85055031241105,34.13530755502148,7595000
2018-01-18,34.37112045288086,34.66032797055776,34.108611259399986,34.144203367371425,5074800
2018-01-19,35.10081481933594,35.10526510624606,34.31328376495907,34.522399725694676,9128400
2018-01-22,35.354427337646484,35.407820597566385,34.842752962447385,35.123063333808936,8736600
2018-01-23,35.29214096069336,35.40782467321518,35.007383664158674,35.220953333847056,7822600
2018-01-24,35.260990142822266,35.53239992842128,34.99848093077605,35.23874210351446,6937400
2018-01-25,35.265438079833984,35.45230937710101,35.03407070691617,35.40781669602419,4852600
2018-01-26,35.82160568237305,35.8438503259987,35.056319334510675,35.470107725177,7546400
2018-01-29,35.9639778137207,36.14195190349285,35.68811780484519,35.68811780484519,7882800
2018-01-30,35.750431060791016,36.24430786292425,35.59025461714912,35.950653312631175,9984400
2018-01-31,35.73706817626953,36.075218677511735,35.48790643565639,35.768213393846175,11270600
2018-02-01,35.639183044433594,35.91949340354922,35.39891847715201,35.621385291904495,6082000
2018-02-02,34.91394805908203,35.5902457909597,34.664786272796796,35.27879355810316,11470200
2018-02-05,33.8416633605957,35.21651055229081,33.837216466740145,34.740431527435646,10812800
2018-02-06,33.81050109863281,34.046315348053064,32.64477731552536,32.92508424311615,11889800
2018-02-07,33.90393829345703,34.33107752825734,33.71261671344766,33.92173604445487,12023400
2018-02-08,33.08527755737305,34.17536400683477,33.080827268902965,34.05523337474643,10940000
2018-02-09,33.65478515625,33.92619498771772,32.40007224461838,33.18760340842529,15882000
2018-02-12,33.68592834472656,33.984033094206325,33.16535675630825,33.92619293812915,10206800
2018-02-13,33.614749908447266,33.8995072685476,33.37893214328013,33.596952149119055,6666600
2018-02-14,34.21031188964844,34.371154689827044,33.495456893686566,33.54906888794777,8596600
2018-02-15,34.840274810791016,34.840274810791016,34.027126737008665,34.478376860896034,9808400
2018-02-16,34.795597076416016,35.354078045592104,34.79113168292468,34.835809478719305,8217600
2018-02-20,34.12095260620117,34.66602713824016,34.036062412864425,34.527524956435684,7274800
2018-02-21,33.884151458740234,34.46944175864698,33.87074846255938,34.196902807313336,7272000
2018-02-22,34.13435363769531,34.30413060589509,33.88862067571162,33.977979665840664,5683000
2018-02-23,34.831336975097656,34.84473997154201,34.223709472509235,34.3354056544748,6448800
2018-02-26,35.228965759277344,35.28704994004805,34.65261320427426,35.081526020130866,9020800
2018-02-27,34.54092025756836,35.84999942057084,34.53645486532239,35.61320410107251,10695000
2018-02-28,36.940155029296875,37.88287091428241,36.71229390317099,37.462892252147704,30077200
2018-03-01,37.011634826660156,37.77117069595813,36.189552794417835,36.730161754278576,17762200
2018-03-02,37.3735466003418,37.4897115946914,36.457636460615014,36.457636460615014,11112000
2018-03-05,37.45396423339844,37.547788616400794,37.21716887505483,37.30652445638176,8423600
2018-03-06,37.70416259765625,37.726503197342126,37.29312146953278,37.498642033594514,7967400
2018-03-07,36.917816162109375,37.76223891816427,36.85526658082357,37.2350328696864,13295200
2018-03-08,36.93122863769531,37.44056297402124,36.832935448457484,37.2171706016433,12822200
2018-03-09,36.935691833496094,37.1680217958177,36.39061393193026,37.03845381850313,12639200
2018-03-12,36.846336364746094,36.95803254462773,36.52018201966508,36.85973936094039,7141600
2018-03-13,36.7703742980957,37.19928710918867,36.72122771892605,36.9669572060783,7518600
2018-03-14,36.58272933959961,36.99823923934586,36.38614639310982,36.88207767373265,8172400
2018-03-15,36.34145736694336,36.68101461400632,36.22529582635799,36.663142821140276,6009200
2018-03-16,36.372745513916016,36.74357423909714,36.28338652513385,36.314661319033384,11732000
2018-03-19,36.36381149291992,36.65422226985104,36.19849990391059,36.37274909702703,5299000
2018-03-20,36.564849853515625,36.67654600298315,36.29677977653275,36.49336609037831,6760400
2018-03-21,37.029518127441406,37.266316903607986,36.44870000903821,36.58273338619416,7234800
2018-03-22,36.189552307128906,36.895472787503145,36.16721171383131,36.69441767391263,9109000
2018-03-23,35.68915939331055,36.46209839781112,35.63554741270247,36.41742061107218,7377800
2018-03-26,36.2208366394043,36.39061360364861,35.96170068711283,36.02871907597398,8426000
2018-03-27,35.939361572265625,36.426355248433545,35.79639060774235,36.158285116039494,7267400
2018-03-28,36.05105972290039,36.7480427871069,35.997444330001095,36.13594650078653,6111800
2018-03-29,36.439762115478516,36.730172876718534,36.194032554965446,36.243179148807464,6764400
2018-04-02,35.99296569824219,36.797179328605424,35.617668276536634,36.515706262326255,7230800
2018-04-03,36.78377151489258,36.80164330530215,36.024235761615415,36.068916941987084,7943000
2018-04-04,37.516510009765625,37.60140018948781,36.33699873088403,36.51124448285314,6186400
2018-04-05,37.958824157714844,38.07052032228275,37.39140914153629,37.641607459385554,7424600
2018-04-06,37.279720306396484,37.976703419548656,37.04292493634848,37.79352003746799,5758000
2018-04-09,36.908878326416016,37.62373304821088,36.87760353885924,37.58798945994709,9939800
2018-04-10,36.8016471862793,37.33778732032407,36.6184638717849,37.33778732032407,7118200
2018-04-11,36.65867614746094,37.26183464863922,36.466558641739404,36.5067676177599,9074400
2018-04-12,36.873130798339844,37.172475648498335,36.663141500597206,36.93121497523639,10267000
2018-04-13,36.30571746826172,37.02057214490454,36.162746532933156,37.01163454405502,7904200
2018-04-16,36.966949462890625,37.16353573839179,36.497827771847334,36.63186107984743,6903600
2018-04-17,37.284183502197266,37.623740843665516,37.26184631142638,37.30652410166505,6501600
2018-04-18,37.16354751586914,37.74436892735656,37.13674152751312,37.382471041068264,4879200
2018-04-19,36.92228317260742,37.346727226275995,36.725696835988025,37.087594720100675,6375400
2018-04-20,36.850799560546875,37.02057650100922,36.609535439660576,36.89547734396366,7545800
2018-04-23,37.185890197753906,37.36460134174668,36.77931450516823,36.8776076795822,4530400
2018-04-24,37.123329162597656,37.69074748877915,36.97589284162153,37.3422560613333,6077600
2018-04-25,37.23057174682617,37.342267927459616,36.75251223006291,37.01164477852284,4648200
2018-04-26,38.02138137817383,38.03478437522409,37.09653708603734,37.34227006094923,6064800
2018-04-27,38.64686965942383,38.749631621928366,37.896271360904514,38.088388883998626,7967600
2018-04-30,37.90967559814453,38.977490603102595,37.887338411612205,38.78090768161535,8206000
2018-05-01,37.33779525756836,37.88287310798049,36.895479382519405,37.87840430678298,6359800
2018-05-02,37.31991958618164,37.66394566003788,36.82398837434975,37.17247984024325,6230600
2018-05-03,37.33332824707031,37.5343834062428,36.69442599304496,37.30205345458082,6035800
2018-05-04,37.007171630859375,37.24396693879129,36.75250452872744,37.13673958228737,6286200
2018-05-07,36.58718490600586,37.060775417243384,36.323583669357184,37.060775417243384,5787600
2018-05-08,36.895477294921875,36.92228328319704,36.479967433174934,36.62293838513644,5070200
2018-05-09,37.480770111083984,37.50757610366045,36.801658832470466,36.89994860814981,6315400
2018-05-10,37.203758239746094,37.37353859713796,36.774845362492215,37.25737362766403,6141600
2018-05-11,37.561187744140625,37.71756169970559,37.14567785724138,37.19035564330329,4849000
2018-05-14,37.94096374511719,38.13755014451801,37.717571348960774,37.789058551905605,7048400
2018-05-15,38.24029541015625,38.41454455442961,37.882869746096475,37.96775991783269,5343800
2018-05-16,38.23582077026367,39.18733797899211,38.17298485739672,38.59488264031765,6624200
2018-05-17,38.72054672241211,38.958429401321,38.11014132296398,38.11014132296398,9906200
2018-05-18,38.0562858581543,38.617323207004965,37.94856764597903,38.47818704026607,11738400
2018-05-21,38.01587677001953,38.339034723581676,37.72414018489174,38.06973757037959,9916000
2018-05-22,39.25017166137695,39.83365187547013,38.428815582919945,38.91354925116171,16548200
2018-05-23,39.447654724121094,39.743884064891944,38.96740692790468,39.00780339450978,12248800
2018-05-24,39.829166412353516,40.16130302090442,39.24568956697323,39.24568956697323,8095000
2018-05-25,39.546390533447266,39.81119844889274,39.492529729355276,39.568833391227095,6272800
2018-05-29,39.6630859375,39.84710435295978,39.308510026790564,39.48804261028004,5492400
2018-05-30,40.29594039916992,40.349801209926824,39.58230263421471,39.6989959210717,8086400
2018-05-31,40.5383186340332,40.7761979460724,40.14783536706473,40.32736802168129,10903000
2018-06-01,40.583187103271484,40.95122737880321,40.520351209227,40.632558652063494,7984200
2018-06-04,41.718719482421875,41.73218724990947,40.9018495607505,41.054453440253354,7549800
2018-06-05,42.20347213745117,42.225915000676146,41.46739142443404,41.74117791913799,8378600
2018-06-06,42.32465362548828,42.36504666584367,41.67384832837538,42.266303557019654,8988200
2018-06-07,42.41440963745117,42.899146569425255,42.27975934824756,42.4996883822334,7813200
2018-06-08,42.61191177368164,42.7600230381157,42.248357226397076,42.36056470132309,6063800
2018-06-11,42.64332962036133,42.953019921838916,42.423400504573905,42.61639749792387,5432000
2018-06-12,42.82733154296875,43.04726057374128,42.29771233043124,42.6343346242229,6814400
2018-06-13,42.51764678955078,42.94852296969939,42.405439343961056,42.760011858641036,6288000
2018-06-14,42.44134521484375,42.715131669514015,42.158583670775954,42.47276316418462,5440600
2018-06-15,42.71512985229492,42.7510370569568,42.30220727158192,42.40992546126803,9489200
2018-06-18,43.06971740722656,43.37043262268245,42.418915412666756,42.52214437353051,7662600
2018-06-19,42.97545623779297,43.020338535948966,42.47725485237169,42.55355510166688,5693200
2018-06-20,43.41082763671875,43.45570994099106,42.997904958533,43.25822369303252,6138200
2018-06-21,43.21782302856445,43.33900557116913,42.63434290297227,43.09215122903376,6338600
2018-06-22,42.674739837646484,43.28963449560733,42.490717968945965,43.235777109099665,7841800
2018-06-25,42.733089447021484,43.13254773807658,42.44583861804478,42.76450739943144,5661200
2018-06-26,42.71512985229492,42.74206196794108,42.01944573954358,42.23039286225818,5374800
2018-06-27,42.28425216674805,43.22679399768367,42.252834219860176,42.73757119267257,5050200
2018-06-28,42.78694152832031,42.92607765712244,42.19897221851598,42.382994062427834,5973000
2018-06-29,42.71961212158203,43.28962434908313,42.71512286565869,43.11907029128492,5812000
2018-07-02,42.59844207763672,42.68820667659016,42.288748389937425,42.544581263684684,5682800
2018-07-03,42.706153869628906,42.98891539575031,42.57150356711427,42.76450050775888,2616600
2018-07-05,42.67025375366211,42.92159737418731,42.47725678095883,42.795925563924705,5192000
2018-07-06,42.885704040527344,43.06523328505656,42.611917491029196,42.629871100342285,5006000
2018-07-09,42.9530143737793,43.154989856620226,42.83183182351469,43.087664695673254,4201000
2018-07-10,42.65229415893555,42.90812700084276,42.356068279816455,42.87670905268922,9527800
2018-07-11,42.80039978027344,42.979932342257065,42.418895226244985,42.43684882487322,5032000
2018-07-12,42.302207946777344,42.800409290439326,42.27527925500088,42.65229463706964,8791800
2018-07-13,42.78694152832031,42.80938096157588,42.27527587962294,42.31566891406254,4376000
2018-07-16,42.724117279052734,42.90364649121788,42.49970233954608,42.83183549121186,3691000
2018-07-17,43.222312927246094,43.41979571902663,42.688204347010604,42.688204347010604,6034400
2018-07-18,43.36593246459961,43.46018630289388,42.97096008588153,43.24923576867842,5564200
2018-07-19,43.846187591552734,43.97185939722006,43.312078993166736,43.347986201728794,5905200
2018-07-20,43.56791305541992,43.99430003980287,43.51854149836927,43.6531918220165,5287400
2018-07-23,43.787841796875,44.039188857050284,43.58138046393474,43.60831258513579,4408200
2018-07-24,43.54098129272461,43.93146104005033,43.325541474927874,43.93146104005033,4872000
2018-07-25,43.84169387817383,43.913504863698925,43.43325712697019,43.57239668993053,5311000
2018-07-26,43.76988220214844,44.407223144100996,43.666653261952426,43.998786367387034,4894800
2018-07-27,43.33451461791992,44.11547744007798,43.23577152301387,43.8282266681509,3510800
2018-07-30,43.43325424194336,43.90452685828979,43.33451457144251,43.581368884143586,4374800
2018-07-31,43.653194427490234,43.83721289487143,43.32105785581656,43.49610465672576,6127800
2018-08-01,43.27168273925781,43.917995323893024,43.10112522340021,43.536490678068844,5472600
2018-08-02,43.742950439453125,43.774368387434215,43.05175215956973,43.213331156129456,6055400
2018-08-03,43.80129623413086,44.1065006190473,43.4242808656279,43.91799293479582,4275200
2018-08-06,44.10201644897461,44.160363089356444,43.79681205255508,43.801297884992444,3398800
2018-08-07,44.31745147705078,44.36682302674868,43.78783220017291,44.102015100459475,4524800
2018-08-08,44.76179504394531,44.83809528399386,44.42517271211998,44.4790300936604,4771000
2018-08-09,44.79770278930664,45.08495359728284,44.636123781782565,44.88298155002761,4639400
2018-08-10,45.19716262817383,45.43504531510094,44.595732298082275,44.761800568359725,7651000
2018-08-13,44.591243743896484,45.551739323777745,44.5373863548601,45.44851037859139,6956600
2018-08-14,45.33180236816406,45.417081111959085,44.7034400663198,44.7034400663198,9137800
2018-08-15,44.60188674926758,45.507532668861536,44.547820593668426,45.097512655176125,6394400
2018-08-16,44.84518814086914,45.33180409485431,44.236919917174156,44.92178414170765,7578400
2018-08-17,45.214664459228516,45.29576713511127,44.69650866539833,44.80915107981474,6324200
2018-08-20,45.8004035949707,45.867989727011896,44.97135368790747,45.57511877988238,10065600
2018-08-21,47.96764373779297,48.32810082689568,47.129583927566706,48.21095175730127,18130600
2018-08-22,47.65223693847656,48.463260072195325,47.336836188497415,47.88653159375366,11654600
2018-08-23,48.41370391845703,48.54436951975235,47.59366735392045,47.59366735392045,8616600
2018-08-24,48.68855285644531,48.805701922137104,47.89555278695457,47.9766554574222,10367000
2018-08-27,48.418216705322266,48.95439571684988,48.37316042548375,48.91834931794954,6968800
2018-08-28,48.48580551147461,48.56240153517165,48.00820273127659,48.48129885197067,4490000
2018-08-29,48.904823303222656,49.04449877493429,48.233475582242455,48.49030010889751,5676000
2018-08-30,48.895809173583984,49.33736887329264,48.75162704588642,48.88679929454111,5216800
2018-08-31,49.54914093017578,49.616727059693034,48.814710260367384,48.823723577675466,6886400
2018-09-04,50.21148681640625,50.373692178076716,49.57167525089547,49.77894033114298,8690800
2018-09-05,50.07179260253906,50.40971976334217,49.66628275963361,50.21147149988721,6934200
2018-09-06,49.8329963684082,50.42324487361854,49.765410241848464,50.27455608270175,7569400
2018-09-07,49.53110885620117,50.07179092029187,49.47253605448938,49.742877086534726,8610000
2018-09-10,49.92761993408203,50.20697434407619,49.76992125004239,49.833000723658245,9585200
2018-09-11,49.73837661743164,50.01322434152153,49.43198915963831,49.82848916013485,6416200
2018-09-12,49.693328857421875,50.07180572668766,49.33287174972459,49.79245473391732,8262800
2018-09-13,49.103084564208984,49.787948955865794,48.92735922885568,49.51310117983656,8158400
2018-09-14,49.008445739746094,49.03548224880546,48.35512130328483,48.7110716406745,9089600
2018-09-17,48.643489837646484,48.88679781531904,48.40018185997393,48.58041037353578,7939000
2018-09-18,49.14362716674805,49.44550798007141,48.472279411167044,48.629978086964826,9306000
2018-09-19,49.28329849243164,49.40495420177577,48.74712303990404,48.99493424168165,4317400
2018-09-20,49.35990905761719,49.42749175851559,48.82373004666451,49.27429971971414,6284200
2018-09-21,49.4319953918457,49.873555156937265,49.30583644112628,49.576177540892694,12975000
2018-09-24,49.43650436401367,49.760915073942364,49.13462351244205,49.4094712840442,5432800
2018-09-25,49.706851959228516,49.84652747405237,49.48607375634503,49.639265812916456,6972600
2018-09-26,50.34666061401367,50.61700176421066,49.81498819567742,50.12588240906979,6463000
2018-09-27,50.378173828125,50.639504958645695,50.19344212384134,50.28806130470455,4517600
2018-09-28,50.472808837890625,50.797219524059365,50.30159361466757,50.405226142916725,6800400
2018-10-01,50.56743621826172,51.04053231522037,50.54039970016849,50.8242607959175,7203400
2018-10-02,49.75189971923828,50.738648348621744,49.72035998137356,50.60798273816114,6995800
2018-10-03,49.71583938598633,50.10332944974489,49.50407459829876,49.85551827529544,5260400
2018-10-04,49.688819885253906,49.88707162901627,49.51760465773324,49.65728014761658,5773600
2018-10-05,49.69783020019531,50.265545443362875,49.445508876769686,49.765412892781896,4762000
2018-10-08,49.92761993408203,50.08532205569517,49.585189488045515,49.585189488045515,5167400
2018-10-09,50.193458557128906,50.53589244586949,49.89157772350525,50.089826027451025,6138600
2018-10-10,48.94987869262695,50.27004769403971,48.8372362980954,50.247517840104166,6799800
2018-10-11,48.55338668823242,49.77893669234532,48.28304558440132,49.02197953907404,8031400
2018-10-12,49.31032943725586,49.792438686822024,48.72008102768733,48.99492871027457,6610000
2018-10-15,49.79244613647461,50.06729386018295,49.13461495044956,49.283300301946134,5064400
2018-10-16,50.576446533203125,50.68007907203973,49.50859515506459,49.819489334000565,6195800
2018-10-17,49.92311477661133,50.45929028155136,49.346382781161395,50.243018791134325,7907200
2018-10-18,49.40045166015625,49.98168686832685,48.96790524798651,49.81047165441798,6845800
2018-10-19,48.32810974121094,49.436510853926514,48.17491424693401,49.377934589537894,9622600
2018-10-22,48.95439147949219,49.21572269253879,48.69756692531149,48.967908018516404,8609400
2018-10-23,48.17039489746094,48.733606866025916,47.372884824932015,48.526341836529724,8655800
2018-10-24,47.864013671875,49.017470833434054,47.77389768264476,48.08479182973546,7752000
2018-10-25,47.98565673828125,48.39117001795031,47.57563680062342,47.98115008029247,9646000
2018-10-26,48.003692626953125,48.22447080076697,47.36838774787355,47.900060091243255,8174800
2018-10-29,48.84175491333008,49.6482750681287,48.328105743525754,48.44074816563326,14275600
2018-10-30,49.63926315307617,49.977190428955,48.84626295406714,49.07154780465303,9714800
2018-10-31,49.508583068847656,50.17993420258695,49.05351027861594,50.14839447021868,9776200
2018-11-01,49.6257438659668,49.963671123146106,49.14363444989393,49.45903184823176,6602000
2018-11-02,49.33287048339844,50.63051328774046,49.130115514006825,50.07631110045711,9024800
2018-11-05,49.688819885253906,50.013230579565565,48.95889926062626,49.33286945330492,5950000
2018-11-06,49.35990905761719,50.00422382758112,48.9724188637886,49.720362733512616,5561600
2018-11-07,49.94113540649414,50.04927459116056,48.65250944616676,49.57166845281741,5858400
2018-11-08,50.049278259277344,50.463801518158824,49.742890755414145,50.35566576314054,5783500
2018-11-09,50.13937759399414,50.29257302431561,49.643751790149906,50.17542398201952,6533400
2018-11-12,49.175167083740234,50.62600178159109,49.11208761318788,50.49984284048638,6583600
2018-11-13,48.43622589111328,49.23823912794983,48.32809016327211,49.148126594344326,7612900
2018-11-14,47.60869216918945,49.35422392224689,47.55442914998139,49.18238527793764,9181700
2018-11-15,47.45493698120117,47.45493698120117,46.47816134483889,47.047947132716885,9144800
2018-11-16,46.568607330322266,46.90324190810256,46.00786420528612,46.90324190810256,13371700
2018-11-19,44.28042221069336,46.758535638987865,43.90056729655153,46.423901055088145,17398800
2018-11-20,42.344966888427734,44.099541389646035,41.20539859384066,41.60334236574131,16289600
2018-11-21,41.74803924560547,42.97805135658228,41.711861607026265,42.46253208214193,10857300
2018-11-23,41.476715087890625,42.00127706250535,41.08781408684144,41.766129304937984,3968900
2018-11-26,41.71186447143555,42.3630482102208,41.386272602042915,41.91988073241645,8434600
2018-11-27,41.196346282958984,41.7480432488815,40.816491391721094,41.46767169814174,7457300
2018-11-28,43.276519775390625,43.321743560703744,41.5219452380809,41.59430053450955,12062300
2018-11-29,42.950923919677734,44.10858086311365,42.24547370094287,44.054314400106406,8099100
2018-11-30,44.180938720703125,44.36182350529944,42.93284095217817,43.03232775621066,17529300
2018-12-03,43.76490020751953,44.64218905151,43.3217361678366,44.443215470376536,11667200
2018-12-04,42.66151428222656,44.10858918461564,42.45349797658929,43.88248405456333,10420500
2018-12-06,42.019371032714844,42.38114057341152,41.36819068958687,42.23643344715086,12052300
2018-12-07,40.9611930847168,41.97414277728084,40.735088026996024,41.93796514002406,9689200
2018-12-10,41.79326248168945,41.937969596002546,40.74413504039712,41.223480159757145,7120400
2018-12-11,41.3591423034668,42.38113826775895,41.087816887750165,42.31782911909473,6308400
2018-12-12,41.69377899169922,42.10981499708647,41.40436474018028,41.80231192358634,6825600
2018-12-13,41.43149948120117,42.05554831087858,41.015463477992895,41.793265568660104,8450200
2018-12-14,40.897884368896484,41.775169655894544,40.78935145600008,41.078765656878325,6990900
2018-12-17,40.10200119018555,40.68987583778852,39.82162962054427,40.59038904049355,10883400
2018-12-18,39.857810974121094,40.47281718727575,39.64979467409678,40.129136432844525,8398700
2018-12-19,39.46890640258789,40.563254277936316,39.14331450081049,40.083912561480744,7474300
2018-12-20,38.37456130981445,39.3422909491071,37.922351069020124,39.3422909491071,9826900
2018-12-21,37.92233657836914,39.52316063309485,37.66910004431842,38.41072427982899,13766000
2018-12-24,37.651023864746094,38.356470703571,37.524405555222664,37.641977728300034,4140400
2018-12-26,39.64979934692383,39.64979934692383,37.78669166396104,37.795737802035816,8182400
2018-12-27,39.64979934692383,39.667888172982586,38.266036929291204,39.23376669784472,6101500
2018-12-28,39.62266159057617,40.20149013290247,39.306112359554426,39.9030297250897,5045200
2018-12-31,40.463768005371094,40.57229748142193,39.8487618909333,39.88493608289035,5582300
2019-01-02,40.391414642333984,40.735095357945575,39.921115623626015,40.00251359705797,5939100
2019-01-03,39.96633529663086,40.58134143021423,39.61361190091774,40.328104828182234,5887800
2019-01-04,41.0606803894043,41.33200577213554,40.46376316735979,40.527072308327426,6325000
2019-01-07,42.164085388183594,42.6253418041607,40.988339354467875,40.988339354467875,8441300
2019-01-08,42.78813552856445,42.90570771068511,41.621432243776184,42.326879136861905,10044300
2019-01-09,42.751956939697266,43.195121047367124,42.471585346004844,42.91475290376507,8048300
2019-01-10,42.58915710449219,42.62533474879453,41.295835646448914,41.82944382459327,7279500
2019-01-11,42.923789978027344,43.17703002795898,42.40827064258389,42.48966861397442,5301200
2019-01-14,42.30877685546875,43.20415439274496,41.99223115799649,42.67054632408505,7577200
2019-01-15,42.79716873168945,43.24937888603959,42.191208780903324,42.4444453633107,6105100
2019-01-16,42.987098693847656,43.24033874122174,42.50775700610544,42.55297733417907,5984900
2019-01-17,43.41218185424805,43.55688898909193,42.86048482450254,42.94188280348287,4114400
2019-01-18,44.46131134033203,44.70550528768606,43.60211118114351,43.65637765280787,7061600
2019-01-22,44.08146286010742,44.49749552033655,43.69256171464818,44.21712388404776,8387800
2019-01-23,43.99101638793945,44.23521035815485,43.61116140099819,44.18999001924623,4649600
2019-01-24,44.027191162109375,44.2080759560145,43.84630636820425,44.189987131614934,3776500
2019-01-25,44.19902038574219,44.72358583110438,44.11762241836149,44.48843461418693,4996400
2019-01-28,44.28042221069336,44.325642540935476,43.8282120080921,44.01813946516302,4803000
2019-01-29,44.08146286010742,44.35278835807899,43.81013391204496,44.325653393218204,4362300
2019-01-30,44.226158142089844,44.47939474549204,43.981964224484884,44.20806932040541,5408000
2019-01-31,44.97682571411133,44.97682571411133,44.09049414329286,44.15380329477346,12254500
2019-02-01,44.226158142089844,44.94064762313032,44.00005304616932,44.76880899226311,9875400
2019-02-04,44.30755615234375,44.316598838148686,43.58401708471017,44.189980536339796,5626800
2019-02-05,44.51557540893555,44.55174960466863,44.009098717680246,44.43417743087827,5408700
2019-02-06,44.09952926635742,44.58791702267204,43.9096018444871,44.58791702267204,4790400
2019-02-07,43.88248062133789,44.10858573370046,43.60210903997583,43.85534911188325,5264000
2019-02-08,44.26234436035156,44.26234436035156,43.71969336275346,43.71969336275346,5760600
2019-02-11,44.40704345703125,44.488441436895066,44.10858649759077,44.28042514392982,4718300
2019-02-12,44.994911193847656,45.06726647593109,44.33468477024016,44.56078985161628,5033900
2019-02-13,45.29908752441406,45.353567530297944,44.59994303540225,45.03577269147464,5948000
2019-02-14,44.944976806640625,45.34448646466869,44.59086542235067,44.990375080378726,4613700
2019-02-15,45.60780334472656,45.6986033599369,45.29001195065643,45.380808502200345,5949700
2019-02-19,45.834800720214844,45.961917284867724,45.31725272774722,45.61688759900038,5057900
2019-02-20,45.86202621459961,45.94374447820019,45.589633157152896,45.762151415679476,4959100
2019-02-21,45.51700210571289,45.998230013937,45.32632382524098,45.998230013937,4893600
2019-02-22,45.71676254272461,45.880199115886946,45.526087695257424,45.68952426841976,5261100
2019-02-25,44.854183197021484,45.88927914617842,44.81786319018561,45.86203740921827,8754800
2019-02-26,45.14472961425781,45.56239923979027,44.77245825868915,44.99037133998175,11408700
2019-02-27,46.81542205810547,47.16045175798632,45.063021428692736,45.21737627384994,15552700
2019-02-28,46.57026290893555,47.378363997352025,46.33418633211739,47.024252595791225,9411900
2019-03-01,47.233070373535156,47.65982163339226,47.05147387165988,47.11503212776645,8700200
2019-03-04,46.6792106628418,47.83234466567802,46.388657595129686,47.37835506441962,6051000
2019-03-05,46.90620803833008,47.323877663135484,46.67013495672971,46.933446307527745,6014100
2019-03-06,47.151363372802734,47.65983300665871,46.924368557206215,47.133203371915094,6707300
2019-03-07,46.987918853759766,47.024238849370875,46.061779747669,46.58840929303383,8552400
2019-03-08,46.05270767211914,46.54301382412626,45.753072863541455,46.506697287298024,5324400
2019-03-11,46.942543029785156,47.096897889416425,46.107200049759754,46.134441791322445,5823100
2019-03-12,47.160438537597656,47.251238536059965,46.742768935668394,47.105962002186054,5653700
2019-03-13,47.650760650634766,47.877755510897124,47.16045092118806,47.360207506592275,6512200
2019-03-14,47.305721282958984,47.53271611342168,47.06056991408556,47.48731784006238,5546300
2019-03-15,47.00608825683594,47.47823790325474,46.83357343866346,47.33296135540788,8431200
2019-03-18,47.53270721435547,47.63258547524646,46.8971245789866,46.996999376212,6956400
2019-03-19,47.4146728515625,47.79602243626726,47.15135806383838,47.57810937748329,6264300
2019-03-20,47.70522689819336,47.79602343063137,47.087800779350935,47.360193840330666,6271300
2019-03-21,47.65984344482422,47.89591658073484,47.49640686470657,47.53272341076967,4127000
2019-03-22,47.52363967895508,47.87775107396141,47.2603248341727,47.559959684511206,5132700
2019-03-25,47.93223190307617,48.349901583124634,47.36928219831546,47.46008221376062,7067800
2019-03-26,47.97762680053711,48.377136449364365,47.759710242480125,48.150141622235346,4507200
2019-03-27,48.17738342285156,48.40437825029188,47.768792040725764,47.9867051354154,4804700
2019-03-28,48.17738342285156,48.58597134131117,48.077505144591235,48.42253825212704,4448100
2019-03-29,48.313575744628906,48.38621574821608,48.03210438989363,48.277255742835315,5887800
2019-04-01,48.313575744628906,48.631370564823776,48.1138226620962,48.631370564823776,4849700
2019-04-02,48.19554901123047,48.52241869115372,48.041190709572334,48.313583841341675,3931000
2019-04-03,48.277252197265625,48.658605260759,48.15013566398975,48.540566995431796,4359400
2019-04-04,49.25785827636719,49.266936541898694,48.204602827806205,48.27723934305274,5155900
2019-04-05,49.13075637817383,49.76634252787967,49.04903810944499,49.27603291550666,6679800
2019-04-08,49.33051681518555,49.57566817708405,49.04904198650034,49.103521991181196,4572000
2019-04-09,48.8674430847168,49.40315098215359,48.79480654563461,49.08535962929531,4155300
2019-04-10,49.430389404296875,49.53026767655165,48.90376323740712,49.01271977820052,4676800
2019-04-11,48.93100357055664,49.43039148922829,48.849285295598285,49.43039148922829,5013700
2019-04-12,49.00364303588867,49.448550945123614,48.940084763140824,48.940084763140824,5209400
2019-04-15,49.248802185058594,49.4031570142461,49.03088561387261,49.04904561677697,4026900
2019-04-16,49.47578811645508,49.74818118363627,49.3395898510316,49.430386385536735,3639900
2019-04-17,49.99333190917969,50.15676842890291,49.70277886604185,49.82081365854657,4945300
2019-04-18,50.047813415527344,50.37468648747018,49.88437687955592,49.98425514750133,3577200
2019-04-22,49.40315628051758,50.09321906230275,49.312359731010645,49.911625963288884,3761300
2019-04-23,50.11138153076172,50.32929810943423,49.430396984951585,49.45763872207722,4718000
2019-04-24,50.32021713256836,50.64709027365949,50.16586229575675,50.16586229575675,4714500
2019-04-25,50.01150131225586,50.36561268369349,49.512109928263165,50.18401613166579,5487200
2019-04-26,49.99333190917969,50.0387301727327,49.50302235001002,49.82989538945647,2731400
2019-04-29,49.73910140991211,50.10229448956091,49.720941409563075,49.92069794973651,4540500
2019-04-30,49.82990264892578,49.95701919085937,49.512107830425805,49.81174264812584,4737900
2019-05-01,48.97640609741211,49.84806892725056,48.96732782770188,49.75726891181612,3319300
2019-05-02,49.4394645690918,49.493941100418986,48.88559674282857,49.06719326247208,3515900
2019-05-03,49.0581169128418,49.829901340070265,49.03087864419034,49.54842653056352,4916800
2019-05-06,49.203399658203125,49.37591795119932,48.35897858683477,48.56781688505821,5692500
2019-05-07,48.50424575805664,49.10351533734279,48.10473616886488,48.994555342745855,4456100
2019-05-08,49.03995132446289,49.339586100149475,48.286330447097654,48.467926965968424,3747300
2019-05-09,48.8856086730957,49.34867662071363,48.431618995025964,48.8038903924965,4971600
2019-05-10,49.248802185058594,49.54843357381462,48.25910454060229,48.88560905430409,4895900
2019-05-13,47.650760650634766,48.68585665924446,47.14229091672706,48.64954011398917,6723900
2019-05-14,47.741546630859375,48.00485795893004,47.269397044745624,48.00485795893004,6681400
2019-05-15,47.7324333190918,48.069860703364576,47.157892167255746,47.49532303041241,5323900
2019-05-16,48.05161666870117,48.68087712949219,47.768908673976924,47.79626661439964,5239000
2019-05-17,48.37080764770508,48.69911684785205,47.622993793540765,47.650351733925156,4645500
2019-05-20,48.306976318359375,48.55320824999161,48.06074438672713,48.316094473360266,9723800
2019-05-21,48.57143783569336,48.92710845140083,46.76574073259092,48.79031179313768,12248300
2019-05-22,47.16701889038086,48.1245852608452,46.78399025486456,47.75067825984925,10859200
2019-05-23,47.56828308105469,47.86011276115015,46.65631446103532,46.85694867068253,8858000
2019-05-24,47.07581329345703,47.96042385729104,46.89341889652745,47.65035442617589,7673100
2019-05-28,45.662254333496094,47.52267057502053,45.662254333496094,47.04844662254078,9810600
2019-05-29,45.35219192504883,45.78993637636234,44.73205308263377,45.224516894942845,9046900
2019-05-30,46.1091194152832,46.25503420702309,45.7808102641477,45.84464776810371,6509200
2019-05-31,45.86289596557617,45.99057099691044,45.47986739268967,45.72609930121306,5393100
2019-06-03,45.49810791015625,46.373596835258354,45.315713514372376,45.862896701724,7498000
2019-06-04,46.23680114746094,46.23680114746094,45.70785777617717,46.02704882126055,7401100
2019-06-05,46.656307220458984,46.96637664230137,46.39183552676443,46.49215261601986,5711000
2019-06-06,46.41919708251953,46.58335168743875,46.090887872681094,46.30064020588151,6033100
2019-06-07,47.34940719604492,47.5591630317148,46.57423529145019,46.86606495992473,4594200
2019-06-10,47.084938049316406,47.77803262895364,47.002860739198994,47.65947574125427,4644000
2019-06-11,47.477081298828125,47.77802909440562,47.20348796608746,47.4132437822243,6101500
2019-06-12,47.54092025756836,47.81451011972453,47.30380649251819,47.486200893583586,4067200
2019-06-13,48.17018127441406,48.25225858774105,47.60476171531931,47.83275386579605,7546500
2019-06-14,48.6443977355957,48.753832976573406,48.19753166003774,48.31608853377901,5459300
2019-06-17,48.84503173828125,49.437809147139006,48.47112481061038,48.51672253761735,6854500
2019-06-18,49.09126663208008,49.59284861750746,48.85415287097229,49.2462996091335,6708100
2019-06-19,49.373966217041016,49.665795812531094,48.662632012894335,49.08213662155093,6312100
2019-06-20,49.09126663208008,49.75700322784861,48.89063244635561,49.729641806869225,5289300
2019-06-21,48.2704963684082,49.35573770711551,48.25225657966304,49.13686719994153,10912300
2019-06-24,48.133697509765625,48.434648792088986,48.04250204905881,48.31609191006307,7225800
2019-06-25,48.37993621826172,48.607928380910344,48.179305480772264,48.434655589695744,7990500
2019-06-26,48.197540283203125,48.635288283199905,47.91483223685695,48.35257675796953,4954100
2019-06-27,48.22488784790039,48.36168101456199,47.69594452926921,48.279603723011746,4907800
2019-06-28,48.22488784790039,48.379920799226845,48.033371848361014,48.25224578545607,6454100
2019-07-01,48.2978515625,48.8815108535817,47.93306624501583,48.772075606224824,4079900
2019-07-02,48.133697509765625,48.61704319238644,47.96042474286915,48.34344985249835,3678600
2019-07-03,49.173336029052734,49.35573041065627,48.06073691114976,48.11545279041239,3341300
2019-07-05,49.6384391784668,49.89378921150457,49.036540187103974,49.20981292682485,4093800
2019-07-08,50.112667083740234,50.19474438349461,49.43780889921722,49.6658010119923,4246700
2019-07-09,49.96675109863281,50.21298299211998,49.684039633025286,50.03970676399004,4668600
2019-07-10,50.3041877746582,50.63249702687381,49.87556141994516,50.0944354143836,6568100
2019-07-11,50.942562103271484,51.124956503117886,50.39537890373227,50.55041536121105,5616800
2019-07-12,51.69948959350586,51.75420895228519,50.942557597584376,51.07935077620744,5366400
2019-07-15,51.49885559082031,52.11899436824117,51.21614414029856,51.690368115907646,4108300
2019-07-16,51.2708625793457,51.699485345136424,51.07022842585862,51.389415961966954,4374000
2019-07-17,51.34382629394531,51.553578633275635,51.12495580024574,51.18879331748177,4200300
2019-07-18,50.35890579223633,51.04288222304482,50.08531243680571,50.89696739029437,5754200
2019-07-19,49.8299560546875,50.751046146665786,49.80259811415391,50.69632678671501,6749400
2019-07-22,49.4286994934082,50.17651347734946,49.31014259969532,49.85732237564311,3318000
2019-07-23,49.83907699584961,49.912032662554665,49.419568866482265,49.702280337312764,4521200
2019-07-24,50.158267974853516,50.27682485506335,49.684043932897936,49.89379627241764,4926600
2019-07-25,50.20387268066406,50.37714894786795,49.775249787687244,50.02147825781567,4294500
2019-07-26,50.85136795043945,50.94256689838893,50.03059829219904,50.17651313003406,2883100
2019-07-29,50.559532165527344,50.97904031763637,50.51393443650437,50.73280840625185,2935400
2019-07-30,50.1400260925293,50.52305465917334,50.08530673189911,50.450095511666426,3918900
2019-07-31,49.75700378417969,50.46833811768887,49.26453994765003,50.0670732206372,5961200
2019-08-01,47.96043014526367,50.21299376307189,47.78715735884928,49.88468450133159,7937800
2019-08-02,47.750675201416016,48.26137537754836,47.53180121244213,47.93306961241358,5353000
2019-08-05,46.23680114746094,47.26732647086595,45.716979408859196,47.20348547874243,7504500
2019-08-06,47.74154281616211,47.86922131032624,46.264155029666824,46.3918300449477,8014200
2019-08-07,47.577392578125,47.86922568399512,46.87517992992108,47.22172543766538,5364600
2019-08-08,48.81768035888672,48.881517885602115,47.768918506502196,47.93307314059443,5850200
2019-08-09,48.2978515625,48.91799042899525,48.14281858531808,48.845034757051934,5654100
2019-08-12,47.16701889038086,48.14282505100162,47.00286425785734,48.06074773473986,4679400
2019-08-13,48.82678985595703,49.2736524318821,46.86605636886381,47.048450747946525,6367400
2019-08-14,47.10489273071289,47.828456957084,47.068255771275496,47.489570323127246,8708700
2019-08-15,45.97833251953125,47.27891313699398,45.611969912247034,47.07741684749114,7416400
2019-08-16,47.06825637817383,47.24228019079893,46.14319585075483,46.68357878079943,9015100
2019-08-19,47.21480941772461,47.75519244727156,46.72938183816146,47.654442535914654,8093800
2019-08-20,47.17816162109375,47.46209280665876,45.20897228293945,45.8226256110376,16460800
2019-08-21,49.00081253051758,49.01913101054379,47.27891384087482,47.87425221310179,15877800
2019-08-22,50.26476287841797,50.34719429679999,49.07408955259442,49.12904150225375,10671600
2019-08-23,48.62529754638672,49.87092636822783,48.36884578679349,49.68774504256416,9037900
2019-08-26,48.955013275146484,49.31221486588577,48.58865069834633,48.89090034829033,6056700
2019-08-27,48.91838073730469,49.35801377283982,48.77183639212631,49.31221932007647,6653400
2019-08-28,50.01747131347656,50.164015676938426,48.689411054288506,48.7993184534116,5327700
2019-08-29,50.741031646728516,51.0066408825659,50.063261835329214,50.356350539206495,5956200
2019-08-30,50.34718704223633,51.41879183290128,50.31970757747317,51.15317913484342,5841200
2019-09-03,49.7060661315918,50.3655175410118,49.412977392714765,50.06326781372984,5049200
2019-09-04,49.82513427734375,50.08158604912031,49.70606588592177,49.82513427734375,5254200
2019-09-05,51.07992172241211,51.36385297131962,50.3471998634982,50.45710726886193,4950600
2019-09-06,51.41879653930664,51.9774979574314,51.09823187016597,51.09823187016597,5746200
2019-09-09,52.01412582397461,52.07823874659355,51.25392475021827,51.49206145756768,4461600
2019-09-10,52.133209228515625,52.19732566783422,51.263103970919495,52.124051733694955,6133400
2019-09-11,51.931705474853516,52.490406914183374,51.629455780569636,52.05077385386471,4451500
2019-09-12,51.97748947143555,52.34385202826249,51.70271930076148,51.940852516974395,4761800
2019-09-13,51.821800231933594,52.48124810280777,51.812639244148976,52.11488895096504,3583500
2019-09-16,50.76850509643555,51.69356561694509,50.447940434351246,50.58532379214761,6358300
2019-09-17,51.189823150634766,51.464593378907466,50.750190086619845,51.23561760636471,5961900
2019-09-18,51.537864685058594,51.638614578882176,50.93336881600993,51.14402609678068,6090800
2019-09-19,51.711883544921875,52.05992766996553,51.47375029761373,51.74852050416705,4110800
2019-09-20,50.200645446777344,51.91338310438202,50.127371528601046,51.87674614529387,9441900
2019-09-23,50.54869079589844,50.78682755831225,49.696900633981826,50.008307827520085,5170800
2019-09-24,50.64944076538086,51.44627548462822,50.392989015253676,50.887577528121575,6113600
2019-09-25,50.85093307495117,51.18065870162611,50.63111482587037,50.84177208871435,3411500
2019-09-26,50.576171875,51.079917896908164,50.246446189709374,50.905897560290626,3515100
2019-09-27,50.21896743774414,50.87841527797729,49.95335470662191,50.704394950979776,5689600
2019-09-30,51.05244445800781,51.17150935502913,50.53037643442616,50.631126342592914,4416500
2019-10-01,50.73187255859375,51.55618675279035,50.62196516399856,51.244779556526424,3854600
2019-10-02,49.63277816772461,50.576160554796594,49.614459689987136,50.32886634617922,4873000
2019-10-03,49.44043731689453,49.733525960606045,48.60696583123512,49.50455023933816,3643000
2019-10-04,50.640281677246094,50.70439461275925,49.58699174714201,49.76101556687168,4160500
2019-10-07,51.043270111083984,51.189814440821486,50.319705954427114,50.43877431418022,3809000
2019-10-08,50.75934982299805,51.42796218299121,50.402148161071366,50.667760907491314,5418300
2019-10-09,51.39132308959961,51.54702493828747,50.896734581015174,51.06159741720999,3745800
2019-10-10,52.60030746459961,52.62778343545445,51.372997353957295,51.372997353957295,5858500
2019-10-11,53.644447326660156,54.17567283182486,52.97583844504797,53.12238280959457,5040500
2019-10-14,53.232276916503906,53.7268653335513,53.21395843877337,53.61695796106045,3201600
2019-10-15,53.562007904052734,53.8550965893748,53.2414432463232,53.378826602253255,4914200
2019-10-16,54.30389404296875,54.386325459303976,53.43378542473979,53.61696673813951,4725200
2019-10-17,55.402976989746094,55.448771443432754,54.45043697993506,54.560344367561605,6368000
2019-10-18,55.283912658691406,55.76934019228286,55.11904981824655,55.329707115727615,6026100
2019-10-21,54.87175750732422,55.72354771525805,54.31305602750813,55.586160845374565,6152500
2019-10-22,55.283912658691406,55.74186421683975,54.853437075986164,54.9816629532448,3321600
2019-10-23,54.66109848022461,55.2472759179922,54.40464672467457,55.05493710132967,3898700
2019-10-24,54.13903045654297,54.9267076474702,53.94669165240294,54.9267076474702,4238000
2019-10-25,54.1298713684082,54.6519358516142,53.69023830328174,53.87341962055769,2829800
2019-10-28,53.433780670166016,54.2489337736743,53.406304698463416,54.11155042126869,5101400
2019-10-29,52.67359161376953,53.71772419900056,52.664434119061944,53.59865580444121,5309300
2019-10-30,53.635276794433594,53.690228734097204,52.53619258056019,52.69189440146362,4665500
2019-10-31,52.801815032958984,53.75435160016433,52.719383614327526,53.571173775554904,6221800
2019-11-01,53.131534576416016,53.66276002431657,53.0399456686573,53.168171537076645,3486300
2019-11-04,53.717708587646484,53.827615961663696,53.31470905976268,53.56200327172071,3033400
2019-11-05,54.239784240722656,54.25810272251016,53.42463101759118,54.25810272251016,5906000
2019-11-06,53.88257598876953,54.23977760519398,53.726870659570864,54.17566467372768,4052200
2019-11-07,54.31304168701172,54.8900614967189,54.07490846850131,54.15733986988805,3935400
2019-11-08,54.248939514160156,54.53287072940487,53.891737868657685,54.313052450845575,2340300
2019-11-11,53.626121520996094,54.03827858183953,53.397145764293384,53.891734237305506,2978300
2019-11-12,53.48873519897461,53.89173125063601,53.26891694740947,53.48873519897461,3496100
2019-11-13,53.73700714111328,53.93010993983907,52.99219458784017,53.5714924608954,3978300
2019-11-14,54.41746139526367,54.472634129259774,53.61747604471241,53.83815996528147,3323400
2019-11-15,55.005943298339844,55.13467613899665,54.251933653601256,54.913992271501215,4752400
2019-11-18,54.757686614990234,55.06113140220729,54.362290775245,54.89561670149031,7015500
2019-11-19,55.75996398925781,56.72546399315852,54.996760493725695,55.42893461473014,11468200
2019-11-20,54.54619598388672,55.88870098401552,53.97609174547861,55.68640796841071,8673900
2019-11-21,54.36228561401367,55.05192896562276,54.25194365991432,54.371482823017985,6924300
2019-11-22,54.41746139526367,54.70251525934869,53.89333269927757,54.46343691973992,6193800
2019-11-25,54.57377624511719,55.01515108036038,54.23355317117025,54.52780072286071,5297800
2019-11-26,55.4932975769043,55.81513322987989,54.34389204707855,54.38987107443742,15894600
2019-11-27,56.063411712646484,56.30248654703837,55.53928301119974,55.74157602254436,5236000
2019-11-29,56.210533142089844,56.55075622175366,55.97145481000685,56.192142231336724,2425500
2019-12-02,55.539283752441406,56.46800199667999,55.48411101713414,56.28409638669685,4831900
2019-12-03,54.71170425415039,55.32778394608582,54.59216509463032,55.061124523982016,4781300
2019-12-04,55.061126708984375,55.31859244028403,54.71170642528663,54.941587544720605,4481400
2019-12-05,54.77606964111328,55.2266381521333,54.41745567709087,55.21744094357988,5160500
2019-12-06,55.02433776855469,55.62203000483203,54.94158043595793,55.22663424994832,4901700
2019-12-09,55.50250244140625,55.713992667142016,55.18986395386038,55.18986395386038,5364900
2019-12-10,55.39215850830078,55.640427041380676,55.16227737879833,55.539282290874034,4117700
2019-12-11,55.530086517333984,55.57606204288182,55.07952145617429,55.364571819195554,4059800
2019-12-12,55.9622688293457,56.1645653678324,55.30020998172236,55.67721493490609,3981100
2019-12-13,55.51169204711914,55.934675975084986,55.033538895115484,55.934675975084986,3525100
2019-12-16,55.72318649291992,56.33007255741956,55.658820054844796,55.833531964798254,6259400
2019-12-17,55.861106872558594,56.0542061532313,55.63122577431761,55.82432505499032,4755600
2019-12-18,55.631229400634766,56.12777344705219,55.57605667068591,56.017427987154484,6273600
2019-12-19,55.40134048461914,55.6404152653111,55.11628668159184,55.47490411419015,4318900
2019-12-20,55.153079986572266,56.228925493087274,55.125495373589814,56.12777723520809,8193200
2019-12-23,55.208255767822266,55.39216138250831,55.01515645087045,55.16228024107772,3907700
2019-12-24,55.52089309692383,55.5484777108509,55.08871543762495,55.245036434529815,1166500
2019-12-26,55.925479888916016,55.97145541243987,55.50249946016431,55.63123232911416,2584700
2019-12-27,55.953067779541016,56.366854530912995,55.71399293858599,56.1001915680613,2943800
2019-12-30,56.247314453125,56.52317462141393,55.45652629484768,55.88870044359869,3493700
2019-12-31,56.14616775512695,56.3024852378816,55.77835654862201,56.18294606961135,3631000
2020-01-02,56.73466491699219,56.73466491699219,56.146169771614595,56.39444181876597,5190200
2020-01-03,56.31168746948242,56.61512876036015,55.87950978945117,56.13697555234233,3229200
2020-01-06,56.670291900634766,56.67948560159182,56.00823318509194,56.274896113041954,5223000
2020-01-07,56.63351058959961,56.707070721038164,56.21972388867218,56.302481228857665,4586700
2020-01-08,56.936946868896484,57.36912444193962,56.76223850271442,56.76223850271442,3658100
2020-01-09,57.59900665283203,57.782912230535864,57.019705310762454,57.07487803638575,5584400
2020-01-10,57.323158264160156,57.95762891517202,57.19442539361059,57.6174058276185,3853400
2020-01-13,57.48866653442383,57.61739939059134,57.03809803013029,57.30476095088142,3486500
2020-01-14,57.672584533691406,57.74614467832001,57.05650122235033,57.47028799747374,5316800
2020-01-15,56.826602935791016,57.79210278148585,56.74384560571963,57.53463709135575,5020500
2020-01-16,57.75533676147461,57.7737276729261,57.14845071440603,57.19442623918093,4114600
2020-01-17,57.63579559326172,57.91165224005769,57.4426962912753,57.76452846125267,5382300
2020-01-21,57.2863655090332,57.70934586231779,57.093266240060714,57.41509835501486,5090600
2020-01-22,57.405914306640625,57.9392366879041,57.39671709740592,57.72774647570414,2943100
2020-01-23,57.42430114746094,57.49786127758721,56.94614802466451,57.3231528992934,3529600
2020-01-24,56.26570510864258,57.47028351386803,56.08180300756439,57.424307988598486,3909500
2020-01-27,56.0266227722168,56.293285693872285,55.32778225392705,55.41053959141644,3795700
2020-01-28,56.36685562133789,56.679494116455,55.88870242247009,56.01743530145221,3928500
2020-01-29,56.17374038696289,56.80821089976857,56.16454668722957,56.72545357134115,3449200
2020-01-30,55.631229400634766,56.10018532822406,55.171467174183235,55.796744082773905,5375600
2020-01-31,54.28872299194336,55.59444599410315,54.1048174050696,55.52088586397803,6151900
2020-02-03,55.39215850830078,55.87950538037951,54.67492699901194,54.82205078158519,6333100
2020-02-04,56.34844970703125,56.890969200952505,56.16454764756528,56.27488958478625,4266700
2020-02-05,57.21281814575195,57.42430836956112,56.88178874928273,57.01052162397459,4353200
2020-02-06,56.84500503540039,57.47028198400295,56.835811333674314,57.44269737111708,4588900
2020-02-07,56.4404182434082,56.87259239959386,56.21973080652214,56.64271126053697,3727200
2020-02-10,56.688682556152344,56.890975545666834,56.265698652169675,56.50477696846953,3449700
2020-02-11,57.433509826660156,57.52546439793336,56.863405515599176,57.249604191821966,4490100
2020-02-12,58.411808013916016,58.485640036437246,57.581175756349204,57.95034643097278,4304700
2020-02-13,58.47640609741211,58.614842445080114,57.959567912370744,58.19029867915619,5195300
2020-02-14,58.49485778808594,58.96554694535159,58.282585931227175,58.72558852649828,5472300
2020-02-18,58.56869888305664,58.93786953007761,58.19030055416265,58.47640798163751,3498200
2020-02-19,58.8917236328125,58.99324221533488,58.50409410431252,58.6794517446203,3384500
2020-02-20,58.94709777832031,59.34395851611787,58.291823218200754,59.06707876785575,3015200
2020-02-21,58.430267333984375,58.99324751199446,58.19030533749384,58.62408035529961,4681000
2020-02-24,56.99049377441406,57.43349638046331,56.5659500503675,56.92588944774053,5638500
2020-02-25,55.116966247558594,57.33197947826092,55.02467182919262,57.19354313172006,8317600
2020-02-26,59.0578498840332,59.94385168188681,58.347198684588925,59.17783087112696,14677500
2020-02-27,55.48612976074219,58.79019578986259,55.43075663398561,56.99972291706725,12640100
2020-02-28,55.190799713134766,56.03989078107305,53.658747534686285,54.30479439755129,12935400
2020-03-02,57.39658737182617,57.51656836280986,54.79394446385564,55.57843122561386,10155000
2020-03-03,55.9383659362793,58.688676168995094,55.18156932623471,57.39658250660717,10092900
2020-03-04,57.47041702270508,57.62731224657793,55.504589999363084,56.381367574706935,6853500
2020-03-05,54.9785270690918,56.79668664594976,54.62781531625168,55.8368458069516,9162300
2020-03-06,54.0463752746582,54.69241859550191,52.625072927457964,52.84657248869807,10401300
2020-03-09,52.79119873046875,53.27111913500698,50.57618202039571,51.07456130826294,11188700
2020-03-10,53.50185012817383,54.57244072120598,51.38835550688738,54.04637486639453,12575500
2020-03-11,51.32374572753906,52.929629686294945,51.037638346072605,52.35741844403368,12107500
2020-03-12,45.55547332763672,48.102738894212905,44.300297663853456,47.945843696575665,13572800
2020-03-13,47.59514236450195,48.11198055034312,43.93113665566391,47.881249783200616,11254400
2020-03-16,37.885986328125,42.38985130215729,37.664486792082556,42.38062010109706,13684100
2020-03-17,39.23345184326172,40.340960053178875,35.993993937942385,38.43050988735719,18604500
2020-03-18,37.70140075683594,37.885986049293905,34.11123107724849,36.24318433982838,18300900
2020-03-19,38.43974685668945,39.68569157940184,31.71163690442956,37.32300727839551,22567100
2020-03-20,34.4896354675293,39.454962761020184,34.148154904274776,39.43650387642909,13402000
2020-03-23,33.92665100097656,34.36965717925606,30.198044419280112,33.132940106516855,21303700
2020-03-24,37.87677001953125,38.53204466467566,35.86479710628478,36.40932195015741,14467600
2020-03-25,40.68244934082031,43.39584181415969,38.99349848571756,39.14116603146381,14331800
2020-03-26,44.263389587402344,45.00172733918725,40.811659277555876,41.18082639311227,17080100
2020-03-27,43.19279479980469,44.558720388987105,41.18082241989054,42.602124655366,12743200
2020-03-30,43.88498306274414,44.46642547383464,41.9007009459401,43.53427137598003,12442400
2020-03-31,44.12494659423828,44.93711623855535,42.87899852510713,43.65425392789821,18375300
2020-04-01,41.180824279785156,43.05436040959092,40.54400866167695,40.86703031129591,8810000
2020-04-02,40.414794921875,42.0299100083011,38.68892655178192,41.06084166057974,9665200
2020-04-03,37.80292510986328,39.999482828378014,37.58142556217296,39.916419617826186,12141200
2020-04-06,42.55598068237305,43.23894174025045,39.25191460671524,39.70414843207073,12722100
2020-04-07,43.0820426940918,46.54300368480823,42.648267789973765,45.823124925354115,14116000
2020-04-08,45.32475280761719,46.19229923126972,43.414302322711784,43.69117854126709,9146300
2020-04-09,45.04787826538086,47.29058170427683,44.64178984376108,46.21999103753132,11108600
2020-04-13,44.16187286376953,45.01096402221571,43.62657924879757,44.86329645387801,10381300
2020-04-14,46.34919357299805,46.4968611102162,44.697160579908065,44.835600436343995,8871200
2020-04-15,44.56795883178711,45.186315639507235,43.645035700976884,44.11572494859427,10240300
2020-04-16,42.869781494140625,44.540270160822224,42.72211392933994,44.540270160822224,13209900
2020-04-17,45.89695739746094,46.12768813253002,43.93113054888432,43.96804831145656,15547100
2020-04-20,44.10649108886719,45.213999394857325,44.032655558820984,45.20476819326563,8325500
2020-04-21,42.5006103515625,43.34047027719998,42.12221200090545,42.602132461365784,9508600
2020-04-22,42.80517578125,43.53428237868294,42.47292289094014,43.368159454200345,7715700
2020-04-23,42.214500427246094,43.34969531784209,42.186810342626345,43.2574009035628,8092400
2020-04-24,42.5006103515625,42.962071926542926,41.41156075295491,42.620591346845686,9493400
2020-04-27,44.15263748168945,44.512576896704196,42.41754121578381,42.934379375175595,10028200
2020-04-28,45.30629348754883,46.893722288972654,45.112480488492785,45.74929613710783,14079500
2020-04-29,47.56745147705078,48.73956409011645,46.616838408739945,48.21349827048399,10941200
2020-04-30,45.26938247680664,46.90295697126015,45.10325601834204,46.626080714043354,14765400
2020-05-01,44.531044006347656,44.7063981453554,43.81116504332659,44.30031320838731,5910300
2020-05-04,44.0234260559082,44.503346419330576,43.11896197430624,43.77423643332322,10082700
2020-05-05,44.45720291137695,45.177085305205935,44.26338991024583,44.549497331443305,7951000
2020-05-06,44.004966735839844,45.16784810898161,43.82038144087419,44.780222158158246,5804100
2020-05-07,44.76176071166992,45.64776585192945,44.734074151246645,44.8909693545405,9375000
2020-05-08,44.770999908447266,45.61085982382248,44.531041441485364,45.39858792440593,5586500
2020-05-11,44.623329162597656,45.2047716842627,43.709637292081844,44.17109882849205,6726100
2020-05-12,42.41754150390625,45.057101926172884,42.38062373784066,44.93712094679569,6713700
2020-05-13,40.636295318603516,42.426768048865426,40.34096026383958,42.24218275947007,14312400
2020-05-14,41.29158020019531,41.31003556362702,39.24268983340497,39.990258796586566,11424800
2020-05-15,43.534278869628906,43.534278869628906,40.174839508476666,40.35942482384513,20593600
2020-05-18,45.924644470214844,47.133674802875625,45.463182994940425,45.95233455278804,13385100
2020-05-19,46.3861083984375,47.36440804519463,44.7340789053044,46.0354001935667,11220300
2020-05-20,46.930633544921875,47.65051588516339,46.515321007891316,46.82911497141406,9771600
2020-05-21,50.114715576171875,51.028410847505036,48.67495802466366,49.46866880580892,23101500
2020-05-22,49.29331970214844,50.61309993840723,48.96106684257671,49.69017689322889,13446900
2020-05-26,51.03763961791992,51.38835133286498,50.30852962550078,50.76076343061455,12240600
2020-05-27,51.02841567993164,52.311278141051844,50.539264075121665,51.98825648561582,10793000
2020-05-28,49.911678314208984,51.54524895168685,49.773238453764876,51.24068618765047,10447400
2020-05-29,48.693416595458984,49.93013357316424,48.41654039581462,49.237941313717386,13006100
2020-06-01,49.21949005126953,49.45944850543554,48.324253527870134,48.9056960600234,6906200
2020-06-02,50.151634216308594,50.216238542407595,49.0072081870217,49.56096408016248,9785500
2020-06-03,50.982276916503906,51.51757051864881,50.29931222888735,50.44697979368655,7033800
2020-06-04,50.6038703918457,51.56370764774186,50.2346997791128,50.2346997791128,14901700
2020-06-05,52.8465690612793,53.86178646658166,51.90519070605481,52.12669025292934,11740000
2020-06-08,52.99423599243164,54.02791226824595,51.914417792274776,53.41878324031013,8700200
2020-06-09,51.90520095825195,52.62507990879077,51.58217573430498,52.14515943487405,7887900
2020-06-10,50.58540725708008,52.0067058990862,50.32698644162039,51.951332776301086,10910300
2020-06-11,48.60112380981445,49.41329701505876,48.35193418363705,48.693414699211225,10704800
2020-06-12,48.416542053222656,50.0408885825726,47.309033696060794,50.03165738055438,7368400
2020-06-15,48.545745849609375,48.61035017457259,46.2476696715255,46.450713847507984,8299000
2020-06-16,51.26837158203125,52.477401970893034,50.1608632857565,52.14514912994343,12468500
2020-06-17,50.33621597290039,51.67445488634,50.03164972499825,51.360660958503615,6118500
2020-06-18,49.330238342285156,50.419287836530465,49.108735258425064,49.542510223953705,9619300
2020-06-19,48.58265686035156,50.954568234830155,48.5734291812129,50.7607552868777,13545400
2020-06-22,48.748802185058594,49.154887117642104,47.82587900318217,48.278112911397535,8051400
2020-06-23,49.14564895629883,49.607110448846235,48.8780004456601,49.23793984653959,5141600
2020-06-24,47.55821990966797,48.804168041845564,46.74605022425416,48.45345632456538,7230700
2020-06-25,46.949092864990234,47.244427948625436,45.83235685995263,47.09676040680783,7174300
2020-06-26,45.72161102294922,47.51208056183133,45.5924023528107,46.819888239798814,8298000
2020-06-29,46.856807708740234,46.856807708740234,44.97404367953681,45.86004903892466,6555300
2020-06-30,46.662994384765625,46.893725165606824,45.933884272346084,46.44149128606226,6909200
2020-07-01,47.235206604003906,48.25965185308345,46.54301424875259,46.63530515451715,8205700
2020-07-02,47.76126480102539,48.52729257374691,47.4105530785341,47.95507778424223,6770600
2020-07-06,48.58265686035156,48.90568196094349,48.11196776951401,48.37961271258928,7239100
2020-07-07,46.884498596191406,48.0658427049027,46.764517592508525,47.92740281444763,6414300
2020-07-08,46.949092864990234,47.1521370552414,46.17383739027985,46.90294741829822,6327300
2020-07-09,46.13692092895508,47.004467255373385,45.38935205403803,46.792195394249916,6078400
2020-07-10,47.133689880371094,47.309044029627245,45.85082713204344,46.30305755089927,5057900
2020-07-13,46.48762893676758,47.945848916895244,46.256898194646496,47.35517878037275,6180900
2020-07-14,46.01694107055664,46.50608913104238,45.41703971584363,46.02616875140634,7368900
2020-07-15,48.573448181152344,48.711884546409934,47.484398541897754,47.72435702074777,7332400
2020-07-16,49.38560104370117,49.514813202391785,48.04736570364031,48.167343141417454,7335700
2020-07-17,48.83186340332031,49.60711898502953,48.665736955763165,49.58866009967069,4899600
2020-07-20,47.75203323364258,48.813392474877645,47.47515354224328,48.56420286502119,5158200
2020-07-21,48.979530334472656,49.36715988066929,47.72435431162236,47.80741753433076,5111900
2020-07-22,49.32101058959961,49.422532696774596,48.2135056548566,48.518068455709226,5132300
2020-07-23,49.274864196777344,49.78247120228977,48.822633845213865,49.514826176550514,4905100
2020-07-24,48.81340026855469,49.54251033373098,48.6195872701677,49.145653134745004,3482100
2020-07-27,48.065826416015625,48.610347548236966,47.70588352694697,48.545743226764216,3439300
2020-07-28,47.7889518737793,48.434998678730125,47.75203762944325,47.99199606065089,3837300
2020-07-29,48.545745849609375,48.8964575570323,47.80740819240716,47.927389161912416,3927700
2020-07-30,47.622825622558594,48.00122391356581,47.08753211071339,47.890474138817126,4473200
2020-07-31,47.98278045654297,48.02892591408129,46.9952493577247,47.56746429735262,5125600
2020-08-03,47.89047622680664,48.148893552711,47.10599304707011,48.01045720840739,5617000
2020-08-04,49.17333984375,49.17333984375,47.76126867898635,47.77049636055323,6781900
2020-08-05,49.413307189941406,49.53328466672789,48.75803258654763,49.35793053249747,7296200
2020-08-06,49.29331970214844,49.82861675827444,48.98875692798903,49.10873438897836,6582300
2020-08-07,51.17608642578125,51.46219033258188,49.1918003592339,49.45022122041564,7407300
2020-08-10,52.163604736328125,52.209750178968264,51.268368362288726,51.443725973261486,5072300
2020-08-11,53.077308654785156,53.93562746347093,52.30205307018743,52.90195452423144,7566400
2020-08-12,53.28035354614258,53.61260644668738,52.218994025704944,53.3264989999577,5132600
2020-08-13,52.708133697509766,53.16959520279958,52.302045319624725,52.948092131164834,4584300
2020-08-14,53.409549713134766,53.8525523031906,52.31127267866333,52.652753181705435,4926600
2020-08-17,54.83086013793945,54.95084112433765,53.261890195058974,54.452461815304055,8039400
2020-08-18,53.02193832397461,54.46169625676592,52.94810277835835,54.46169625676592,7841000
2020-08-19,50.17009735107422,50.58541342596828,48.21350147906133,49.847072172524605,31932000
2020-08-20,47.66897964477539,49.52405353140813,47.558226337609085,49.256404986764565,17300400
2020-08-21,47.696659088134766,49.136420180230424,47.66897252581406,47.97353527335693,13732800
2020-08-24,49.29331970214844,49.367155235685274,47.548995710068894,47.548995710068894,11757000
2020-08-25,49.062591552734375,49.80092932404857,48.96106944905264,49.08105043710126,7907200
2020-08-26,49.154884338378906,49.653263673374745,48.74879942875582,48.93338475882898,8857500
2020-08-27,49.53327560424805,50.26238561750432,49.367152703654604,49.570193369122954,7639700
2020-08-28,50.84382629394531,50.97303494576647,49.39483752022791,49.64402714331374,6161900
2020-08-31,50.566951751708984,51.526792511673285,50.53926166779629,50.889973391758595,7453800
2020-09-01,51.00996780395508,51.01919548724218,49.75479163654386,50.38237972024947,5863300
2020-09-02,52.357421875,52.52354829826395,51.00072392523505,51.129936103851804,9769000
2020-09-03,51.24068069458008,52.65275162877773,50.92688676246154,52.61583386719401,7709000
2020-09-04,50.92689895629883,51.74829998451778,50.0316623872334,51.582173538285595,6807100
2020-09-08,51.03763961791992,51.4068102147749,50.197779854712984,50.43774179887024,7827400
2020-09-09,50.539268493652344,51.05610670820794,50.26239226183311,50.83460713102147,6996100
2020-09-10,49.939361572265625,51.28682823928149,49.76400395788806,50.79768020058968,9039900
2020-09-11,49.976280212402344,50.5392602664974,49.42252431823606,50.31776072536827,4841100
2020-09-14,51.19453811645508,51.37911989335502,50.326988274069784,50.493114689817105,4484100
2020-09-15,52.47740936279297,52.83734881763171,51.51756846944145,51.92365337631833,7179500
2020-09-16,52.90195083618164,53.66797868499827,52.53278019471085,52.81888761788432,5704000
2020-09-17,51.62831115722656,52.78196490286181,51.23145398707429,52.22821251322562,4683700
2020-09-18,51.702144622802734,52.36665028037505,51.194537699122414,51.42526843903816,6571800
2020-09-21,49.994728088378906,50.908423240585144,49.23793164826397,50.908423240585144,7933000
2020-09-22,49.727088928222656,50.400822251064575,49.13641881069941,49.99473390476364,5915000
2020-09-23,48.79492950439453,50.67769294061669,48.647261991004825,50.243918079740766,5962200
2020-09-24,48.758033752441406,49.413308371504,47.80742047395488,48.51807175178556,4563400
2020-09-25,49.081050872802734,49.28409508196867,48.09352343477751,48.41654511238493,5954200
2020-09-28,51.31452178955078,51.572942645755134,49.84707395295891,49.893222923451496,7808200
2020-09-29,49.98551559448242,50.9361252730255,49.487136269146866,50.76999883124699,6444500
2020-09-30,51.36066818237305,52.218986884510485,50.37314081895418,50.41005506455461,6344500
2020-10-01,52.68045425415039,52.96655817287016,51.5821734698859,51.702154463266126,6196900
2020-10-02,53.18804931640625,53.35417572506867,51.29605801849706,51.33297225989971,4566300
2020-10-05,53.0865364074707,53.95408284214782,52.671220314023934,53.56645683537895,3485600
2020-10-06,52.24666976928711,53.95407585140991,52.14514767952392,53.34494683350252,5522200
2020-10-07,53.86178970336914,54.295564663017586,52.93886665436192,53.04961643445462,4602500
2020-10-08,53.80641174316406,54.08328794699176,53.18805500530461,53.76026629597144,4445800
2020-10-09,53.70489501953125,54.60013157144909,53.437249990770255,54.314024137157745,5708400
2020-10-12,53.50185012817383,53.97253933275754,53.37264146498112,53.843330669564835,5535700
2020-10-13,52.966552734375,53.686431579396,52.791198624110706,53.5018497878218,3970900
2020-10-14,52.98501205444336,53.84333077089248,52.94809428755539,53.18805625165516,3426300
2020-10-15,52.98501205444336,53.13267960132321,52.31127865176206,52.56969597863378,4833800
2020-10-16,52.283592224121094,53.381869386879764,52.237443255054025,52.994239874883036,6839100
2020-10-19,50.8807487487793,52.87426239659854,50.705391115992356,52.5973861856432,4883500
2020-10-20,50.6961669921875,51.62831778930759,50.64079033784156,51.1760874345021,5672200
2020-10-21,50.742305755615234,51.12070404208955,50.36390746914092,50.71461919242769,4171000
2020-10-22,51.702144622802734,51.905188800543534,50.816139426487446,50.91765799468615,3190000
2020-10-23,52.62505340576172,52.634281083776955,51.48062769498176,52.06206998872235,4750300
2020-10-26,50.760765075683594,52.06208636679697,50.216240364044836,51.91441882740367,4156700
2020-10-27,49.957828521728516,50.908438190643025,49.79170208163267,50.908438190643025,3621500
2020-10-28,47.3921012878418,49.09951118968639,47.290582700969516,48.82263495499255,9431700
2020-10-29,47.74280548095703,48.287330181672324,47.19828078024174,47.355179518077556,5040500
2020-10-30,46.884498596191406,47.56746332407165,46.20153738898382,47.438254637339014,8293400
2020-11-02,47.75203323364258,48.25040893268397,47.17059081064418,47.62282106800952,6244500
2020-11-03,49.828609466552734,50.123944516137875,48.09351340973638,48.453452781376306,6085500
2020-11-04,49.14564895629883,50.31776156984986,49.09950351117844,49.75477798563453,5937200
2020-11-05,50.40082931518555,50.67770553149726,49.48713392861758,49.6994058118123,5886400
2020-11-06,49.782474517822266,50.53004355289625,49.40407615898364,50.4285214408979,4544300
2020-11-09,56.20600891113281,58.09800024937732,55.17233267504713,56.13217338541027,17552700
2020-11-10,57.461185455322266,57.94110584635891,55.98451003726483,57.04587291445555,11527600
2020-11-11,55.48612976074219,57.32274807939194,54.89545960419307,57.04587188359353,8292800
2020-11-12,54.821632385253906,55.57842902954504,54.21250329300318,54.96006873491371,5177300
2020-11-13,55.03390121459961,55.366154068404725,53.74180756550681,55.1631098753745,9557100
2020-11-16,56.381370544433594,56.87051864541569,54.84931838750328,56.60287363055446,7357000
2020-11-17,56.427513122558594,56.77822485745745,54.56320819164732,55.40306800263821,10970600
2020-11-18,57.479644775390625,60.11920518583584,56.67670273075576,57.802669946009935,16395900
2020-11-19,56.81513977050781,57.738062748140464,55.74454925728081,56.03988432846952,11004400
2020-11-20,56.00297164916992,57.276606459730225,55.855304100168155,56.80591372682503,11048000
2020-11-23,57.0366325378418,57.082777977107185,55.93835559237164,56.418275906208635,8273500
2020-11-24,59.371646881103516,59.740817542854074,57.45196507307639,57.58117374848737,11804200
2020-11-25,57.95956802368164,58.56869710833817,57.415043272195334,58.513323977433465,6905600
2020-11-27,58.34718704223633,58.37487360270575,57.60884590345149,58.37487360270575,5435200
2020-11-30,58.614845275878906,58.78097171764126,57.03664759980881,57.80267547245436,25960400
2020-12-01,59.87924575805664,60.13767013027685,58.41180146857731,59.06707599796847,10487600
2020-12-02,59.98999786376953,60.02691563049313,59.251656611985524,59.54699170443032,6283500
2020-12-03,60.82985305786133,60.91291274084507,59.95307205875544,60.202265190392836,7399800
2020-12-04,61.49436569213867,61.61435020564584,60.83909111399954,60.940613221731134,6593800
2020-12-07,60.802162170410156,61.29131725474707,60.322245328608034,60.86676649606319,4979900
2020-12-08,60.37763214111328,60.709885045894026,59.99000609931741,60.156132551707785,4290800
2020-12-09,61.577430725097656,61.73432596310876,60.60835864779237,61.03290243135774,6692000
2020-12-10,61.39283752441406,61.74355278608453,60.51606345292588,60.87600287522894,5662000
2020-12-11,60.96831130981445,61.21750454546023,60.442245307318494,60.959087146528326,7478000
2020-12-14,60.30379867553711,61.7897055949691,60.276112106075495,61.762019025507485,8653000
2020-12-15,61.59587860107422,61.614341004092594,60.552978153532166,61.30054352487288,5923400
2020-12-16,61.48514175415039,62.011207659151985,61.21749320018891,61.955827482968594,6656100
2020-12-17,62.3065299987793,62.46342520953273,61.651255552682656,61.95581477316189,7665100
2020-12-18,62.48187255859375,62.85104309758678,61.63278524784945,62.4357306420586,17358700
2020-12-21,62.05734634399414,62.3526814499219,61.04213235745148,61.30054969497023,9790700
2020-12-22,61.80815505981445,62.509578518463,61.53127534048525,61.955819079804606,4909000
2020-12-23,62.149635314941406,62.83260344728925,62.12194874983025,62.223470849467255,2829900
2020-12-24,61.8173942565918,61.95582709281675,61.457447758372915,61.697409743403945,1656800
2020-12-28,63.1279411315918,63.37712726915021,61.87276515858074,62.324995503735714,3696100
2020-12-29,62.749542236328125,63.580174469528885,62.70340030419431,63.358674887790265,3563900
2020-12-30,63.0356330871582,63.46940090928544,62.74952221728992,62.74952221728992,4476100
2020-12-31,63.02641677856445,63.30328947248809,62.823372578213956,63.201774413657006,4563800
2021-01-04,61.66049575805664,63.127947284216276,61.374391823837605,63.03565637395321,6330500
2021-01-05,61.577430725097656,61.72509476047737,61.06982020053879,61.355931151355826,4878700
2021-01-06,64.28158569335938,64.91839774884548,61.983509490206515,61.983509490206515,6499100
2021-01-07,64.5123062133789,65.0199095371116,64.22619535245379,64.73380571752877,4631000
2021-01-08,64.80767059326172,65.49063181458328,64.14316473842108,64.70614847425298,6306800
2021-01-11,63.10026550292969,64.49387454873415,62.90645246426838,64.21700179693757,5863300
2021-01-12,63.1279411315918,63.72784255185132,62.34345790879599,62.721852716398686,5918900
2021-01-13,62.87873840332031,63.303282117754,62.17732202713075,63.007947053741724,5724800
2021-01-14,62.77722930908203,63.589406184234285,62.67571424103281,63.14639997584717,4167200
2021-01-15,63.18331527709961,63.294068585203725,61.87276615058457,62.30654113897838,6382900
2021-01-19,62.00196838378906,63.561710531222836,61.90967749062565,63.22022648104002,4990600
2021-01-20,63.02641677856445,63.423273977064746,62.16809804884726,62.32499327953841,4558500
2021-01-21,62.81413650512695,63.46941098368075,62.73107681579393,63.0817850174394,4314100
2021-01-22,61.75278854370117,62.94335315678406,61.69740836910011,62.64801804384161,5598500
2021-01-25,60.61759567260742,61.69741411982551,59.4639416799355,61.69741411982551,6892400
2021-01-26,59.5008544921875,60.79294826452965,59.454705519789904,60.79294826452965,7106200
2021-01-27,59.00246810913086,59.82386902191369,57.44272949500795,58.54100660570932,10471200
2021-01-28,60.442222595214844,61.217481542041,59.251651133500545,59.7684927784991,8267400
2021-01-29,59.1039924621582,60.94983854639296,58.85480281830587,60.12843760221601,5763400
2021-02-01,59.131683349609375,59.55622713505823,58.513326556108524,59.473167435040736,6122700
2021-02-02,60.75603103637695,61.31901470619124,59.48239261683562,59.69466803387405,5548000
2021-02-03,61.586666107177734,61.965060944609625,60.46992287736282,60.876011324568246,5477500
2021-02-04,63.294063568115234,64.43848616243217,61.337464194768756,61.78047035072523,9747500
2021-02-05,63.063358306884766,64.31853470802461,62.906463017078984,63.98628171705543,3762300
2021-02-08,64.57691955566406,64.61383731840662,62.77721558901666,63.25713946332661,4532700
2021-02-09,63.68168258666992,64.65075448604783,63.64476482426719,64.45693447309769,5492600
2021-02-10,63.55197525024414,64.08003075030047,63.27405539483175,63.681672596364976,4632900
2021-02-11,63.94106674194336,65.08055863652035,63.301846132377186,63.5797659854135,5796300
2021-02-12,62.99614334106445,63.76506855168897,62.72748246983504,63.292595497597446,5801500
2021-02-16,62.5329475402832,63.079528429857625,62.31061015028498,62.866457159269636,6293600
2021-02-17,61.9122314453125,62.217949673381455,61.23594631061233,62.1716261595616,7946400
2021-02-18,63.274070739746094,63.70022027577298,61.62504809862862,62.06046375247566,7690300
2021-02-19,62.708953857421875,63.66315896296961,62.4310268837,63.366706822722,4383600
2021-02-22,64.43209075927734,64.90455676803845,62.3383933276698,62.3383933276698,10511900
2021-02-23,65.06204986572266,65.83096801402775,64.08931246507888,65.17321500775486,10455900
2021-02-24,64.71927642822266,65.64569033979987,63.811387684967,64.37650073646728,13387100
2021-02-25,62.69969177246094,64.06152130892119,61.31007095043652,63.07025873859619,13410300
2021-02-26,61.13404083251953,63.28332043043093,60.58746011757386,63.28332043043093,9964400
2021-03-01,62.30132293701172,62.85716975779882,61.75474223249755,61.75474223249755,7006800
2021-03-02,61.337860107421875,62.6904234790977,60.92097670247225,62.412503565123544,8988400
2021-03-03,58.97550582885742,61.161839556658286,58.87359973943681,60.86538740597381,10689400
2021-03-04,57.94719314575195,59.70737756924105,56.650215707495065,59.225645414509735,11092400
2021-03-05,58.104679107666016,58.55861992532615,56.844755677935225,58.391865145862454,9185000
2021-03-08,60.38365936279297,61.00435499056019,58.61420892356121,58.99403848798304,13576800
2021-03-09,61.217437744140625,62.10679432040691,60.152060249204276,61.13405681025247,8975500
2021-03-10,60.77275085449219,61.47682740248535,59.735171802688775,61.36565518923047,7127800
2021-03-11,61.217437744140625,61.801076009446625,60.89319426341507,60.94877684068866,5645700
2021-03-12,61.92148971557617,62.34764624703121,61.29153517058786,61.39343417735449,5480700
2021-03-15,63.0146598815918,63.042458231066576,61.504608020356784,62.069720970752456,5256400
2021-03-16,61.81032943725586,62.820117079608536,61.53240247199707,62.820117079608536,5425500
2021-03-17,62.38471221923828,62.847919195863376,61.77328268544149,61.90298007345831,5138500
2021-03-18,61.625038146972656,62.838644938261105,61.421233063679786,62.1994172034594,4726700
2021-03-19,61.70842742919922,62.19942564133139,60.365130167027175,60.92097706627158,21044300
2021-03-22,61.60651397705078,62.338381682980376,61.032134911289646,62.01413828617004,5303900
2021-03-23,59.7814826965332,61.48608780133139,59.51282184047351,61.41197299938874,6030100
2021-03-24,59.59620666503906,60.661584041855875,59.59620666503906,59.75369532850514,4936600
2021-03-25,60.2910270690918,60.48557316820367,58.74391379360958,59.29049821539229,5505300
2021-03-26,61.18037414550781,61.458294071729526,60.3373341129547,60.88392198341841,6021900
2021-03-29,60.70790100097656,61.78254450459212,60.272485342372924,61.12479149171448,5319700
2021-03-30,61.625038146972656,61.8195912498934,60.25394978603453,60.46702098565121,6649700
2021-03-31,61.28227233886719,62.542195632322965,61.235948823146664,61.81959402213018,5763000
2021-04-01,61.12479019165039,62.21795883988104,60.74495711269965,62.014146657807665,5032000
2021-04-05,62.773807525634766,62.93129619152395,61.39344573267065,61.39344573267065,5534600
2021-04-06,62.66261672973633,63.30184438967979,62.49586199531521,62.7459976309344,4331300
2021-04-07,62.792335510253906,63.29259988432165,62.57926426284089,62.60705555007064,4800800
2021-04-08,63.95034408569336,64.04298405297098,62.727478140890014,63.01466415984357,5324100
2021-04-09,64.3394546508789,64.38577818179822,63.264817999740146,64.05226854951897,5124600
2021-04-12,64.40426635742188,64.55249591683285,63.48711892948323,64.24677775152851,4771300
2021-04-13,63.42228317260742,64.18194214926652,62.912759861371015,63.77431784589671,5035900
2021-04-14,63.56126022338867,64.17268974107714,63.40377155179985,63.57052634171077,3561700
2021-04-15,64.14488983154297,64.78411761827084,64.0244585814539,64.13563078244286,3799600
2021-04-16,64.8396987915039,64.92307970744805,64.20973713538915,64.60809534540255,5702900
2021-04-19,63.92254638671875,64.79337754127556,63.88548898993168,64.79337754127556,3556200
2021-04-20,62.764549255371094,63.644639738771815,62.106796155612386,63.477884934045804,4180100
2021-04-21,63.44082260131836,63.83918083353079,62.5885165005075,62.838652194302824,4644100
2021-04-22,64.08003997802734,64.6822103534315,63.39449575438595,63.68168176672702,4319200
2021-04-23,65.21026611328125,65.4881930774744,63.85770282802556,64.20973752375743,5302500
2021-04-26,64.18195343017578,65.72906293647324,63.978141242667924,65.3399707974003,3679700
2021-04-27,64.66370391845703,65.03426388637388,64.0430011294418,64.36725170333655,3551400
2021-04-28,64.80265808105469,65.16395898458308,64.31165977974575,64.59885293309817,3067300
2021-04-29,66.16448974609375,66.2293384468662,64.98794701265697,65.31219051651921,4121300
2021-04-30,65.775390625,66.58137330811628,65.35850717358187,65.95141153772113,5017600
2021-05-03,66.77591705322266,67.14648403483648,65.92361794309498,66.22932916504739,6706900
2021-05-04,65.6086196899414,66.35901254507499,65.16393799224785,66.35901254507499,5773800
2021-05-05,65.80318450927734,66.14596022968709,65.3399775147669,66.08111153317473,5769600
2021-05-06,66.47946166992188,66.80370511267837,66.00698861448987,66.22006691571669,5838700
2021-05-07,68.3508071899414,68.57314451691236,66.13667883308682,66.35901616005778,6347400
2021-05-10,67.61894989013672,69.15680038651732,67.60042472168827,68.72138471421734,5207500
2021-05-11,66.71105194091797,67.03529531952755,65.53450259399465,66.89633185213043,5567700
2021-05-12,64.64696502685547,66.56229067713393,64.62837273133319,66.29266337732399,5811500
2021-05-13,65.92076873779297,66.48792964469676,64.83293831383263,64.925913999937,5671800
2021-05-14,67.34330749511719,67.7245098806834,66.27406952672271,66.31126121446391,6542400
2021-05-17,66.95281982421875,67.31542999075212,66.32057518372122,66.87843643272713,6668800
2021-05-18,66.1438980102539,67.69661363454027,65.97653897272917,67.12945284590583,7720300
2021-05-19,62.64797592163086,65.19555391447756,61.76469618929041,65.19555391447756,16703100
2021-05-20,62.6386604309082,63.92174156239621,62.17377503772714,63.22441347262461,11980800
2021-05-21,62.33183670043945,63.54053451176808,62.090094300738365,63.25230782716305,6933800
2021-05-24,61.69960021972656,62.79673021398314,61.66240853085134,62.53639548544587,8965500
2021-05-25,62.54569625854492,62.83393011158595,61.85766765844134,62.22027780536013,6173600
2021-05-26,63.094261169433594,63.13145286098383,62.452716903974334,63.01987778633313,6769500
2021-05-27,62.51777648925781,63.28018813814192,62.40620855120807,63.224404169117044,8648800
2021-05-28,62.796714782714844,63.43825884438221,62.47129645200951,63.01055807421224,7523200
2021-06-01,62.47130584716797,63.68000369922113,61.93203705027616,63.466160375563504,5844000
2021-06-02,61.34628677368164,62.47130870540834,61.28120309477477,62.33184165243963,9170100
2021-06-03,61.216102600097656,61.53222834285974,60.211955584094696,61.33697733714839,7450600
2021-06-04,61.030155181884766,61.504340279487714,60.46299442233315,61.504340279487714,5671900
2021-06-07,60.73265075683594,61.2905120237324,60.49090827353082,61.03017723875344,6071200
2021-06-08,61.1324348449707,61.50434461255521,60.732633086195406,60.974375499163656,7058500
2021-06-09,60.46299743652344,61.36487629892116,60.42580575117224,61.11384128978641,5490900
2021-06-10,60.22126007080078,60.79772060162781,60.06320071501553,60.31424283875845,6684200
2021-06-11,61.14173889160156,61.23471456671794,60.27705163519955,60.27705163519955,7654000
2021-06-14,60.55598068237305,61.46715935355005,60.38862162414011,61.002273868857394,5101900
2021-06-15,60.807003021240234,60.881386377037586,60.221242961320094,60.60245233959112,7296400
2021-06-16,60.62105178833008,61.513637976097634,60.277041140933,61.34627895258973,7932700
2021-06-17,60.15617752075195,60.61177039282738,59.31938579531457,60.60247069713886,7570600
2021-06-18,58.91958236694336,59.84935683625722,58.80801084934354,59.63550640289855,11745700
2021-06-21,60.351436614990234,60.425812900904354,59.15202767466022,59.38447041541691,8811100
2021-06-22,61.281211853027344,61.41137922944448,60.10969837168315,60.20267405575396,5880300
2021-06-23,61.23469924926758,61.70888429541299,60.99295687956378,61.13242390414626,5415400
2021-06-24,62.26675796508789,62.35973363585809,61.41137044425964,61.83906420467377,6526300
2021-06-25,62.787437438964844,63.047772196196895,62.34115131044993,62.47131868906596,13165300
2021-06-28,61.82045364379883,62.750224370675106,61.40205965413959,62.545673675788294,6361800
2021-06-29,62.01569747924805,62.48058278896831,61.91342214362264,62.16446418328024,3272000
2021-06-30,62.68516540527344,62.852524485804246,61.82047800479601,61.894861394718696,5013700
2021-07-01,63.112831115722656,63.33598118599091,62.69443714774751,62.81530478228565,4418100
2021-07-02,63.45687484741211,63.55915023150322,63.0384807078323,63.20583978238227,3058700
2021-07-06,63.34528732299805,63.800880160303905,62.480600123280304,63.70789739769367,4133200
2021-07-07,62.89902114868164,63.76370862161769,62.6851706581314,63.549858131067445,4981300
2021-07-08,62.17378616333008,62.47131258446289,61.058056763889965,61.755384978444006,5686000
2021-07-09,63.55915069580078,63.65212638376545,62.703763016781345,62.76884670771564,4407400
2021-07-12,63.42897033691406,63.54053830220971,62.713042789519065,62.917593517346205,6072800
2021-07-13,62.889713287353516,63.53125758213738,62.73165391123262,63.22443143301552,3775000
2021-07-14,63.81948471069336,64.35875362558718,63.177940412161384,63.25232379909644,8748800
2021-07-15,63.28950500488281,63.66141478433884,62.9919786000358,63.57773171450644,4905700
2021-07-16,62.67585372924805,63.78227616990033,62.462003321693345,63.61491714029745,7819900
2021-07-19,60.46299743652344,61.95062938262804,60.091087676600125,61.52293564147226,8043800
2021-07-20,61.829769134521484,62.16448724920305,59.90514352189725,60.249161332428166,5312000
2021-07-21,62.74095916748047,63.140761038359685,62.10871451338289,62.35974959807877,3499500
2021-07-22,62.54569625854492,62.97339718969093,62.09011042408623,62.87112180531996,2884500
2021-07-23,63.391788482666016,63.61493154145557,62.5828851408677,62.991986659973506,4816900
2021-07-26,63.89385223388672,64.07980356146564,63.057057072604685,63.177924726172144,4861200
2021-07-27,63.64279556274414,64.13557994578504,63.25229360811111,63.614903579354184,3789300
2021-07-28,63.112831115722656,63.92173415987359,62.93617951041112,63.642800118831936,3123800
2021-07-29,64.00541687011719,64.4052185878855,63.373179551736484,63.577723164018906,4318600
2021-07-30,63.97754669189453,64.87942578781929,63.47546945003156,63.47546945003156,3668600
2021-08-02,63.17793273925781,64.33085381595929,62.99198138809401,64.33085381595929,5747600
2021-08-03,64.13558959960938,64.15418189347228,62.620058733823846,63.614913154805194,3832000
2021-08-04,62.527095794677734,64.02402757747241,62.508503497033345,63.54054271564628,6909000
2021-08-05,63.763694763183594,63.828778447276854,62.527097671822126,62.657265040008646,4340400
2021-08-06,64.44241333007812,64.71204771938416,63.94963592994891,64.2285700136692,3456900
2021-08-09,64.08909606933594,64.45170608296573,63.55912704221643,64.16347942946196,3190100
2021-08-10,66.41352081298828,66.79472310804101,64.26575278442645,64.26575278442645,7078200
2021-08-11,66.91743469238281,66.99208979450556,66.14290402673976,66.73080405657835,4264900
2021-08-12,66.76813507080078,67.1320698131479,66.06825947097897,67.00142693740804,4273300
2021-08-13,65.77898406982422,66.72148536707195,65.59235339212351,66.50685368016255,5389000
2021-08-16,65.64834594726562,65.7043408502525,64.67785068971239,65.62035205552445,4055600
2021-08-17,64.52853393554688,65.35905243952772,63.903313420325894,65.35905243952772,8008300
2021-08-18,68.12124633789062,68.74646702710514,63.36209219571981,64.09929557892251,14316300
2021-08-19,68.67179870605469,68.93309160849992,66.53485121578068,66.5628451040239,11723200
2021-08-20,69.09173583984375,69.43701044425696,67.7759659944757,68.22388961318731,7835600
2021-08-23,70.10887908935547,71.02338646816806,69.35301561305887,69.35301561305887,9979400
2021-08-24,70.27686309814453,71.07006140522027,70.08089871906274,70.23953553267583,7444800
2021-08-25,70.7434310913086,70.98605665258495,69.74494207777165,69.88491863695046,5365200
2021-08-26,68.90509796142578,70.17420657371571,68.4758416836666,70.17420657371571,6277300
2021-08-27,68.71846008300781,69.3716745417897,68.49450185706883,69.15704998512007,5087100
2021-08-30,67.9345932006836,68.89575453496246,67.84127076009126,68.75577799357661,4496600
2021-08-31,67.85994720458984,68.03725132211096,67.23472663791503,67.71063697520289,5829800
2021-09-01,67.2627182006836,68.48516540363735,67.14140186362486,68.27054085569296,4103200
2021-09-02,67.06676483154297,67.73863959184841,66.88012702075991,67.15074650676695,3813400
2021-09-03,66.32022094726562,67.03875686560103,66.21757194186003,66.64682818287262,5397900
2021-09-07,65.1817626953125,66.25490697872802,64.92047687733402,65.83498435976327,7085000
2021-09-08,65.15375518798828,65.44303483751237,64.44454588774849,65.42437461991534,7124900
2021-09-09,64.80847930908203,65.76964780381425,64.77115887465823,65.1817477288466,7613100
2021-09-10,64.26726531982422,65.46171889725211,64.22060408465708,65.27508107608844,6709400
2021-09-13,64.1086196899414,64.8271628232114,63.69803073329185,64.67785257024448,5820200
2021-09-14,64.83647918701172,65.06043738717591,64.08060869226551,64.74315674406573,7322800
2021-09-15,64.83647918701172,65.24706803406225,64.27657300734703,64.57518631406688,5031800
2021-09-16,65.7696533203125,66.03093910021244,64.92980108527448,64.98578886110917,5629800
2021-09-17,65.7043228149414,66.36687084246847,65.10708910387916,65.32172074748775,9208800
2021-09-20,64.49121856689453,65.40571890116132,63.91265204556957,64.82715949934071,5759800
2021-09-21,64.6591796875,65.70432989510395,64.61251846270837,65.16309101333566,6901300
2021-09-22,64.88314056396484,65.49903458285162,64.75249767259558,65.13509979696529,8418600
2021-09-23,65.97493743896484,67.1320702305739,65.28439550297433,65.29372917115744,6595300
2021-09-24,66.34819793701172,66.59082344430965,65.50834588828965,65.68564996510375,4802100
2021-09-27,66.38552856445312,67.75728578773149,66.32954079844251,66.7214693995214,5228400
2021-09-28,65.39636993408203,66.3108699548792,64.84579749260047,65.8162923959478,5431400
2021-09-29,65.22843170166016,66.24558120279194,65.15377656776826,65.77899729522571,3671300
2021-09-30,61.570396423339844,64.71516642566131,61.39309231537399,64.56586332382417,10900200
2021-10-01,62.158302307128906,62.57822493270799,61.131819240543045,61.869022592596856,6787000
2021-10-04,61.45840835571289,62.522218671002584,61.25311037916531,61.906324741359825,6503500
2021-10-05,60.758544921875,61.878343229391746,60.478591785243815,61.505081873222174,9136300
2021-10-06,60.03067398071289,60.70255579814632,59.27480693610029,60.18931076552249,10030200
2021-10-07,60.63722229003906,61.85966933614839,60.441250866011636,60.46925186908872,6213800
2021-10-08,60.413272857666016,60.94517814386426,60.3292911848736,60.5905769929002,5352100
2021-10-11,58.808223724365234,60.43193694627525,58.742902275873355,60.25463282058133,8466100
2021-10-12,58.761566162109375,59.340129089696006,58.64025337479619,59.16282852343209,5157400
2021-10-13,59.25614929199219,59.90003728694979,59.125506382798555,59.28414318403302,7218100
2021-10-14,59.85336685180664,60.24529551913101,58.5282706225651,58.71490128714714,7946100
2021-10-15,60.04934310913086,60.62790967542348,59.96536142924422,60.32929628109614,5633900
2021-10-18,60.31995391845703,60.459930484269975,59.43344397439624,59.704063436433565,4244600
2021-10-19,59.62940979003906,60.50658247403747,59.22814744583107,60.34794569410734,6146000
2021-10-20,59.59208297729492,60.68388735093551,59.433442635630236,59.82537487522686,5953900
2021-10-21,60.357269287109375,60.3945968384208,59.62939983529259,59.62939983529259,3970700
2021-10-22,59.872039794921875,60.431938960586756,59.302803399550996,60.2919623892945,4272500
2021-10-25,60.89851760864258,61.262452391364256,60.03999803346243,60.03999803346243,5969400
2021-10-26,60.963836669921875,61.71970009378713,60.89851522735948,61.281110213938256,6075800
2021-10-27,60.24529266357422,61.11313873980243,59.9373527935602,61.11313873980243,4573000
2021-10-28,60.8425178527832,61.02915562356654,60.43192899606583,60.487916767549336,3829700
2021-10-29,61.11314010620117,61.57972387547634,60.41326445228841,60.65589000577243,8269300
2021-11-01,62.195613861083984,62.55021493986535,61.07580861526944,61.150463722224316,7424400
2021-11-02,62.82084274291992,63.34341432230663,61.84101391206604,62.40092016941329,7510200
2021-11-03,63.85667419433594,64.11796004476169,62.47558268843566,62.47558268843566,6308700
2021-11-04,65.07908630371094,65.28438425133962,63.837979190367555,64.04327001849465,8238700
2021-11-05,66.44154357910156,67.07609795897018,66.11493627758945,66.20825163237788,8726100
2021-11-08,65.21908569335938,66.48819425143839,64.91113866393489,66.16158700182336,6713700
2021-11-09,65.26592254638672,65.80918251218161,64.88189173212483,65.38768475413157,4298800
2021-11-10,64.59152221679688,66.04333570117757,64.53532538254062,65.35957658467942,5950600
2021-11-11,63.89838409423828,65.1160270923699,63.795351829138994,64.70390517805859,6047500
2021-11-12,64.441650390625,64.65707631515961,63.8609236687612,64.34797948838921,8504700
2021-11-15,64.92872619628906,66.01524611110978,64.77886556953821,64.9193576739644,6333200
2021-11-16,65.0973129272461,65.88409716415842,64.01079319502904,64.97555074184419,9819300
2021-11-17,68.89075469970703,72.06600428086726,68.56292079596501,71.93487357780539,21456600
2021-11-18,68.46925354003906,69.10617712792214,67.24224181844592,68.93757949742111,9466400
2021-11-19,66.52102661132812,68.20700318928031,65.74361082724454,68.17890477066247,8162000
2021-11-22,65.45323944091797,67.41084584446563,64.8537827302832,67.11111748914824,7021300
2021-11-23,66.45545959472656,66.75518796265347,64.62899096924822,64.99428469434389,7110200
2021-11-24,66.95187377929688,67.01743911942505,65.20033234146405,65.27526620049228,4960400
2021-11-26,64.96617889404297,65.99649459508205,64.66645056017548,65.4907016917893,4737200
2021-11-29,66.19319152832031,67.71993877886032,65.79979942475637,67.26097417861514,5813500
2021-11-30,65.00364685058594,66.10889643898295,64.10446183485253,65.83726651557069,9925200
2021-12-01,63.70168685913086,67.13919703099418,63.664219931988335,66.38987278031492,8014400
2021-12-02,65.79979705810547,66.01523014292985,63.67360035438518,63.711060142445334,6050400
2021-12-03,66.2119369506836,66.42736292443944,65.36894866055859,66.05270066815187,7970100
2021-12-06,68.03839111328125,68.84391229137061,66.70834717591012,66.97060855555101,7782500
2021-12-07,69.42464447021484,69.90233181515332,67.80423346728985,68.27255943799696,7976000
2021-12-08,69.63070678710938,70.052204478014,69.17174930447285,69.5183131197383,8158900
2021-12-09,69.33097839355469,69.95854066908753,69.21858472624373,69.37781385232606,4901400
2021-12-10,69.99600982666016,70.08030507981661,69.26541523553124,69.50894676590755,5123800
2021-12-13,68.49737548828125,70.08032005484495,68.24448252868483,69.63072383700865,6883900
2021-12-14,68.31940460205078,69.02189365793886,67.99157065909911,68.07587306177155,6972700
2021-12-15,68.43179321289062,68.56292392193109,66.8113892457102,68.20699873254807,5940800
2021-12-16,68.81584167480469,69.98665698260771,68.7971046280697,69.49959381275151,9558000
2021-12-17,69.33097839355469,69.84613985568888,67.76677125738388,68.8158240775082,11378800
2021-12-20,67.88854217529297,68.56292563315215,66.81139091321576,68.32876262600875,7263300
2021-12-21,69.42464447021484,69.71500428530535,68.16952715275443,68.44115707329502,6644300
2021-12-22,69.31224822998047,69.71500887716034,68.80645529077171,69.33097812576405,4852400
2021-12-23,69.07808685302734,69.67754357742082,68.8439238467459,69.39654511144795,4625900
2021-12-27,69.5838851928711,69.80867969540532,69.05936230492843,69.0687236807214,3165300
2021-12-28,70.033447265625,70.52987868919087,69.47145765236598,69.47145765236598,2982500
2021-12-29,70.67977142333984,71.11063056116036,69.96791377794169,70.00538072202464,2884100
2021-12-30,70.74532318115234,71.3073129421204,70.57672553825317,70.57672553825317,2799100
2021-12-31,71.11063385009766,71.49466468514296,70.60484080071781,70.85774089845235,3193200
2022-01-03,70.7640609741211,71.73817275889708,70.70785699516615,71.02632238895214,4814900
2022-01-04,71.85993957519531,72.45002773790168,70.91391909389279,70.91391909389279,5905700
2022-01-05,70.38001251220703,72.43128214861815,70.33317706588085,72.09408694410986,5101900
2022-01-06,70.6891098022461,71.1761655754536,70.00535086996014,70.77340503092042,4059900
2022-01-07,69.66817474365234,70.64229370294268,69.4902157190167,70.18333621359506,5497700
2022-01-10,67.89789581298828,69.18111151849496,65.67803533173264,68.96567843219437,7964500
2022-01-11,69.50894165039062,69.91170228225765,67.51387553221437,67.89789912292252,5682300
2022-01-12,68.7596206665039,70.64228587474896,68.5816545155017,69.69627258363212,5654100
2022-01-13,68.01029205322266,69.44336825410923,67.77612908847422,69.35907301692134,6149400
2022-01-14,66.67088317871094,67.4108390444651,65.82789503126398,67.2797083488719,6631100
2022-01-18,64.54470825195312,66.19321102269421,64.40420898899161,65.79045028011886,9601600
2022-01-19,64.17002868652344,65.88409636649804,64.10446333424122,64.95681291391014,6621100
2022-01-20,63.06478500366211,65.16288362011176,62.99921964521331,64.32926385722499,6669000
2022-01-21,63.186546325683594,64.36672990753769,62.37165647100777,62.82125259850533,8652900
2022-01-24,64.68518829345703,64.76012217252651,61.67853607015269,62.24989439240338,10903800
2022-01-25,64.32925415039062,64.89124387316402,62.643277835983405,63.692330558957565,8265700
2022-01-26,64.72266387939453,66.46483749701535,64.03891179328414,64.82569619035729,7358200
2022-01-27,65.209716796875,66.76455544822201,64.86315297373777,65.9684026532132,6184700
2022-01-28,66.85821533203125,66.87695237332036,64.29179092415644,65.11604208869116,7180600
2022-01-31,67.4108657836914,67.53262800758708,66.31498433036097,66.57724582557614,4543000
2022-02-01,68.18827056884766,68.31940128121911,67.23288149746949,67.61691225947723,4461700
2022-02-02,67.46703338623047,68.50671753875679,66.8488468649397,68.10395694682238,5400500
2022-02-03,65.3876724243164,67.27971342535689,65.24718034421376,66.97061655695609,5802300
2022-02-04,64.79759979248047,65.35958968595679,63.85157906504032,64.8725336839011,4991100
2022-02-07,64.95681762695312,65.66867517915826,64.244960074748,65.18161211593286,4750800
2022-02-08,65.977783203125,66.24004467554553,64.61027184972569,64.91936164445609,4464500
2022-02-09,67.19050598144531,67.79218335774061,66.61703111145134,66.74864758923093,4041800
2022-02-10,66.41021728515625,67.42555076319162,65.84614552154602,65.93075305843483,3856000
2022-02-11,64.58639526367188,66.45724369260563,64.38897045323151,66.23160918990506,4807400
2022-02-14,63.91890335083008,64.87783196617582,63.55225628395166,64.67100394433407,6472000
2022-02-15,64.76500701904297,64.9718350162744,64.16332948485805,64.36075425333479,6474200
2022-02-16,63.082183837890625,64.71799408551946,62.283081584153415,64.3043452889439,5802000
2022-02-17,61.26774978637695,62.84715505307212,60.97631425794448,62.292486508950745,6591000
2022-02-18,62.18907928466797,62.527523819562255,61.07033167362506,61.22075465471698,6050800
2022-02-22,61.342960357666016,62.90356631687453,61.07972734588666,62.10445688067939,8055300
2022-02-23,58.75762939453125,61.89763366654515,56.26630447369069,57.272234802022574,25852500
2022-02-24,60.81650161743164,60.91991562338138,57.33804909167048,57.82690943315448,9786500
2022-02-25,62.78135681152344,62.84716507594077,60.459253924484514,60.769495959264596,6400700
2022-02-28,62.14207077026367,62.386504530067455,61.117341101093615,61.483988154518,7647800
2022-03-01,60.07380676269531,62.367699929183075,59.7165593418744,62.198484828003394,6279400
2022-03-02,62.16087341308594,63.533450764919415,60.553265545406404,60.58146805969799,8125200
2022-03-03,61.77541732788086,62.160870800497804,61.1079315516396,62.07625608861723,5186300
2022-03-04,58.79523468017578,61.28655958161483,58.46618980636023,61.03272260797242,8971500
2022-03-07,54.83732604980469,59.23709435777821,54.592892285523114,58.70122502583652,11448700
2022-03-08,56.407325744628906,57.43205897244091,54.4518700640668,54.68690058800276,11952400
2022-03-09,57.52606964111328,58.89865062393448,57.48846748292677,58.00553391737336,5773800
2022-03-10,58.33457565307617,58.36278175477898,56.003073272818725,56.23810379808195,5809100
2022-03-11,57.75169372558594,58.76702360276419,57.59187112354631,58.56959884696297,5300600
2022-03-14,57.58247756958008,58.372180262556995,57.30044166200571,57.855113834290464,4889200
2022-03-15,58.02433395385742,59.0678700010087,57.69528908526791,58.06193611020625,6422200
2022-03-16,58.79523468017578,59.83877074390096,57.86451225985085,58.69182067944178,8278000
2022-03-17,58.52259063720703,58.97384873706797,57.77049380410546,58.16534329662856,8139200
2022-03-18,58.70122146606445,58.87044372760312,57.57307783751488,58.287569041348355,11728300
2022-03-21,57.33804702758789,59.06787179191647,56.858582760222944,59.06787179191647,7342900
2022-03-22,57.46966552734375,58.56960667345904,57.32864577648122,57.75170144278757,13372400
2022-03-23,55.918460845947266,57.09361344506254,55.862052230128526,57.00900231447499,8240700
2022-03-24,56.47312545776367,56.71755917398183,55.44839238503516,56.15348385013421,8633000
2022-03-25,57.62008285522461,57.761099014749426,56.44493026111225,57.10301643107139,10110400
2022-03-28,58.287567138671875,58.296966781214465,56.7457675494539,56.7833732921863,10417000
2022-03-29,60.459251403808594,60.62847367276405,58.87984953735986,58.889249180621256,9812500
2022-03-30,58.287567138671875,59.94218036980601,58.12774811148073,59.58493657269132,7937100
2022-03-31,56.952598571777344,58.484995013525634,56.86798743927802,57.91151995839478,10282200
2022-04-01,57.24403381347656,57.385053562295035,56.435528237650516,57.08421477867807,5762000
2022-04-04,58.35337829589844,58.56960594793626,56.820978273051686,57.16882603119535,5855000
2022-04-05,58.01493453979492,58.36278230257186,56.567145629877025,56.773973641659936,6130300
2022-04-06,56.90559005737305,57.43205972898593,56.200498476277104,57.2628374626204,8641500
2022-04-07,57.657684326171875,58.043134205025396,55.90905682191124,56.36971459634843,7628300
2022-04-08,57.87391662597656,58.57900818707446,57.23463332367864,57.591877132512494,7604400
2022-04-11,58.15595245361328,59.56613557388021,58.07134132294602,58.26876609907592,6230000
2022-04-12,59.06787109375,60.20541793223919,58.60720970371496,58.66361831870325,5873900
2022-04-13,59.885772705078125,60.17721181899991,59.002055721184085,59.29349483510586,6107600
2022-04-14,58.955047607421875,60.534452796675744,58.82343110603083,60.036189302472316,6511000
2022-04-18,58.70122146606445,59.331105125409735,58.381579814967104,58.68241859408448,4521800
2022-04-19,61.512184143066406,61.70020567830934,58.69181807905155,58.823434588233965,9021100
2022-04-20,62.78135681152344,63.392437651148875,62.21728494900876,62.28309321342609,7942800
2022-04-21,61.99165725708008,64.20094288899716,61.803628522356874,63.55225630618707,7815200
2022-04-22,58.955047607421875,61.45577547897441,58.879839715033,60.47804777395426,5424600
2022-04-25,59.59433364868164,59.64133903193224,57.60127599135311,58.56020087204499,6331700
2022-04-26,57.74230194091797,59.46272723286498,57.74230194091797,58.898655365563826,5744200
2022-04-27,57.789306640625,58.29696984910412,57.09361470858886,57.732898023557894,7501700
2022-04-28,59.547325134277344,59.895169255578274,57.99612246460778,58.61660281521947,4236400
2022-04-29,57.610679626464844,59.25589325823101,57.40385520857111,59.00205986754764,6981400
2022-05-02,58.56959915161133,58.607204891849285,56.914986030229656,57.986724523046064,8136500
2022-05-03,58.306373596191406,58.926854044314695,57.64828740302277,58.90805117179202,4447700
2022-05-04,60.233619689941406,60.29942794679387,57.591875428146174,58.268764454378356,4747200
2022-05-05,58.01493453979492,59.73535972228461,57.272237212284686,59.19949040655729,5940400
2022-05-06,56.79277801513672,57.554278235323245,55.486008821677416,57.554278235323245,6099000
2022-05-09,55.598812103271484,57.46025315246821,55.30737659108675,56.20048958346267,8264800
2022-05-10,52.83485794067383,56.322709754323704,52.14856930033189,56.012471354354744,9331900
2022-05-11,51.970115661621094,53.56730463083764,51.84725386238735,53.321581032370155,8399600
2022-05-12,52.924644470214844,53.198719387184866,51.497570821683304,51.62042900774135,8510600
2022-05-13,54.04928970336914,54.40842221449597,52.99079786580102,53.60510319231756,8036400
2022-05-16,53.03805160522461,53.72796169306895,52.5088074858948,53.529495148320265,7952300
2022-05-17,53.10420608520508,53.12310817555636,50.74149886937135,52.7734285170704,13982300
2022-05-18,56.88454055786133,59.57802908564384,55.769342406182446,58.07534707483621,26649700
2022-05-19,58.037532806396484,59.44570772107607,55.759883473142416,56.345833781538474,13905700
2022-05-20,54.69194793701172,56.563211698512006,52.66002180853458,55.39131088878306,15719000
2022-05-23,56.997947692871094,57.76346249016516,54.57853431124349,54.91876471235416,9251700
2022-05-24,56.402549743652344,56.58211420309236,55.26844950273389,55.94891036832602,6998800
2022-05-25,57.85797119140625,58.37776601954459,55.75988618468966,56.18517417324097,6851700
2022-05-26,60.58926773071289,60.768835796260426,58.44392902887428,59.379562723764536,10821900
2022-05-27,61.04290008544922,61.27917080671585,59.88990141720754,60.27738525587661,6524400
2022-05-31,60.078914642333984,60.71211840190334,59.19053808847097,60.71211840190334,7561200
2022-06-01,59.06768035888672,60.891690616785546,58.840858880018345,60.825535103200004,4158800
2022-06-02,60.26793670654297,60.381345644598,59.23779620576316,59.483516172416586,3436900
2022-06-03,58.623497009277344,60.36244986378405,58.5100880593676,60.107277022582984,4894200
2022-06-06,58.3399543762207,59.105472657654374,58.009176874788835,58.99206013841684,3905100
2022-06-07,57.69731521606445,57.914683868870334,56.01506866509387,56.61992119554597,6706100
2022-06-08,58.05644226074219,58.954271727896014,57.19641697446339,57.735113933714665,4250000
2022-06-09,57.319271087646484,58.27380309314573,57.319271087646484,57.810710952423264,3852300
2022-06-10,55.73153305053711,56.98849128135616,55.53306292549855,56.128466090204796,4862700
2022-06-13,54.181602478027344,54.890414628047346,53.898074733855324,54.143798298110404,7137400
2022-06-14,54.181602478027344,55.11723249713893,54.030385758359586,54.21940305273926,5863800
2022-06-15,54.465126037597656,54.99437012998464,53.71850971560317,54.38951767856809,7151900
2022-06-16,53.624000549316406,53.85081840617058,52.88683350152826,53.42553041806296,9118900
2022-06-17,53.51059341430664,54.20995635477541,52.94354510975752,53.35938029274653,12330100
2022-06-21,54.33281326293945,55.07942595565992,53.898072422944466,54.59743530060216,6140000
2022-06-22,53.935882568359375,54.56909000665539,53.614554227702875,53.78466944365074,6373500
2022-06-23,54.15325927734375,54.606898719051074,53.2554296383538,54.22886765356454,4435500
2022-06-24,56.93179702758789,56.99795254396714,54.417876589560855,54.64469447280248,7373800
2022-06-27,56.52540969848633,57.555550206457575,56.25133479150197,57.4043370862602,5093800
2022-06-28,54.3233642578125,57.26257263191845,54.285560076842714,56.8278353663813,5850400
2022-06-29,53.95478439331055,54.370619582905654,53.62400681126958,54.181605881856676,3741100
2022-06-30,52.78287887573242,53.557846570496096,52.4993547248783,52.990798268787856,5708300
2022-07-01,52.96244430541992,53.03804905946446,51.55426925863982,52.546605539957476,5391800
2022-07-05,54.417877197265625,55.10778730807169,52.29144059080112,52.395396685411384,8365000
2022-07-06,54.78644943237305,55.44800448843866,53.93587349571059,54.682489750647115,5698600
2022-07-07,56.222984313964844,56.66717083337851,54.86206260626619,54.994373637802404,6823900
2022-07-08,55.70317840576172,56.49704809443977,55.64647574563062,56.11901714114839,5960500
2022-07-11,55.19283676147461,55.826040504674836,54.937663973777504,55.4385567022914,4086300
2022-07-12,55.74098205566406,56.317483129578136,55.06997414562183,55.11722756368591,5367300
2022-07-13,55.83549118041992,56.17571794558175,54.58797862067472,54.84315139844956,5630600
2022-07-14,55.52360916137695,55.750430597858056,54.80534788872824,54.84314845713807,4195900
2022-07-15,57.23421859741211,57.25312068700485,56.12846979006914,56.28913574900494,7248800
2022-07-18,57.16806411743164,58.349417699245606,57.13025993756439,57.65950403488583,7520700
2022-07-19,59.209442138671875,59.31339822405269,57.64060474806221,57.933578124944006,5848000
2022-07-20,59.57802200317383,59.7953906197517,58.907014064363246,59.10548059186414,4128900
2022-07-21,60.23958969116211,60.28684311830496,59.2472496951353,59.49297328460675,2966200
2022-07-22,60.25849151611328,61.10907127783279,59.71979448538968,60.48531302625219,5040100
2022-07-25,59.814300537109375,60.25848707033471,59.29450563768081,60.10727394313357,5311500
2022-07-26,57.328731536865234,57.933584047336815,57.045207373232344,57.62170854890224,7473500
2022-07-27,57.46104049682617,57.93358195420995,56.52541043012121,56.99795188750499,5908600
2022-07-28,57.829620361328125,58.188752866626324,57.130261046237266,57.66895800158201,5588900
2022-07-29,57.801273345947266,58.36832167649582,56.79003487317229,57.9713885661529,6669200
2022-08-01,59.209442138671875,59.38900658273507,57.41378327722004,57.48939163590242,6196900
2022-08-02,58.254905700683594,59.05822827808119,57.72566161743381,58.88811307840664,5947300
2022-08-03,59.748138427734375,60.07891598036806,58.519527848912254,58.82195767515511,3711800
2022-08-04,59.80484390258789,60.43805131123402,59.54967109061454,60.21122983218933,3445700
2022-08-05,59.37010192871094,59.63472396225959,58.81250292572998,59.05822647562928,2640400
2022-08-08,60.18288040161133,60.740475861261075,59.889903399668825,59.918258338698884,4694100
2022-08-09,59.256690979003906,60.06946274597777,58.81250091909849,60.02220572285233,5572400
2022-08-10,59.85016632080078,61.0086190795631,59.7267273649227,60.448384144681874,5284900
2022-08-11,61.160552978515625,61.98665730129954,60.55283759798023,60.6952680038145,4339900
2022-08-12,62.16707229614258,62.195557651978426,60.76173799302714,61.217521797639094,5058400
2022-08-15,62.072113037109375,63.04065126971945,61.79674254830486,61.958164379657426,5306500
2022-08-16,63.28753662109375,64.36052598223664,61.93917677020735,61.93917677020735,7562200
2022-08-17,65.08219909667969,66.25014227961634,62.16707903983079,62.64185434058466,12745900
2022-08-18,64.57892608642578,64.85429657753858,63.57239771506648,64.36052630226916,6770700
2022-08-19,63.05015182495117,64.40800926891403,62.888729985859975,64.20860454218459,6078500
2022-08-22,61.14155578613281,62.67033266245847,60.58132084926032,62.67033266245847,4734900
2022-08-23,60.66677474975586,61.42641797097605,60.47686394445081,61.06558418087386,4163700
2022-08-24,61.12256622314453,61.67329998867781,60.068561002030364,60.429391194040456,5563000
2022-08-25,61.80623245239258,62.17656377568691,60.26796543106927,60.58131518149693,6919000
2022-08-26,59.71723175048828,62.42344928935569,59.70773783905707,61.98665691856442,4409900
2022-08-29,59.93562316894531,60.514849520870825,59.299426108468104,59.394379704219254,4351400
2022-08-30,59.40387725830078,60.49585809881794,58.88162161474095,60.2869594636415,4707400
2022-08-31,59.204471588134766,59.66025901080133,58.73919387660714,58.99557294351421,6310100
2022-09-01,60.61930465698242,60.68577290285183,58.929105909592856,59.289932495098846,4530800
2022-09-02,60.31544494628906,61.312472193143094,59.94512085079307,60.9421480976471,4055300
2022-09-06,59.71723175048828,60.63829691597021,59.07153710573258,60.32494350502357,4359200
2022-09-07,62.51839065551758,62.641836835694825,59.63176038649432,59.67923717885298,4732800
2022-09-08,63.11662673950195,63.145112097118165,61.4074328375711,61.739774083919926,4956800
2022-09-09,63.259063720703125,63.610392807006924,62.784288419647254,62.90772738990316,4376300
2022-09-12,63.600887298583984,64.37951831622472,63.1356023988455,63.61037758629702,3635000
2022-09-13,61.302978515625,62.6798310997619,61.12256884525189,62.04362675319739,5416900
2022-09-14,61.11307144165039,61.82523432459893,60.49586216086256,61.6258295867128,4648100
2022-09-15,61.60683822631836,62.499418078223464,61.246011618599404,61.40743347643452,4366100
2022-09-16,61.3979377746582,61.95816908287745,60.780728511140445,61.0371039542503,6657200
2022-09-19,62.23353958129883,62.281012758794496,60.93265281039704,61.008618587784426,4047700
2022-09-20,60.50536346435547,61.72078703453151,59.593792164475474,61.67330660824504,4707100
2022-09-21,59.78369140625,61.72077506215545,59.78369140625,60.79021249671767,3093300
2022-09-22,58.881622314453125,60.14452616243628,58.85313695982863,59.83117277257669,5146200
2022-09-23,58.178955078125,58.75818141796707,57.64720553516808,58.530287721771984,4677700
2022-09-26,57.26738357543945,58.8816162913282,57.12494957239178,58.292896081742335,5108300
2022-09-27,57.51427459716797,58.57777016331471,56.79261779713033,57.86560727466999,4400200
2022-09-28,59.16648864746094,59.527315203148646,57.67569476087708,57.979550608954845,6416700
2022-09-29,58.24542999267578,58.84364784427239,57.71368038878459,58.73919670580735,4500700
2022-09-30,58.98607635498047,60.17301448620249,56.764128028442926,57.732669978189826,8322100
2022-10-03,59.726722717285156,60.38191120143486,58.69171261718793,59.85016166355782,5927700
2022-10-04,62.119598388671875,62.24304460290171,60.913672316669995,61.04660882084355,5831300
2022-10-05,62.480430603027344,62.822269388877025,61.426428887406814,61.54037031969274,4066900
2022-10-06,61.80623245239258,63.26854094704788,61.62582280149958,62.71780721735523,5122500
2022-10-07,61.331459045410156,61.57834418667132,60.71425343675214,61.255500516517785,5153100
2022-10-10,61.08458709716797,62.06262298016345,60.42939491576511,61.72078421112679,3169400
2022-10-11,61.11307144165039,62.024639062485065,60.45787927109918,60.68577298743172,4251400
2022-10-12,60.65729904174805,61.37895597176767,60.410413834091145,61.170053661019274,4700900
2022-10-13,61.891700744628906,62.4424417632067,59.109517540876894,59.34690516152299,5318500
2022-10-14,60.343929290771484,63.13560625969316,60.24897569637349,62.51839702936392,4234800
2022-10-17,62.565879821777344,63.050152589417685,61.739768305743254,61.920185213088615,5570900
2022-10-18,63.458465576171875,64.40801613486548,62.95520493918361,64.00920663889316,4674600
2022-10-19,62.76528549194336,63.942726062677494,62.10060305148746,63.31602651088983,3190500
2022-10-20,62.0626220703125,63.45846248266628,61.910690510969964,62.94570433662843,3985200
2022-10-21,64.19912719726562,64.62642213969694,61.97717466092967,62.015157560512044,5865200
2022-10-24,65.68989562988281,65.80384428359051,64.27506759102768,64.5029576539486,5044200
2022-10-25,66.90531921386719,67.74092094410096,65.88930059236353,66.38307084915651,6383500
2022-10-26,67.33262634277344,68.24419391160636,66.85785111455868,67.19019232541001,4420100
2022-10-27,68.28218841552734,68.84241980277099,67.46557430451408,67.52254502335343,5216700
2022-10-28,68.84239959716797,69.30767723495252,67.65546167307886,68.2251904277428,6658900
2022-10-31,68.46258544921875,69.32667982917393,68.33914649972299,68.529053690408,5887400
2022-11-01,68.13973999023438,69.24121470742904,66.9243166149183,68.89937597755954,5222500
2022-11-02,66.74390411376953,69.02282671484716,66.7249090472507,68.04479087948975,4432400
2022-11-03,67.60799407958984,68.1207522293758,66.42105593040817,66.6584435602445,3886500
2022-11-04,67.59849548339844,68.67148483038291,66.5349964244044,68.13973892313321,4970400
2022-11-07,68.48157501220703,68.67148218763221,66.56347921573858,67.8833536450784,5189900
2022-11-08,67.88335418701172,68.98483609785548,66.90531846122477,68.93735568137295,4279400
2022-11-09,66.82023620605469,68.80348691993397,66.67721198903682,68.25999344036332,3797900
2022-11-10,70.55789184570312,70.80579998905179,69.1753414693427,69.5662665468219,5848100
2022-11-11,70.46253967285156,71.51137166909572,69.78556622732567,71.00602580655617,5988600
2022-11-14,69.6615982055664,70.71996693141027,69.54718468353691,70.04299358619235,6371000
2022-11-15,71.62580108642578,72.5602123814181,70.78672956902918,70.98696056081324,9634900
2022-11-16,75.3443832397461,75.70671220380474,70.89160993276568,70.92021331950433,12943900
2022-11-17,74.36229705810547,74.55299843293025,72.29323624422359,73.3706717325575,9709100
2022-11-18,74.52438354492188,76.26925538959426,74.12391435684604,75.29670398886724,6860200
2022-11-21,75.32532501220703,75.38253179196668,73.79021337619965,73.79021337619965,5493300
2022-11-22,76.38369750976562,76.70787897562508,75.02975031497401,75.80207097441586,8887400
2022-11-23,76.79369354248047,77.09880849428923,76.16438986246064,76.27881069733176,6499000
2022-11-25,77.26089477539062,77.39438210446869,76.45997080092226,77.2322913869473,2454100
2022-11-28,76.30740356445312,77.15600463447575,76.12623908618541,76.26926329142238,5328900
2022-11-29,76.43136596679688,76.74601050823581,75.72578178414298,76.60298629421064,4771300
2022-11-30,76.32649230957031,76.4313762623494,75.23951977578218,76.27881514030176,10392200
2022-12-01,76.03089141845703,76.65065811973487,75.10600980994424,76.65065811973487,6758800
2022-12-02,76.4599609375,76.93670341542527,75.18228731391355,75.61135990875404,4776700
2022-12-05,75.76390838623047,76.15484068237926,74.70553957776958,75.14414175364787,4443500
2022-12-06,75.66856384277344,77.37530272273176,75.21088788032974,76.60297499076506,4864100
2022-12-07,75.70670318603516,76.19298252620946,75.23949761775691,75.50647222820162,5222800
2022-12-08,75.02020263671875,76.66019805629253,74.83903815272687,76.27880258844759,6358500
2022-12-09,74.42902374267578,74.76274925386468,73.19902743505628,74.01902497346929,6594700
2022-12-12,75.09648132324219,75.11554782263063,74.18113658781758,74.91531684374212,5570200
2022-12-13,75.47786712646484,76.93669783926204,74.89624076358967,76.93669783926204,5808900
2022-12-14,75.60182189941406,76.18344829580501,74.9057746911959,75.68763205239988,4749300
2022-12-15,75.00113677978516,75.792523834794,74.20974245026275,74.82950918150938,5929500
2022-12-16,74.03810119628906,75.039255939482,73.83787024765047,74.54344701064058,12375900
2022-12-19,74.45762634277344,75.0201861711385,74.01902419709675,74.3718162004617,3914200
2022-12-20,73.98090362548828,74.74369459681984,73.86649007194823,74.60067038038093,3953200
2022-12-21,75.1727523803711,75.53508132869534,74.64834000573755,74.91531463638925,4109900
2022-12-22,74.77230072021484,74.77230072021484,73.71393166417353,74.51486294081938,3962100
2022-12-23,75.80206298828125,75.80206298828125,74.38137227228299,74.71509059154248,2318300
2022-12-27,75.35391235351562,76.27879389339506,75.2490284299512,75.945075625014,3351500
2022-12-28,75.02973175048828,75.63996152601223,74.61019605187329,75.28716948176665,3052500
2022-12-29,75.64949798583984,76.17391765658148,75.2776394100461,75.44926700460579,2569600
2022-12-30,75.89740753173828,76.01182835506563,74.97252588142112,75.24903741524372,3074100
2023-01-03,75.33485412597656,76.25973576738814,74.89625188588195,76.02136451030323,4264700
2023-01-04,76.14531707763672,76.84135709408993,75.55415372468559,76.14531707763672,4262700
2023-01-05,76.8985595703125,77.17507106759956,75.87833100594906,76.35507346171725,4762600
2023-01-06,78.87227630615234,79.21553147045384,77.10833060180533,77.35623145140195,4673100
2023-01-09,77.71855163574219,79.26319242662771,77.63273421707518,78.63389621262192,5960800
2023-01-10,78.60530090332031,78.66250767196492,77.61367569124127,77.70902273048655,3914400
2023-01-11,78.44320678710938,79.16785741508525,78.09042199712475,79.06297348441059,6035000
2023-01-12,78.10948944091797,78.48134800889407,77.27996214674663,78.3478606908777,5268800
2023-01-13,77.73760986328125,78.70063148971235,77.48017218368666,78.02365819572971,4649900
2023-01-17,77.75669860839844,78.25250756902633,77.50879049082815,77.76622822000726,5283100
2023-01-18,76.09762573242188,78.17622305599703,75.96413843155568,77.87110818622968,4448800
2023-01-19,75.71623229980469,76.4027352528313,75.63995176907558,76.02134714820934,5280800
2023-01-20,75.84020233154297,75.84020233154297,74.867643499357,75.46834374115235,10633100
2023-01-23,75.4874038696289,76.25973164752888,75.25856951205373,75.95461674592428,6463900
2023-01-24,77.5183334350586,77.53739993427898,75.3729921843597,75.69717359269896,7853700
2023-01-25,78.80552673339844,78.80552673339844,76.65064886919801,77.08925104075875,5111900
2023-01-26,78.62437438964844,79.1964639504813,78.00460766769889,78.94856308131224,5161200
2023-01-27,78.08088684082031,79.12971889629816,77.90925924814115,78.85320737061988,3920800
2023-01-30,77.71855163574219,78.37645123113296,77.44204015816726,78.09041014277108,4289000
2023-01-31,78.05229187011719,78.18577920386998,77.518342535106,77.7185735357352,4795500
2023-02-01,78.58623504638672,78.91995335461547,77.26089142619716,78.17623618927325,5355400
2023-02-02,76.6506576538086,78.70065183426048,76.52670722411175,78.49088397284032,9315300
2023-02-03,76.77459716796875,77.30855363235312,76.09762379523441,76.47901919136264,9091000
2023-02-06,76.42182922363281,78.02368441980946,76.31694528478387,76.76508442813594,4855100
2023-02-07,76.14531707763672,76.20252385309489,74.57206528191425,75.59229399982893,5448400
2023-02-08,76.8582763671875,77.52819476990001,75.45145575312294,76.00652912356044,6417800
2023-02-09,77.28895568847656,78.16941254623083,77.23152950976396,77.23152950976396,4560900
2023-02-10,76.80086517333984,76.94441965265226,76.36063679120348,76.61902901277851,3547300
2023-02-13,77.0975341796875,77.50905310012259,76.78172310703835,76.92527027574994,5669600
2023-02-14,77.25067901611328,77.64305353843936,76.68603324795528,76.9635700083739,3736300
2023-02-15,77.18367004394531,77.40378057103806,76.61902440632628,76.90613334768967,3389300
2023-02-16,76.19794464111328,76.90613748603846,76.01610848169955,76.25536351188222,4739800
2023-02-17,76.39891815185547,76.67645486363239,75.99697145265472,76.20750974641409,4926200
2023-02-21,75.43233489990234,76.20751895654423,75.2217892792132,75.69072715162132,7122600
2023-02-22,74.13077545166016,75.2026405832563,73.51828317688631,74.83896827533918,10844400
2023-02-23,74.40830993652344,74.62842776377946,72.92492591751697,74.51358272762627,6463800
2023-02-24,73.87238311767578,74.36045810673272,73.20246467347623,73.86281087235588,6312100
2023-02-27,73.59484100341797,74.66669875294323,73.19289434734598,74.66669875294323,5270000
2023-02-28,73.3077392578125,73.958513227265,73.14504759082038,73.69054876363468,5626300
2023-03-01,73.55657958984375,73.60443352462323,72.48471424355712,72.83881437706346,5512900
2023-03-02,73.41301727294922,74.16906409278283,72.80052494068887,73.8819551176363,4878500
2023-03-03,74.56144714355469,74.58058433486468,73.49915413947552,73.75754638032615,3864100
2023-03-06,74.8868179321289,75.40360962854142,74.16905290402543,74.32217961473289,5819900
2023-03-07,73.6714096069336,75.26005915667416,73.53742007721202,75.20264028785337,5224700
2023-03-08,73.86280059814453,74.43701111224095,73.26944559607128,74.11162783146335,3811600
2023-03-09,71.747802734375,73.69055249556605,71.31713928045833,73.4417252089576,7948600
2023-03-10,71.10660552978516,72.56127305691608,71.00133272107672,71.8052262041395,4880200
2023-03-13,70.37925720214844,71.31713278695709,69.78590212702602,70.32183833411469,5484600
2023-03-14,71.54682922363281,71.79564920822533,70.80991961142011,71.39370249328262,4303800
2023-03-15,70.97261047363281,71.29799378620001,70.09214647774957,70.51323763658574,6420700
2023-03-16,71.39370727539062,71.69038850994542,70.40797761255905,70.5993787368329,5314400
2023-03-17,71.27886962890625,71.55639906907638,70.42711491059407,70.85777839308696,7790200
2023-03-20,72.1593246459961,72.4942802561898,71.3554238800465,71.38413331785101,4368400
2023-03-21,73.07804870605469,73.81495090269868,72.73352091758954,72.94406648848305,4539400
2023-03-22,71.90091705322266,73.60441895425198,71.88177986399036,73.51828334899697,3820700
2023-03-23,71.42240905761719,72.57083758460682,70.96304348800861,72.00619191600299,5003700
2023-03-24,71.65210723876953,71.73823555474492,70.48454139009269,71.2405882478668,4643500
2023-03-27,72.14016723632812,72.4655578433151,71.55638443388143,72.11145780366408,3873900
2023-03-28,72.93450164794922,72.95364613896477,72.15931769595089,72.58997382450907,3209800
2023-03-29,73.25989532470703,73.52785979818283,72.84837636858798,73.10676859615842,3766400
2023-03-30,73.60441589355469,74.51358202470226,73.30773471166195,73.968080885717,3034000
2023-03-31,74.99210357666016,75.03995750733095,73.83411000897698,74.09250225073905,5104800
2023-04-03,75.47061157226562,75.48974876310932,74.64757363778159,74.73370194880494,4464500
2023-04-04,75.26007843017578,75.97784368018495,75.18351505115157,75.79600748037387,3102800
2023-04-05,74.68583679199219,75.37489231516774,74.51357291119831,75.31746615391465,3893900
2023-04-06,74.69540405273438,74.81981400776489,74.05419518831599,74.54227736825172,3085900
2023-04-10,75.01123046875,75.21220380730058,74.11163656783079,74.11163656783079,3899100
2023-04-11,74.97297668457031,75.5184853369369,74.59973930246736,75.34622136815966,4367200
2023-04-12,73.40343475341797,75.13564600512768,73.1737519863371,74.88681874825802,4828400
2023-04-13,73.88196563720703,74.10208352302512,73.25033602402942,73.70013674177704,5033000
2023-04-14,73.87238311767578,74.7432676032062,73.30773746754353,73.90109255215162,3927000
2023-04-17,74.27433776855469,74.29347495976292,73.6618454291064,74.1212110329503,4362200
2023-04-18,74.41790008544922,74.69543684681136,74.10208163615933,74.35090895694701,3087100
2023-04-19,74.65713500976562,74.68584444259174,74.14034331444533,74.27432553528948,2476900
2023-04-20,75.67157745361328,75.80555968073011,74.40831123973754,74.637994014583,4634400
2023-04-21,75.05909729003906,76.28408202206175,74.99210616567798,76.01611752461741,4009600
2023-04-24,75.15478515625,75.4993129666111,74.78154791193944,75.41318466476268,4041900
2023-04-25,73.53742218017578,75.08779739602808,73.46086612005338,74.94424291838702,4275800
2023-04-26,74.13077545166016,74.55186662862361,72.953644827307,73.15461817045306,5043300
2023-04-27,75.54717254638672,75.59501917272313,74.50401679206736,74.50401679206736,5084000
2023-04-28,75.43233489990234,75.64288052059149,74.78156084571995,75.49932602453208,3448000
2023-05-01,74.95380401611328,75.72898785800467,74.61884848575792,75.64285956512026,3607500
2023-05-02,74.87724304199219,74.93466920722038,73.2790213882349,74.48486863726258,3652300
2023-05-03,74.49444580078125,75.40361933429544,74.43702692761687,75.09737317494478,4199200
2023-05-04,73.75753021240234,74.45615801657245,73.36515581393766,74.4083040965602,2657900
2023-05-05,75.12609100341797,75.26964550384892,74.0733701693996,74.30305298919801,3987900
2023-05-08,74.99210357666016,75.49932311523791,74.67628515779619,75.49932311523791,3066600
2023-05-09,75.21221160888672,75.40362002365853,74.44659985425277,74.93468218506536,3278100
2023-05-10,74.94599151611328,75.88785799880354,74.12905707804799,75.82058182146852,3830500
2023-05-11,75.02287292480469,75.30159061009995,74.4270003095661,75.12859367897025,3981500
2023-05-12,75.91670227050781,76.17620137822439,74.96522265150782,75.23432740576602,6158400
2023-05-15,76.16657257080078,76.22423576828598,75.39769571908377,75.82057872078343,6987400
2023-05-16,75.17665100097656,76.34918493805465,75.16703802356761,75.75330499210666,8043500
2023-05-17,75.87825012207031,78.15604199219588,74.35011656306925,75.65720295277583,11852400
2023-05-18,76.18579864501953,76.63751328964901,75.05170921070332,75.64758919570126,5139300
2023-05-19,76.2626724243164,76.54139007080542,75.31119310185552,75.95512318207894,6441200
2023-05-22,75.37848663330078,76.63751548802334,75.34004205259613,76.18580083043628,5500900
2023-05-23,74.47505187988281,75.25354175033623,74.32128090084676,74.9652110823826,5433600
2023-05-24,73.83112335205078,74.96521276148826,73.75423419453381,74.79221582335191,4693000
2023-05-25,72.9853515625,74.65765011033326,72.82196029886302,74.00410705344233,7042200
2023-05-26,74.00411987304688,74.18672978798193,72.841198869234,72.98536420562728,4419300
2023-05-30,73.77346801757812,74.17712513875874,73.48513731241802,73.96568359931524,4517400
2023-05-31,73.80227661132812,74.06176829902373,72.70663200540956,73.28328590338478,7077200
2023-06-01,73.66773223876953,74.11944682962917,73.32173839609206,73.46590371929983,5223600
2023-06-02,75.07093048095703,75.43614296554783,74.19633284785222,74.3404981792221,4910200
2023-06-05,75.791748046875,75.8205796459694,74.87871319030387,74.87871319030387,4988400
2023-06-06,75.6091537475586,76.29152861965704,75.52265893242365,75.77253773118329,5110600
2023-06-07,75.07093048095703,75.83980735989417,74.25400337993217,75.59953425179548,5521300
2023-06-08,74.73455810546875,75.3015991855198,74.42700878538675,75.08055200713028,4746800
2023-06-09,76.27229309082031,76.56062374248147,75.04209599783177,75.24392452097335,4629800
2023-06-12,76.91622924804688,77.11805778696417,76.25307309692315,76.57023537203045,4553400
2023-06-13,77.87732696533203,78.66542255100806,77.43522527898247,77.56016466885708,5186300
2023-06-14,76.79129791259766,77.89655583609226,76.53179881211884,77.71394590112972,4902500
2023-06-15,78.30982208251953,78.41553551421072,76.75284955390664,76.84895733979666,5003400
2023-06-16,78.098388671875,78.97297914670273,77.79083932552665,78.80959516045152,8394200
2023-06-20,77.26221466064453,78.33864074951045,77.19493848837496,77.78120541781811,6513600
2023-06-21,77.72354125976562,78.01186456625616,77.04116656875279,77.51209976880759,4920500
2023-06-22,78.30982208251953,78.6365900210564,77.79083123964857,78.58853246183438,3763900
2023-06-23,78.86724853515625,79.0883030374093,77.90615603111563,78.0118767931644,4912100
2023-06-26,78.54047393798828,79.07868334815808,78.47319776171706,78.84802321987863,3650300
2023-06-27,79.57846069335938,80.03978097994283,79.11713307422217,79.11713307422217,4318600
2023-06-28,79.44390869140625,80.09744454492997,79.09791480862675,79.55923509729689,3972600
2023-06-29,80.48188018798828,80.56838232192996,79.85716862526648,80.09744173919383,4138700
2023-06-30,81.49102783203125,81.91391084667492,80.6260431805116,80.73176393417252,4579900
2023-07-03,80.96241760253906,81.59674207388245,80.96241760253906,81.1258088749641,2181800
2023-07-05,81.404541015625,81.45259857907702,80.61644536987299,80.76061072767433,4912900
2023-07-06,80.19355773925781,81.43336790076496,80.1070556043578,81.10659264927567,4677100
2023-07-07,79.48234558105469,80.01094938085663,79.32857459637378,79.77067625959279,4533100
2023-07-10,80.31848907470703,80.40499120094219,79.04984743949686,79.04984743949686,3807000
2023-07-11,81.44296264648438,81.52946476980782,80.34731796807155,80.69331179626009,3722600
2023-07-12,81.93313598632812,83.06722543463165,81.83702820241506,82.7981207066535,6298800
2023-07-13,81.63520050048828,82.35601988611994,81.45259057637766,82.01963164011532,6468300
2023-07-14,81.61597442626953,81.63520038275554,80.72215809607316,81.36609565238312,3865200
2023-07-17,81.7889633178711,82.51939560877837,81.48141403736591,81.85623949383931,3126500
2023-07-18,81.84664154052734,82.3367934404058,81.26998016940504,81.80819696028226,4254000
2023-07-19,82.25989532470703,82.40406065179307,81.52947037722984,81.6544097500094,3002300
2023-07-20,82.10613250732422,82.84617050545091,82.03885632567633,82.50017661910357,2904100
2023-07-21,82.25028991699219,82.75966771928385,82.03884841433077,82.43289248811082,3575500
2023-07-24,83.22100067138672,83.30750281411274,82.09652414382839,82.17341330790613,2827400
2023-07-25,83.88414001464844,84.0571369327651,82.48094604883673,83.04799435421188,4648600
2023-07-26,84.01870727539062,84.22053582693452,83.27866925306301,83.81687872384673,3505400
2023-07-27,83.08644104003906,84.1916988462724,83.01916486048853,84.09559106585073,3708200
2023-07-28,83.47088623046875,84.02832166747518,83.05761614200595,83.36516546370704,3105500
2023-07-31,83.16332244873047,83.61503704043324,82.7116078570277,83.49009767078154,3202500
2023-08-01,83.00955963134766,83.8457053910167,82.86539429371565,83.16333061428244,3963500
2023-08-02,82.27912139892578,83.49970552725313,82.22145820102858,82.96149612673753,3552500
2023-08-03,82.67317962646484,83.29789126333509,82.19263334157303,82.29835411085358,3361300
2023-08-04,82.12535858154297,83.24984248046394,81.9523616226747,83.19217193913816,2470700
2023-08-07,82.93266296386719,83.23059925745518,82.54822454251148,82.65394529169812,2694800
2023-08-08,83.21137237548828,83.24020397103102,82.02922563037016,82.93265473098803,3020000
2023-08-09,83.18534088134766,84.16943699883804,83.1370977724786,83.9378862701694,6829500
2023-08-10,83.1660385131836,84.71937235897416,83.11780276644402,83.6966832533722,4797800
2023-08-11,82.86695098876953,83.64843926989649,82.64505036218851,82.89589390868316,4656100
2023-08-14,83.1756820678711,84.14048525718991,83.07920322111205,83.2818110075653,6871700
2023-08-15,82.75119018554688,83.57127902178193,82.43281063546542,83.00204114819053,6082000
2023-08-16,86.16657257080078,87.01560410893038,84.74831067039283,85.62628512716512,15063200
2023-08-17,85.18247985839844,86.67792047995188,84.88339320626068,85.92537512240226,8543100
2023-08-18,86.36918640136719,86.47531535105425,85.21142540951813,85.38509029438197,7777700
2023-08-21,86.4656753540039,86.71651891496059,85.44297883928358,86.34024621266046,5617200
2023-08-22,85.9639663696289,86.14728133890961,85.31754997176941,85.86748751874703,4343500
2023-08-23,86.84193420410156,87.01559906675911,85.471908127197,85.88677377905313,4478900
2023-08-24,85.20176696777344,87.12173060700529,85.15353122501028,86.83228670696974,4747400
2023-08-25,85.6938247680664,86.0411545285467,84.71937142000418,85.68417467447954,4277800
2023-08-28,87.10244750976562,87.21822656466728,85.46228471675302,85.62629952388116,5083700
2023-08-29,87.76815032958984,88.00935113521767,86.80334710707857,86.8322900260156,4700000
2023-08-30,88.89698028564453,89.08029527804526,87.71027628448572,87.99006277907097,5520800
2023-08-31,89.22500610351562,89.60127877499731,88.65576836918146,88.75224722017545,6427600
2023-09-01,89.3793716430664,89.53374369481669,88.80049117073196,89.24429977821718,4450700
2023-09-05,88.3952865600586,89.24431086759004,88.32775061924207,89.24431086759004,4171000
2023-09-06,87.56554412841797,88.3663252234064,87.30504313151901,88.26984637157383,6003400
2023-09-07,88.23126220703125,88.50141332446522,87.59449583238586,87.6909746938939,4940900
2023-09-08,88.23126220703125,88.89697886490782,88.16372626788907,88.42422729091265,4720600
2023-09-11,88.356689453125,88.79084800101451,88.02865249800826,88.58824018794172,4042200
2023-09-12,88.93556213378906,89.07063399726867,88.20230961713939,88.24090262968564,3678300
2023-09-13,89.6495132446289,89.72669926867178,88.9452110176148,89.30218349730038,5481900
2023-09-14,90.29593658447266,90.47925156546884,89.16711849919763,89.34078338622955,5182500
2023-09-15,89.18641662597656,90.11262688178658,89.08028767741725,89.9486120925094,7606900
2023-09-18,88.70401000976562,89.69775614423004,88.55928805523313,89.11887568696444,4274100
2023-09-19,87.79708862304688,88.86802073248283,87.28574411979375,88.57857683663266,6972400
2023-09-20,87.46906280517578,88.33737980799947,87.3822266883748,87.94181431840313,5076200
2023-09-21,86.031494140625,87.41116292387129,85.81923627230037,87.19890505554666,4975600
2023-09-22,86.02186584472656,86.73581822637748,85.8096079407821,85.97362273533372,4352200
2023-09-25,85.1535415649414,86.07010175824216,84.96057648786517,85.76136499578521,4273300
2023-09-26,84.77725219726562,85.65521920252986,84.7290090972656,85.28859666946597,3867300
2023-09-27,85.00880432128906,85.73240666834745,84.391330907335,84.99915422895312,4913600
2023-09-28,86.42707061767578,86.48495645299035,85.47191016980096,85.47191016980096,6608600
2023-09-29,85.75171661376953,86.90948501674698,85.67453794226319,86.68757701389512,5420900
2023-10-02,85.55875396728516,86.45602129956087,85.24036712273399,85.43333219255202,4685600
2023-10-03,84.75796508789062,86.19551988711595,84.21767761668964,85.70347552335708,5094600
2023-10-04,84.94127655029297,85.25966338016833,83.95717314174445,84.80620468807876,4349200
2023-10-05,84.73867797851562,85.35615151893732,84.39134819192026,85.07635767079854,3649500
2023-10-06,85.44295501708984,85.92535653793766,83.65807086212551,84.67111700025116,3947300
2023-10-09,85.58769989013672,85.607000078228,84.2659167187552,84.77726865106368,3487100
2023-10-10,85.5298080444336,86.4849611836909,85.32720024888596,85.76135875922168,5786000
2023-10-11,86.10868835449219,86.41742509393366,85.47191468890787,86.06044524860326,3916100
2023-10-12,85.79029846191406,86.40777191877427,85.12458926174979,86.23410704897833,2808300
2023-10-13,85.4815673828125,86.0218622139205,85.12459488748664,85.79995422529075,2846000
2023-10-16,86.5235595703125,87.13138299470758,85.76136408589426,85.86749303694396,6125100
2023-10-17,87.42082214355469,87.7585018052979,86.19551790697489,86.41742589090018,4373500
2023-10-18,87.26644134521484,87.97075087842698,87.08313375342131,87.15066967900079,3701100
2023-10-19,86.66827392578125,87.73920607533928,85.94467151991037,87.343633226915,4276200
2023-10-20,85.9639663696289,86.83229074929474,85.74206574868704,86.7936977367691,4166200
2023-10-23,85.22107696533203,86.06045112251938,84.81586134731985,85.76136445601492,3395000
2023-10-24,86.31129455566406,86.90947519766287,85.68417099501221,85.68417099501221,4186400
2023-10-25,85.81924438476562,86.47531087575777,85.2789569313125,86.21481724237559,3951300
2023-10-26,84.83514404296875,86.42707076460229,84.76760811469892,85.70346837848379,4031600
2023-10-27,84.12120056152344,85.35614758545657,83.86069955314902,84.81586010270205,3553200
2023-10-30,85.16317749023438,85.42367848324669,83.98612373805523,84.35274631389485,3453300
2023-10-31,84.97021484375,85.33683739825034,84.23696237388532,85.26930147081964,6610000
2023-11-01,84.96057891845703,85.5780524610359,84.15014765414675,85.43333785016995,5079600
2023-11-02,86.7551040649414,87.10243381416818,84.98951239984935,85.2017702866951,8158100
2023-11-03,87.79708862304688,88.29878303354126,87.42081597496009,87.48835190254326,3978400
2023-11-06,87.65238189697266,88.20231950589978,87.48836709591104,87.7874537755958,4686800
2023-11-07,87.57518768310547,88.20231126720113,87.43047308443039,87.8453387759831,4438400
2023-11-08,87.55872344970703,88.28499024817103,87.46188935417209,87.66524317118585,8107400
2023-11-09,88.17847442626953,88.74012254836548,87.21011865215995,87.75240290947973,7382800
2023-11-10,88.31404876708984,88.6239223372633,86.89057190245998,88.54645948569645,6767300
2023-11-13,88.25594329833984,88.74012117791729,87.69429518491765,88.20752255519484,5520700
2023-11-14,89.5728988647461,90.29916561229808,89.00157256956287,89.12745614613695,7076000
2023-11-15,86.60003662109375,88.03320607734358,85.71882952956878,86.95833083214784,11607300
2023-11-16,85.5736083984375,86.85183781407835,84.49873282301579,85.95126658569716,9584200
2023-11-17,86.02871704101562,87.29726803477158,85.98030368868412,86.30954108122214,9344700
2023-11-20,86.70658111572266,86.95835569786273,85.55423532435907,85.85443065274599,7061600
2023-11-21,86.25144958496094,87.15202076168374,85.64138809929776,86.9389813066358,6659800
2023-11-22,87.10359191894531,87.53935641502062,86.39669639797356,86.83245350608121,4982200
2023-11-24,87.12297058105469,87.73303206189247,86.71626292716283,87.50062874366402,2066400
2023-11-27,86.2804946899414,87.06486786073721,86.19334621983519,86.87119228055457,6165500
2023-11-28,86.31924438476562,86.64848923269957,85.94158617458527,86.09652666489988,3865000
2023-11-29,85.31214904785156,86.7646828252428,85.07006008495303,86.60974973073154,5014600
2023-11-30,85.32181549072266,85.85441404453428,85.01194198340512,85.5735900241579,11206300
2023-12-01,86.22239685058594,86.56131988542955,85.13783575111832,85.51549390251093,4964500
2023-12-04,85.76728820800781,86.84216392876104,85.50583534608097,85.73823871090147,5884400
2023-12-05,85.21529388427734,85.60263760679928,84.67301710552684,85.4476971626037,3840200
2023-12-06,85.757568359375,86.22238229150871,85.18624210967677,85.18624210967677,5102500
2023-12-07,86.0771484375,86.46449224394303,85.69949025790942,85.9609430791765,4210200
2023-12-08,86.30955505371094,86.47418116459865,85.63170890759292,86.21272094540392,5124900
2023-12-11,87.89765167236328,88.00417140013687,86.82278354404787,86.82278354404787,4891000
2023-12-12,88.28498077392578,88.5077058189257,87.53935019155882,87.8104885851468,4237200
2023-12-13,88.98220825195312,88.98220825195312,87.99448864903133,88.64328522094897,5567000
2023-12-14,87.10359191894531,89.38891195303945,87.01644345251084,89.21460763220286,7156000
2023-12-15,86.4644775390625,87.26821450784698,85.77694590883866,86.58068287762313,9827600
2023-12-18,86.97771453857422,87.45220679491202,86.5419573994023,86.90024430424245,4367300
2023-12-19,88.39151000976562,88.48834410534451,86.68720185329894,86.68720185329894,4429400
2023-12-20,87.21012115478516,88.31404617791142,87.19075728945332,88.04290773545493,4783100
2023-12-21,88.48834228515625,88.59486200449233,87.41346685401426,87.53935782484841,5376200
2023-12-22,88.94347381591797,89.05967916513704,88.4108825882586,88.67233538904148,3463200
2023-12-26,89.8537368774414,89.93120711568233,88.92411618245599,89.01126465950061,3275600
2023-12-27,89.83435821533203,90.20233812264514,89.44702183200783,89.83435821533203,3525300
2023-12-28,90.28948211669922,90.71556098279592,89.75689092204593,90.03771495761261,3249100
2023-12-29,90.84144592285156,91.30625990991552,90.42505267601199,90.62840648661256,5342500
2024-01-02,90.32823181152344,91.24817429473264,89.89247463756087,90.14424183728784,5273500
2024-01-03,88.79821014404297,90.29916435663236,88.75948241945672,90.11517441899478,5337800
2024-01-04,89.84403991699219,90.13454957976406,88.42055586775173,88.91441933927686,5328000
2024-01-05,88.80789184570312,90.27011088113915,88.66263702703637,89.71814848057902,4533700
2024-01-08,89.88277435302734,90.00865793236258,88.69169361021095,88.69169361021095,4716100
2024-01-09,90.13456726074219,90.26045086572086,89.28240935636641,89.57291907612526,3609400
2024-01-10,91.16101837158203,91.4708919454922,90.13456354324875,90.13456354324875,4653800
2024-01-11,92.23588562011719,92.32303409180128,90.9382924552557,91.35467833725936,4287900
2024-01-12,92.02283477783203,92.62321793097746,91.8001171191263,92.62321793097746,2958900
2024-01-16,92.83627319335938,92.88468655057189,92.07127122490459,92.07127122490459,5972000
2024-01-17,91.4030990600586,92.56512301006593,91.32562882659995,92.41018993111673,5530800
2024-01-18,91.75171661376953,91.97444170955409,91.08354871438468,91.32563767642628,4390100
2024-01-19,92.47798156738281,92.6716497777815,91.28690064832183,92.14874413211133,4138600
2024-01-22,92.11968994140625,92.62323912389702,91.7807668693272,92.4973481342899,3974100
2024-01-23,92.05189514160156,92.63291450141269,91.9744322965324,92.13905100076046,3387500
2024-01-24,91.94537353515625,92.61354135247436,91.88727455555221,92.21651934523356,3438900
2024-01-25,92.48765563964844,92.87499940002292,92.032527275306,92.34240080601204,4326700
2024-01-26,93.33013153076172,93.39791614283095,92.51671618593082,92.66197103692737,4163600
2024-01-29,93.35919189453125,93.78526344859078,92.60386811876207,93.33013501287294,3636500
2024-01-30,93.75621795654297,93.78526745147225,92.59419383155637,93.1171069041911,4112800
2024-01-31,91.9066390991211,93.9304988792644,91.66455018448382,93.9304988792644,4967000
2024-02-01,93.98860931396484,94.00798056675934,91.71297471651657,91.95506366066996,4608900
2024-02-02,94.42436981201172,94.94728279559818,93.20423951697663,93.87240733844288,3973400
2024-02-05,93.59158325195312,93.67873172186604,92.14873527564059,93.44632841413032,5466200
2024-02-06,94.02735137939453,94.15324236795624,93.00089654448783,93.44633934808826,4410700
2024-02-07,94.73424530029297,95.17968806110983,94.31785203005599,94.45342124474077,4641900
2024-02-08,95.24747467041016,96.30297891949361,95.02474959133633,95.3830438879444,6246100
2024-02-09,95.62515258789062,95.93502620455538,94.90857123459773,95.13128897171657,3488200
2024-02-12,94.97634887695312,95.73166530031233,94.68583915044454,95.53799707461944,4062500
2024-02-13,94.8601303100586,94.93760054474436,94.06607887445008,94.10481399179297,4190200
2024-02-14,94.41607666015625,95.43632128808963,93.91081738424867,95.13510945513518,4765700
2024-02-15,95.16427612304688,95.54322250531318,94.45496185616659,94.65900933791235,4802900
2024-02-16,95.26142883300781,95.69867232402919,94.28977004125518,95.21284292815287,4470000
2024-02-20,94.60070037841797,95.62094507308782,94.51324723247882,95.02823261819097,5591600
2024-02-21,95.38774871826172,95.63066343379963,94.35779269659506,94.96022385986981,5690400
2024-02-22,96.30110168457031,96.32053159825641,95.56263894064034,95.97073384656159,5463200
2024-02-23,96.5634536743164,96.81608705055903,95.96102993280459,96.35940620575576,4581400
2024-02-26,96.41770935058594,96.86467152460385,95.64037931819128,96.70920255285749,4688600
2024-02-27,97.67113494873047,97.88490106128299,96.21364681387386,96.33024853340287,5436200
2024-02-28,98.23471069335938,99.92539505868325,97.13673883431707,98.0209445549406,7555500
2024-02-29,96.33024597167969,97.32134202839993,95.77640079168938,97.20474031197172,10568000
2024-03-01,95.71810913085938,96.73834640875207,95.13511534161094,96.56344753066072,7110400
2024-03-04,95.16427612304688,95.84443439553276,94.9990884741553,95.37804226959078,5319400
2024-03-05,94.62984466552734,95.60150341137991,94.53268027357568,94.9310565045279,5982700
2024-03-06,93.66790771484375,94.90191110154464,93.49300883821539,94.49381619380118,6421400
2024-03-07,93.04605102539062,94.77560254532452,92.91001938313752,94.202319984542,6760100
2024-03-08,93.19180297851562,93.90110978091808,93.05576392068984,93.10434982799681,5372600
2024-03-11,93.73592376708984,94.08572152122088,92.85171071826746,93.59989213083534,4185200
2024-03-12,94.46466827392578,94.68814564312551,93.53187672980604,93.73592418509772,4130900
2024-03-13,95.2808609008789,95.31972814300781,94.40637389906833,94.5715541182398,3919000
2024-03-14,95.83470916748047,95.85414649574557,94.91163623044224,95.70839618643198,5858300
2024-03-15,94.78532409667969,95.83471002414684,94.45495623173784,95.53349815186327,7609900
2024-03-18,93.49301147460938,94.78531946540674,93.43471431847873,94.78531946540674,4780400
2024-03-19,95.63064575195312,95.67923165134482,93.55129676446819,93.71647696133208,5573300
2024-03-20,96.07762145996094,96.07762145996094,94.96021974741313,95.688963862467,5825800
2024-03-21,96.36911010742188,96.77720498202831,95.74724913283086,95.99988247037332,4962000
2024-03-22,96.66062927246094,96.80637217487308,95.68897038614543,96.02904951372206,5138400
2024-03-25,95.39744567871094,96.76748050780047,95.35857844348729,96.70918336154857,6915400
2024-03-26,96.48571014404297,96.57315586715352,95.42659832519927,95.46546556208199,5256900
2024-03-27,98.21526336669922,98.73024129259672,97.2436046648043,97.2436046648043,5461600
2024-03-28,98.54563903808594,99.14807019535648,98.0306610323852,98.35131023285994,4778100
2024-04-01,96.87438201904297,98.2930104290615,96.54402157641437,98.18612736511258,3731300
2024-04-02,96.6509017944336,96.69948028641815,95.79583730802007,96.55373739729615,4350100
2024-04-03,94.52296447753906,96.88409559810628,94.39665150548731,96.5926024134096,5036200
2024-04-04,93.03633880615234,95.46548603346702,92.87115857385551,95.08653965905945,5660700
2024-04-05,94.0662841796875,94.52296499268618,93.21122712148173,93.43471190281852,5866100
2024-04-08,93.50273132324219,94.22175677291582,93.49301265937446,93.73592736388825,5390200
2024-04-09,94.34806060791016,94.53267813766455,93.57073807669201,94.2314663054697,7992300
2024-04-10,93.55130767822266,94.348067594292,93.38612746208874,93.87195686001317,3910700
2024-04-11,93.14321899414062,93.77479873632693,92.15212280469903,93.45414953308588,4845100
2024-04-12,91.7440185546875,92.63794283681864,91.25818917355083,92.22984793582417,3951600
2024-04-15,90.3448257446289,92.72538650363545,90.31566975767932,92.62822211997204,5194900
2024-04-16,90.73348999023438,91.22903802068767,90.35454367670181,90.37398100277252,4063500
2024-04-17,90.4905776977539,91.58855684156015,90.17964719091674,91.58855684156015,4768400
2024-04-18,90.03390502929688,91.0444236247443,89.89786598161977,90.99584513423,3290800
2024-04-19,90.71405792236328,90.74320649760905,89.73268054780526,90.38369010551989,6043900
2024-04-22,91.41366577148438,91.92864377240898,90.67520297477073,91.46224426575597,4114500
2024-04-23,91.8217544555664,91.98693466854833,90.84037701479866,91.79260587835408,5843600
2024-04-24,92.57965850830078,92.7837059870646,91.17075607309727,91.41367079731643,6897000
2024-04-25,93.68733215332031,94.7172954391243,91.79260061155217,94.59097506089459,6248700
2024-04-26,93.62903594970703,95.10595395962463,93.56102013503651,93.90109920838913,3748400
2024-04-29,92.18128967285156,93.56104363887728,91.9383749289807,93.34727747816378,4631000
2024-04-30,91.42337036132812,92.22013767155133,91.38451053400965,91.92863707448586,5117000
2024-05-01,91.1610336303711,91.74402746170173,90.7432200255032,90.90840025196594,5363900
2024-05-02,92.22013854980469,92.87114815452689,91.64685601362781,92.79341367281339,6314400
2024-05-03,92.41446685791016,92.79341318782268,91.83147307444229,92.56992840735644,5893900
2024-05-06,94.68814086914062,94.89219572731248,92.67680758190927,92.71567482093401,6229600
2024-05-07,95.14482879638672,95.48490789689684,94.71730396138902,94.83389827403911,4749300
2024-05-08,95.7083969116211,95.76669407052078,94.70758948027662,95.02823868056235,5814400
2024-05-09,96.10677337646484,96.47600104369533,95.75697562301778,95.90271850931391,6000600
2024-05-10,96.00961303710938,96.7577945375902,95.76669831337361,96.45657523920289,2906000
2024-05-13,95.95130157470703,96.78692869286677,95.77640270315806,96.26223207821987,4146600
2024-05-14,96.23309326171875,96.49543788906504,95.30030165657713,96.2136559333709,5709600
2024-05-15,96.05265045166016,96.90120177210422,95.77954569149092,96.07215421385746,4246800
2024-05-16,96.48179626464844,97.0084871186621,96.30623264664388,96.38426257494446,3592000
2024-05-17,97.81803131103516,97.90580939975088,96.27697370638145,96.764649598385,6467500
2024-05-20,95.37964630126953,97.42788344023731,95.31137197801537,97.09626742481517,7054100
2024-05-21,95.2918701171875,96.3062369059264,95.12606209322331,95.97462085799799,7664700
2024-05-22,98.62757873535156,102.39243735654877,98.30571084877008,99.58341935197411,14857300
2024-05-23,97.69123840332031,98.50077472982936,96.77440534375982,97.20356251059131,7430400
2024-05-24,99.62242889404297,100.04183045154026,98.2179199682207,98.40323918519543,5625200
2024-05-28,98.9201889038086,100.44174294317726,98.8324108037739,99.48589479740278,5090300
2024-05-29,98.93968963623047,99.47612866501896,98.52028806176628,98.57880678892845,5367100
2024-05-30,100.8221206665039,101.72919815994452,99.29081860137771,99.47613038771496,9088700
2024-05-31,100.55878448486328,101.69994447962495,100.36371707154062,100.90015617885034,26987100
2024-06-03,102.8410873413086,103.0654140688911,101.14396999728841,101.14396999728841,7160100
2024-06-04,103.26050567626953,103.33852817084119,101.68043296002124,102.4802211997988,5068200
2024-06-05,105.13317108154297,105.16243044483518,102.92887393695742,103.44580919870303,5377000
2024-06-06,104.29437255859375,105.2892281612953,103.88472657167806,105.14293133835683,9229900
2024-06-07,104.79180145263672,105.90370192714869,104.47968916928852,104.75278648705022,8043300
2024-06-10,104.67475128173828,104.86981865849832,103.74817008011294,104.61623255697896,4502700
2024-06-11,104.440673828125,104.75278611035083,104.18708027339659,104.65525241740721,4010400
2024-06-12,104.4504165649414,105.00637421267409,103.56285033149408,104.48943152836178,4297700
2024-06-13,105.59159088134766,105.78665827022257,104.25535619938842,104.49919415615402,5636600
2024-06-14,105.82567596435547,106.13778825940763,105.18194017005432,105.27948130835019,3698700
2024-06-17,107.5032730102539,107.85440024188028,105.43552458415893,105.43552458415893,5444900
2024-06-18,107.54228973388672,107.98119505993083,107.025354479239,107.48376356676222,4869000
2024-06-20,107.6593246459961,108.59566144312262,107.02535195474057,107.35696798146849,7622200
2024-06-21,108.27381134033203,108.37134503741296,107.1911701876423,107.45451191389522,9206200
2024-06-24,108.31282806396484,108.82000776181717,108.04947889209704,108.3713467948936,4657500
2024-06-25,107.94218444824219,108.62493518903942,107.23992994517936,108.38109723332838,3931100
2024-06-26,107.81539154052734,109.03458132078298,107.41549372075843,107.55204238083955,5966800
2024-06-27,107.82513427734375,108.09823156492179,107.12287985708997,107.78611931606933,3377500
2024-06-28,107.38624572753906,108.02022596867153,107.08388901124982,107.62032810655832,12781400
2024-07-01,107.85440826416016,108.51764781308178,106.8595452201057,107.9324381972907,4546500
2024-07-02,107.4837646484375,108.16651536857474,107.18140797373513,107.63982450721527,4955600
2024-07-03,107.6690902709961,108.38110039664507,107.49352664010623,107.59106033696858,2277500
2024-07-05,108.8882827758789,108.96631271183463,107.68860413627284,107.68860413627284,4408800
2024-07-08,109.44422912597656,109.51250345715557,108.41035855631034,109.12236123269949,5074700
2024-07-09,109.38569641113281,109.8343573074228,109.00530983729253,109.52224505603223,4328600
2024-07-10,110.18549346923828,110.18549346923828,108.88827379599556,109.96115928220223,4240700
2024-07-11,111.13157653808594,111.20959901968955,109.65879336817628,110.14646922457814,3520800
2024-07-12,111.48271179199219,112.50682669950649,111.20960704197813,111.49245995205644,3866000
2024-07-15,111.0047836303711,111.61926001384236,110.48784837791297,111.47295575866619,5555500
2024-07-16,112.18495178222656,112.39953035166612,111.1120663763719,111.16083693900565,3660000
2024-07-17,111.16085052490234,112.31176599509676,111.07306498970121,112.01915746621832,5012600
2024-07-18,110.24401092529297,111.47295625637906,109.23939977865778,111.01453972740723,7285200
2024-07-19,108.99555969238281,110.72192904150731,108.83949983820436,110.6634103168621,5721900
2024-07-22,110.41958618164062,110.79021721963987,109.33694499227947,109.53201983439304,4764600
2024-07-23,110.62440490722656,111.18035516340012,110.31229261325797,110.51711560854886,3203100
2024-07-24,108.50788879394531,110.35130311837315,108.41035510127568,110.27327318769994,4755500
2024-07-25,108.52739715576172,109.82461690314595,108.44937466312538,108.87852441732954,3570800
2024-07-26,109.07359313964844,109.74658081881823,108.76148086256202,109.00531881157778,4958700
2024-07-29,109.78559875488281,110.1952521757374,108.43961591877161,109.0540848880377,2579800
2024-07-30,110.44884490966797,110.56588981426006,109.87339087178157,109.98068017398823,3104600
2024-07-31,110.2342529296875,111.02429291746994,110.15623044410414,110.8974924258781,4360400
2024-08-01,110.85848999023438,111.1510910676199,109.92214570683821,110.9852830463004,3131400
2024-08-02,110.35130310058594,111.37542547681133,108.86877162475281,110.28302877159382,3369800
2024-08-05,106.2060546875,109.71731960586283,105.17218418233287,108.8102421531626,8563600
2024-08-06,106.71324920654297,107.82514971738256,105.88419418309488,106.5864487039081,5045200
2024-08-07,105.26972961425781,108.29331898007466,105.10392157914995,107.19117402504996,4856500
2024-08-08,107.21067810058594,107.31796740393129,105.60134599174992,105.83543580341856,5158700
2024-08-09,107.97144317626953,108.26405169793662,106.78152021013814,106.97658759702031,7202100
2024-08-12,108.64443969726562,108.80049956183727,107.44476111408277,108.33232740946626,4437100
2024-08-13,108.30307006835938,108.96630962249071,107.70810484591755,108.60542675993523,4675500
2024-08-14,106.3913803100586,107.60081450600124,105.05514561267397,105.56233273575391,7077800
2024-08-15,109.1073226928711,109.3324233145695,107.89370881226863,108.21668706115547,5625500
2024-08-16,109.07794952392578,109.577097023218,108.59838053590772,109.06816773530291,4656300
2024-08-19,110.09580993652344,110.3013394923062,109.43028246050662,109.48901052431158,7163100
2024-08-20,110.89836120605469,111.07453046993858,109.96858354317607,110.6341110437359,6750600
2024-08-21,117.67108154296875,118.31703051423396,115.40045968779953,117.33831406860905,11343400
2024-08-22,116.46725463867188,118.4834080858297,116.21278627726892,116.48682568169653,7843800
2024-08-23,116.92725372314453,117.97448001026302,115.94853728781833,117.57320268761265,4523900
2024-08-26,117.57321166992188,118.08214843670078,117.12300297131861,117.12300297131861,3939600
2024-08-27,117.50469207763672,117.96468999399418,116.65321356328582,116.9468240117809,4680000
2024-08-28,116.74130249023438,118.55192651508412,116.5944935223786,117.93533781050702,3906100
2024-08-29,114.8719482421875,117.38724912842594,114.73492854153744,116.7608712205932,5055000
2024-08-30,114.77407836914062,115.18514496583265,113.77579084463522,114.99918644511517,6369600
2024-09-03,115.03832244873047,115.71363913008688,114.17705473557598,115.35151138687877,5657500
2024-09-04,115.01875305175781,115.31237097135075,114.09876467326012,114.59790468274868,5540400
2024-09-05,115.49832916259766,115.62555961165883,113.98131569395717,115.11663034840029,5387800
2024-09-06,113.15919494628906,115.62555703435929,112.95366539453435,115.18513763302973,4827100
2024-09-09,114.57833862304688,115.2242950874421,113.43324212745264,113.53111228256925,5752200
2024-09-10,115.3221664428711,115.88982380227573,114.36302099191107,114.95024939573703,5160200
2024-09-11,115.34172821044922,115.42002731586562,113.90301388323095,115.42002731586562,3561200
2024-09-12,115.70386505126953,116.0072647747968,115.13620769298075,115.31237696048368,3287300
2024-09-13,117.26001739501953,117.45576516841628,115.85067076163317,116.28130092907793,3961000
2024-09-16,117.06428527832031,118.18002153018824,116.93705481697206,117.79832267912893,3392200
2024-09-17,115.33193969726562,117.68086060576881,114.96981939965976,116.98597284150992,3880100
2024-09-18,114.75450134277344,115.89959777304446,114.56854283175012,115.05790104643145,3183300
2024-09-19,115.77237701416016,116.21279645742585,115.24386920203267,115.99747763022417,3186800
2024-09-20,115.42002868652344,115.97789675196627,115.04811913189947,115.25364868579801,7024800
2024-09-23,114.63704681396484,116.03661153497944,113.9617375898483,116.00725123832395,3511600
2024-09-24,115.14599609375,115.25365550459213,113.81494107516939,114.73493696163328,3354400
2024-09-25,115.61576843261719,115.64513619761695,114.61748096602368,115.39066783671518,3743100
2024-09-26,115.56684112548828,116.32044951248453,115.00897304324032,115.97790024566805,3797900
2024-09-27,114.99917602539062,115.52768377295318,114.80343573385493,115.29279392970766,2998100
2024-09-30,115.03832244873047,115.35151138687877,114.05960608364038,115.05789349054642,5350400
2024-10-01,114.1574935913086,115.0285506913747,113.2570761905459,114.99919039067812,7888700
2024-10-02,113.97151947021484,114.14768871730467,112.95366100593286,113.53110008599694,4315500
2024-10-03,112.61109924316406,113.3842860447311,111.80855214623587,113.04173682049584,4851700
2024-10-04,112.24898529052734,113.08089272960281,111.46600919080132,112.66004438272743,6480000
2024-10-07,109.74347686767578,112.20005733786596,108.85284874842044,111.87707910545959,6345200
2024-10-08,111.03538513183594,111.14304454535443,109.50858976486731,110.3992253736086,6289400
2024-10-09,111.5541000366211,111.79877913986537,110.78091317432751,111.00601376778461,3970800
2024-10-10,110.19367218017578,111.39749659711327,109.83155190326175,111.3094157082466,3453100
2024-10-11,111.30941772460938,111.45621920871311,109.95878433474749,110.23282372775905,3865500
2024-10-14,112.78726959228516,112.90471824189866,111.23111418672526,111.59323445576057,4697500
2024-10-15,114.27494049072266,115.16556862178376,113.08090516746363,113.36473384815751,7378400
2024-10-16,114.90132141113281,114.99919157013002,113.57026634113014,113.82473472813449,4688700
2024-10-17,114.9796142578125,116.03662237118714,114.71535662920827,115.55705339133107,2934400
2024-10-18,115.20471954345703,115.62556794161075,114.64685143120809,115.35152851342032,3478100
2024-10-21,113.19835662841797,115.11664011735576,112.42516967924672,115.05791204840898,4495600
2024-10-22,112.73834991455078,113.49195829322241,112.24899169107172,113.37450963146243,3900300
2024-10-23,111.78900146484375,112.74813946738782,111.70091309570391,112.18048956399036,4156400
2024-10-24,111.76941680908203,112.93409178659225,111.66175740105938,112.39579474647896,2847600
2024-10-25,111.39749908447266,112.36642621870732,111.15281998725084,112.13153637613814,2686900
2024-10-28,111.74005126953125,112.55238768578147,111.240911274305,112.21962768896398,2798900
2024-10-29,111.68133544921875,112.52303219917471,110.3796407699829,110.751557802344,3576500
2024-10-30,110.54602813720703,111.71070318745356,110.09581943327493,111.67155363054454,3763700
2024-10-31,110.62431335449219,111.14303185110049,109.65538621050659,109.95878590467065,3874200
2024-11-01,109.99794006347656,111.45622546790486,109.98815080831541,110.89835739594142,5067400
2024-11-04,110.29155731201172,111.11367553221955,109.35199043162544,110.3404886534924,4006800
2024-11-05,111.3290023803711,111.39751223700151,110.05666793778968,110.16432735063954,2962800
2024-11-06,113.16897583007812,114.46088119293896,111.65196987438546,113.66812329007384,11891300
2024-11-07,114.36300659179688,115.07747282894896,113.06131202476018,113.32556962676694,6897600
2024-11-08,115.3221664428711,116.08556411454629,113.99111141179128,114.03026096764825,5785700
2024-11-11,115.54724884033203,116.44767354907017,115.18512857301495,115.69405778489903,3537200
2024-11-12,117.29915618896484,117.46553618082825,115.27321358900123,116.14427056641952,3943200
2024-11-13,118.55192565917969,119.32511258175794,117.33831930322809,117.3578978145418,4511000
2024-11-14,117.72235107421875,119.87239135640272,117.72235107421875,117.98742186592257,5581000
2024-11-15,117.78125,118.40957314199412,117.16273902351637,117.54563069430287,5103300
2024-11-18,117.48670959472656,118.76299507438793,117.2805417846647,117.82051044687576,5134500
2024-11-19,117.37873077392578,117.71253166848061,115.87664547393646,117.19220224981272,5794500
2024-11-20,117.55545043945312,118.49793521321303,114.62000236897356,117.26092816089243,8991000
2024-11-21,117.58489227294922,117.72234497991293,115.6312002716705,117.68307384795224,5204300
2024-11-22,119.25387573242188,119.48949502224156,116.88784070856704,118.05613248301836,6398500
2024-11-25,122.51331329345703,123.14163643759017,119.63676835632769,119.71531062189501,8925200
2024-11-26,123.8975830078125,124.1332098004488,122.15987848078458,122.75875013754734,4725000
2024-11-27,124.05467224121094,125.66475126761098,123.86813622918316,123.99576928591917,4491100
2024-11-29,123.39688873291016,124.25101148403198,123.39688873291016,123.83867584623508,2846700
2024-12-02,123.88777923583984,125.29169047038525,123.76996583153984,124.08412741947012,4818800
2024-12-03,122.47403717041016,124.48663957490267,121.98315926591953,124.28046426363849,3916000
2024-12-04,123.21035766601562,123.44597696987319,121.88498878278826,122.48386044316996,4785500
2024-12-05,123.62268829345703,124.49645035450995,122.96491370640864,123.2790752621782,4768000
2024-12-06,123.78958892822266,124.82043554512767,123.38707293309196,124.13320946065936,4064400
2024-12-09,123.60306549072266,124.41792466020554,123.22999346651451,124.09394342556253,6245800
2024-12-10,124.87934112548828,125.07569678961238,122.66057829740635,123.85832163285383,6186000
2024-12-11,124.49645233154297,125.57638971871516,124.26083303352469,124.9873302383658,5440600
2024-12-12,124.11356353759766,124.73207447087145,123.5539630442846,124.62408073617927,4727700
2024-12-13,122.57221221923828,124.53572385267486,122.552580398593,124.12338820730177,4595400
2024-12-16,121.46282958984375,123.12199929984693,121.11921655557745,122.92564364440734,6990500
2024-12-17,120.81487274169922,122.6998496699598,120.65779570029576,121.96353278101195,6813000
2024-12-18,119.028076171875,122.05188596250389,118.94954139707889,121.02103933245229,5808500
2024-12-19,118.98880767822266,121.03086167226203,118.8022791574672,120.17673886461688,7979800
2024-12-20,119.77421569824219,121.28612063129025,118.79245983186316,118.89063392046049,11714000
2024-12-23,119.54840087890625,119.9018335673304,118.10522613974369,119.3226012386478,5436900
2024-12-24,121.23703002929688,121.23703002929688,119.5385965723493,119.76439622745194,1476100
2024-12-26,122.72930145263672,122.94528893903158,121.14867392787724,121.19775722647434,2892800
2024-12-27,121.67882537841797,122.48386489521192,121.4333864100027,121.65918606643112,3471500
2024-12-30,118.88081359863281,120.40253817907755,118.40957497992409,119.98038285929114,3976600
2024-12-31,118.60592651367188,119.666224671087,118.15431970370683,119.666224671087,3600100
2025-01-02,118.9397201538086,119.91165632703648,118.54701632425915,119.48950102105628,3424400
2025-01-03,118.52738952636719,119.56804835210244,117.83033626702063,119.33242904046864,3897200
2025-01-06,118.67464447021484,119.49932327925012,118.16413472382365,118.53719925040942,5963400
2025-01-07,117.94813537597656,119.54839455431295,117.84014164410458,118.88080034374157,4500100
2025-01-08,119.43060302734375,119.78403573959368,117.32964606574856,117.9776010447382,5219200
2025-01-10,117.8696060180664,120.05892487901714,117.56526409868418,119.26370503020408,4355200
2025-01-13,117.70270538330078,118.00704729250471,115.73919373124444,117.86960207607696,4603700
2025-01-14,117.06456756591797,118.39975614519054,116.524606332811,118.30158205646225,4652500
2025-01-15,116.93693542480469,118.22303314230075,116.30861230402779,118.14449087965303,4906300
2025-01-16,119.16551971435547,119.46986911439411,117.05475067617246,117.36891224154596,3840100
2025-01-17,119.626953125,120.59888935418395,119.25388858506146,120.34363821695374,4752400
2025-01-21,121.05049896240234,122.21878332729584,120.47125911761755,121.4235634878856,4859700
2025-01-22,120.33381652832031,121.23703012988591,119.13607317006023,121.15849535294318,4256800
2025-01-23,120.36327362060547,120.82470009885661,119.98038941316372,120.26509952719533,3821400
2025-01-24,120.49089813232422,121.22721501595069,120.07855498493937,120.3338136018533,4470300
2025-01-27,122.6213150024414,123.03365068815413,120.79524840548147,120.85415136338239,4734000
2025-01-28,122.07151794433594,123.16126752946974,121.44319480392399,122.33659621650506,3350800
2025-01-29,121.94389343261719,123.01401120580351,121.73772560259842,122.01261604262345,3930500
2025-01-30,123.78958892822266,124.17248059265792,122.33659449528895,122.55258197617972,4334300
2025-01-31,122.51331329345703,123.91722445711133,122.34641659677851,123.62269470633524,3268400
2025-02-03,122.04206085205078,123.02381665004704,120.85413723529958,121.69844782079255,5635800
2025-02-04,122.85691833496094,123.10235728120949,121.99297594063881,122.0420592357672,5804900
2025-02-05,123.22017669677734,123.26925999430567,121.66900068299262,122.85692434209533,4381500
2025-02-06,123.85832214355469,125.15423957130628,123.50488943687674,123.64233465722897,4769200
2025-02-07,122.41513061523438,124.48663591042265,122.17950383506924,123.79940237024425,3216700
2025-02-10,122.69002532958984,123.36743923842148,121.32538534672787,122.83729019979704,3765000
2025-02-11,122.40531921386719,122.54276443313026,121.65918267343723,122.1991513849726,2571300
2025-02-12,122.14024353027344,122.2776887440216,121.34501623335628,121.57082336462963,3453300
2025-02-13,123.9275131225586,124.19339280809098,122.33226506075573,122.59813723344026,2885700
2025-02-14,122.44058227539062,124.81377079369021,121.46570758935691,124.61682899284337,4192900
2025-02-18,121.93836975097656,122.45042290444422,120.36281291779038,122.12546219461119,5121300
2025-02-19,121.53463745117188,122.10577918917252,121.12105516345338,122.02699946403145,3678700
2025-02-20,121.10135650634766,121.49524008202074,120.08708451173132,121.20966923066442,4662900
2025-02-21,119.25992584228516,121.18998400665755,118.82664487235633,121.05212324583438,5692800
2025-02-24,119.61441802978516,120.63853182752212,119.42731807733061,119.68334840497671,5293000
2025-02-25,120.82563018798828,121.49524279959695,119.64396440884254,119.66365558292759,6373500
2025-02-26,122.982177734375,125.63108765487858,121.1210500060417,123.95705237472869,7545100
2025-02-27,121.60356903076172,124.52820061802309,121.2687664648851,124.07522846327039,5259600
2025-02-28,122.85416412353516,122.99202487777178,121.46569972506217,121.7118807166058,6043200
2025-03-03,121.65279388427734,124.06536448127298,121.18012309739002,122.52919757137191,4817500
2025-03-04,119.88030242919922,121.3179986248965,119.38794040959681,120.91426567550359,6264200
2025-03-05,121.16043853759766,121.34753849657604,119.34854252062473,119.4864032758148,6704900
2025-03-06,118.80694580078125,120.94379496435445,118.31458382689723,119.70304068656944,4834100
2025-03-07,117.4480209350586,118.73801440428225,115.45888188331868,118.17672205939324,6230100
2025-03-10,115.81338500976562,117.96008353331369,115.20285345271795,116.96551023464092,5952200
2025-03-11,114.34616088867188,115.81339763879659,113.96211910516841,115.66568752679179,6518900
2025-03-12,113.57806396484375,115.60660053878138,113.10540064616656,115.60660053878138,4063700
2025-03-13,111.08670806884766,113.21371543905664,110.38755495535702,113.21371543905664,6018600
2025-03-14,111.52983856201172,112.25853219370686,110.58450445560642,111.82525124428656,6411000
2025-03-17,112.77058410644531,113.32203463039974,111.64799939792202,112.15021071895009,4358400
2025-03-18,113.4992904663086,113.75531329733491,112.39639688049095,112.8099791578546,5874100
2025-03-19,116.0595703125,116.46330324258905,113.54852112745034,113.96211091390585,6838200
2025-03-20,114.47416687011719,116.17774272360087,114.22798586609542,115.50813009214777,6841300
2025-03-21,114.34616088867188,114.52341152050796,112.23885199509193,113.57806980881658,7150700
2025-03-24,117.77298736572266,117.8714582618724,115.19301532749938,115.21270650159022,4315200
2025-03-25,118.0487060546875,118.88572743404647,117.58589210257595,117.77298454692824,4134700
2025-03-26,117.87146759033203,118.68879036746945,117.50712449445872,118.03887639116807,3004700
2025-03-27,118.7281723022461,119.48640647609975,117.56619768248811,117.97977995913556,4003400
2025-03-28,116.40422058105469,118.43274957237654,115.41949660268911,118.18656857778514,3742300
2025-03-31,119.93938446044922,120.28403635286618,115.66567845593548,115.84292907387103,6828800
2025-04-01,120.84532165527344,121.00287357708463,119.39777627894937,119.58487622939454,4781900
2025-04-02,123.02157592773438,123.54347847243625,119.94923418559256,120.13633415929635,5002000
2025-04-03,123.5139389038086,126.04467943252584,121.24907056511606,121.89899204960722,11388100
2025-04-04,120.29388427734375,126.36962939421088,119.93938304565431,123.45484733253483,12964000
2025-04-07,117.31017303466797,122.09593250493923,114.59234007373111,118.20627552375932,12898300
2025-04-08,118.1964111328125,122.96247882105405,116.77840628129479,120.49081967371342,10926000
2025-04-09,124.12445831298828,127.01954916299461,117.92069435235975,117.92069435235975,12134400
2025-04-10,125.52277374267578,126.46810040037336,121.91868017417502,124.04568769253905,7583200
2025-04-11,126.19237518310547,127.04909528460709,123.97675368553503,124.59712710382692,6935500
2025-04-14,128.60496520996094,129.19579061659374,126.66505765550573,127.28542358118534,7093500
2025-04-15,126.53704071044922,129.29427106180844,126.33024204817622,128.51633064616345,5020900
2025-04-16,124.38048553466797,127.29527517422828,123.6124020198188,126.76351580198148,5569600
2025-04-17,125.67048645019531,126.0249877105901,124.25248140861622,124.83346499418924,5555200
2025-04-21,122.0860824584961,125.5818480830071,120.38250666587408,125.28643539644366,4946600
2025-04-22,123.78965759277344,124.82362083511762,122.10578039372434,122.69661331241467,4989300
2025-04-23,123.5828628540039,126.1529931127923,122.90340088519724,125.24704882961538,5612900
2025-04-24,124.56758880615234,125.08949133585365,122.0269990258366,122.78524073011245,4626200
2025-04-25,124.62667083740234,124.83346198216839,123.20867334288545,124.16384934122914,4205800
2025-04-28,125.18795013427734,125.8378715322609,124.18353503439505,124.83344891953126,3573200
2025-04-29,126.07421112060547,126.25146925200265,124.20323403877279,124.96147571756367,3886700
2025-04-30,126.71428680419922,126.90138678262797,124.58728670811611,126.02499046943939,5685800
2025-05-01,125.6803207397461,126.81275483622797,125.3947498797395,125.90681056418161,4585300
2025-05-02,127.23619842529297,127.79748330857957,126.27115805816767,127.02939976785291,4720700
2025-05-05,126.9703140258789,127.90579881382709,126.83245326792544,127.23619371110905,4869600
2025-05-06,126.4976577758789,126.90138321589707,125.53262490350232,125.68032750037526,3472100
2025-05-07,126.68473052978516,127.91563547090509,126.14314437624846,126.14314437624846,5967700
2025-05-08,126.13328552246094,128.27999151913406,125.77879181685293,127.09832579951423,4443600
2025-05-09,126.14314270019531,126.38932368514831,125.02055049698998,125.61138335830769,4131100
2025-05-12,129.48135375976562,129.53057793525167,126.66504274515145,128.31937171981986,4810500
2025-05-13,128.82159423828125,130.44638274407734,128.37845644061412,129.66844240987083,5471800
2025-05-14,129.24501037597656,129.5108900330872,128.01410551525296,128.50646745954242,5763100
2025-05-15,131.4332733154297,131.57158193668826,129.3290075116033,129.55622558770472,4846400
2025-05-16,131.72962951660156,132.2828639020055,130.88001526058653,131.39373936467865,4874400
2025-05-19,133.39923095703125,133.65608548993882,130.9491863312354,131.47278427395574,5118900
2025-05-20,133.30043029785156,134.20933263575859,132.6385237606313,133.24115733548962,7061100
2025-05-21,129.4475555419922,131.3937651490326,128.3904857212674,129.56610148369717,12025600
2025-05-22,128.0150604248047,129.77356210768673,127.56060922524149,128.81527561960394,5341800
2025-05-23,124.18191528320312,126.57268708031951,123.41133656655025,126.45414114683702,8787100
2025-05-27,126.41461944580078,126.6912442023682,124.83394423739948,125.11056145671296,7198200
2025-05-28,124.69564056396484,126.87894192243968,124.54745060853665,126.04909023164856,4344800
2025-05-29,125.53536987304688,126.3849842192404,125.1698356654623,125.81198709510913,6410900
2025-05-30,125.367431640625,125.75272101204921,124.67588101036674,125.61441239344843,9364900
2025-06-02,126.87893676757812,126.90858832451669,124.35973777666626,124.7252719802376,6271000
2025-06-03,126.57268524169922,126.84930246547906,125.29827125174981,126.6912462479678,5132600
2025-06-04,126.52330017089844,127.5112231265878,126.00957601307775,126.67148258444865,4437200
2025-06-05,125.83175659179688,126.64185315911627,125.00189734340013,126.51341834387681,4693600
2025-06-06,126.89871215820312,127.23460237573431,125.7626066858732,126.39487683190634,4612900
2025-06-09,124.82405853271484,126.53316848835843,124.22142495288848,126.46400664869455,4754800
2025-06-10,124.51780700683594,125.05128629352852,123.94480989847125,124.18190929125002,4684800
2025-06-11,123.02604675292969,124.68575765082984,122.79882868975969,124.68575765082984,4145800
2025-06-12,122.95689392089844,123.43110027052327,122.06776172613574,122.96677526118864,4087600
2025-06-13,122.41353607177734,123.46073198445562,121.76150330839008,122.00848404532393,3786600
2025-06-16,122.76918029785156,123.80650239857394,122.58148006479756,123.05567885459635,4930200
2025-06-17,121.52440643310547,123.09520033471827,121.23790786784662,121.9788500940234,4264600
2025-06-18,121.06007385253906,122.0084789381955,120.93164658812069,121.95907977797494,4924800
2025-06-20,122.00849151611328,122.28510875245631,121.02056850788564,121.5639291773126,6729700
2025-06-23,123.2532730102539,123.46073593144037,121.2379092279729,121.95908878201335,4072700
2025-06-24,123.09520721435547,124.03373860898519,122.68028135344777,123.4409787651119,4546200
2025-06-25,121.00081634521484,123.24339831275023,120.97117232294399,122.9865362138515,4669700
2025-06-26,120.6649169921875,121.28730578102703,118.4519715390591,121.28730578102703,8415100
2025-06-27,121.88993072509766,122.29498275203927,120.17094690439725,120.5068446264042,9786300
2025-06-30,121.99861145019531,122.49257295946985,120.78347035824244,122.49257295946985,6228000
2025-07-01,123.6484375,124.13251762512532,121.67259164058615,122.17642690791395,5126200
2025-07-02,123.79662322998047,124.11275827447554,122.80870027377665,123.87565887541774,4790200
2025-07-03,124.3399887084961,124.58696945715634,123.26314872496518,123.83614587079799,2986600
2025-07-07,123.65831756591797,124.67587702909611,123.21375523993375,124.4288962841595,3945000
2025-07-08,123.74723052978516,124.13251987637811,122.65063545494245,123.51012359553262,5683300
2025-07-09,123.9349365234375,124.4288980202025,122.84822273800535,124.00409083149442,3818100
2025-07-10,122.6605224609375,123.85590837831055,122.4925698237702,123.51012930086642,5051100
2025-07-11,122.2159423828125,122.67038601728112,121.88005221104365,122.23570506188929,4145900
2025-07-14,122.06776428222656,122.19619909692595,121.04032345090339,121.66271976889732,4651200
2025-07-15,120.26973724365234,122.29498229630543,120.24998210113918,121.70223003660944,4720500
2025-07-16,119.88445281982422,120.81310283840101,118.3926870008295,120.6550315427904,6151800
2025-07-17,120.69454956054688,120.91189382373345,119.5386814742411,119.58808063851231,3828200
2025-07-18,120.69454956054688,121.3367010098015,120.52660446163152,120.82298437275034,3464300
2025-07-21,123.43109130859375,123.6583093579913,120.82297541815949,121.0106756465197,4721900
2025-07-22,124.08312225341797,124.90310011905895,122.72967262222559,123.56940563067239,4284900
2025-07-23,124.83393859863281,125.50572647401536,124.40913144894601,124.66599351410058,4367500
2025-07-24,124.73515319824219,125.18959684866157,123.88553886220693,124.54744542669252,4722800
2025-07-25,124.91297912597656,125.48596870369138,124.4387727976998,125.22911416574311,5143200
2025-07-28,123.87566375732422,125.59464765843245,123.3421844354794,124.81418758780323,6114400
2025-07-29,124.84382629394531,125.46621504097337,123.98433061135556,124.57708287575188,5543300
2025-07-30,124.29058837890625,125.54525479120294,123.76699040261481,125.1006849254288,3193300
2025-07-31,123.02604675292969,124.25106913032495,122.87785679937083,123.43109879017364,4653000
2025-08-01,124.4782943725586,124.70551997232889,122.28510417051001,122.61112055995055,4855400
2025-08-04,127.6594009399414,127.6594009399414,124.77466782222061,124.89321374878898,4807800
2025-08-05,127.21484375,128.28180235548882,126.92833764994319,127.66927986976809,5178400
2025-08-06,130.504638671875,130.5639116419257,127.07654454185683,127.35316178509957,4839400
2025-08-07,130.3860626220703,131.28507609619598,129.398139703121,131.10725720654867,6154800
2025-08-08,129.78343200683594,131.1467704900096,129.7735582042433,130.48486392811583,4629700
2025-08-11,130.80099487304688,130.85039403632572,129.2993628160256,130.1983612598646,3304200
2025-08-12,131.77903747558594,132.04578088440223,130.73184159405724,131.20604037400264,4284500
2025-08-13,132.48046875,132.60888847810924,131.5518187992497,131.739526564764,5593800
2025-08-14,131.76194763183594,132.81247298731734,131.5241019648956,131.83132936631728,3763200
2025-08-15,131.43490600585938,132.41606483356347,130.83035634640396,131.94035833639037,4796100
2025-08-18,131.87095642089844,132.93140202296573,131.4448062146031,131.74211327832796,6225500
2025-08-19,133.4170379638672,133.76391643136142,132.1484771859345,132.1484771859345,6727300
2025-08-20,137.03440856933594,144.27908319964325,136.5289563061011,142.25730439157363,13223200
2025-08-21,136.28118896484375,137.52001881729922,135.1018356481513,135.24058398672895,7054300
2025-08-22,135.3198699951172,138.1345032084202,134.7054151629743,136.73709935876983,5776700
2025-08-25,134.28916931152344,135.84514701914222,134.15042095919864,134.89371894431778,4734400
2025-08-26,135.4586181640625,135.51809470598837,133.54587193244515,134.45764898363663,6531600
2025-08-27,136.00369262695312,136.27128411003275,135.00272354774867,135.45860446602603,4522000
2025-08-28,135.89468383789062,136.66771250825997,135.08201926343588,136.32084919959644,5138900
2025-08-29,135.38925170898438,136.2514725374759,134.68558962517386,136.04335756901617,4118600
2025-09-02,137.3317413330078,137.3614720422591,134.9829094451042,134.9829094451042,5282500
2025-09-03,138.2236785888672,138.33269621901513,137.15332779898756,137.33172715851808,4798900
2025-09-04,139.7598419189453,139.8391288493288,138.46155056909163,138.6201093074229,4172500
2025-09-05,138.01556396484375,140.2355527169488,137.68851103780798,140.1562657841126,6735800
2025-09-08,139.58143615722656,139.74001001073663,137.9065357453097,137.98582267206473,4801400
2025-09-09,138.71922302246094,139.27421641779648,137.81735119382273,138.53091845137868,3453300
2025-09-10,138.61021423339844,138.78859849796018,137.4704966610892,138.31289200335874,3573600
2025-09-11,139.571533203125,139.98777823344548,138.54081826119642,139.1255574650984,5197900
2025-09-12,138.2335968017578,140.08689668880973,137.65877789070115,139.2643117879408,5173200
2025-09-15,139.9084930419922,139.9778747757911,138.22368738718222,138.5507402984439,4186600
2025-09-16,138.302978515625,139.8490358722171,137.58941125528466,139.41296531062733,3786300
2025-09-17,138.78857421875,139.6309845360879,137.97590972940554,138.7390331244406,4617100
2025-09-18,138.67958068847656,139.75985196043584,138.12458725835262,138.71923171773503,4794700
2025-09-19,138.53091430664062,139.1651946141092,137.85699809602073,138.93725414550957,7503900
2025-09-22,138.1642303466797,138.5408243683696,137.43083757191772,138.5408243683696,3683200
2025-09-23,138.471435546875,138.61018387417914,137.6587559709268,138.20384408620504,3308500
2025-09-24,139.1850128173828,140.1859818855662,137.7578784199179,138.26331555133896,5027700
2025-09-25,140.19590759277344,140.30492522794992,139.04626982590048,139.61116839186215,4120000
2025-09-26,141.8113250732422,141.94016821510724,140.18598093656217,140.60222594593253,4224400
2025-09-29,142.2375030517578,142.36633108264772,140.77071751024653,141.910450131925,4260400
2025-09-30,143.24838256835938,143.53579959423968,142.02937809402565,142.02937809402565,6435800
2025-10-01,143.0303497314453,143.82318875585136,142.25730597450985,142.79248895066246,6703800
2025-10-02,141.21670532226562,143.19883318917823,140.9292883129994,142.38615350497503,4449400
2025-10-03,140.06707763671875,141.96991871156354,139.8886782521576,141.21671551186557,2993800
2025-10-06,141.83116149902344,142.35642417906078,139.97787676464392,139.97787676464392,6309600
2025-10-07,141.3851776123047,142.36632118112917,138.8579616784076,141.4644645378803,6700900
2025-10-08,139.45262145996094,141.6725951315102,139.12556852675525,141.44465464682858,5158400
2025-10-09,137.3218231201172,140.20582294119174,137.2128054770459,139.47243014939974,3750700
2025-10-10,139.1255645751953,139.80940113225375,136.99476797194004,137.47048956442,4261200
2025-10-13,140.12652587890625,140.64188334730352,138.53091237607458,138.97688811187973,4144300
2025-10-14,142.81231689453125,143.06998806960684,139.8985865506811,140.14635253063523,4431800
2025-10-15,143.86285400390625,145.15124022959827,142.7231213293786,142.7231213293786,5397600
2025-10-16,141.2761688232422,143.96194365397406,140.7905420446063,143.96194365397406,3400100
2025-10-17,142.5546417236328,143.1691116851354,141.37527314740998,141.72215159539428,4003100
2025-10-20,142.0491943359375,143.08981448278072,141.27616568341062,142.66364913091132,3321600
2025-10-21,142.6240234375,143.0105377914321,141.3950986371442,141.90053583153653,3886900
2025-10-22,141.78160095214844,143.32765823659844,141.6527578042992,143.10962296597754,3800000
2025-10-23,141.12750244140625,142.10866120995988,140.82027503211947,141.78160828710867,5072500
2025-10-24,140.6418914794922,141.71224238077542,140.5725097428883,141.4942070977861,3442600
2025-10-27,141.98974609375,142.25732249045666,140.82028268883786,141.276178790992,3775400
2025-10-28,142.74293518066406,142.76276069334497,140.99866812562803,141.54375630608783,3628100
2025-10-29,140.42385864257812,142.55464016421143,139.6012737192325,142.2870637760567,4383300
2025-10-30,141.01849365234375,142.20778258188693,140.13644727380927,140.3445773732104,4168600
2025-10-31,138.88771057128906,140.79055166695971,138.46156030325866,140.40403730568968,4877300
2025-11-03,139.15528869628906,139.47242128715877,137.57950069219746,139.12555798847114,5195700
2025-11-04,140.7806396484375,140.83019587131398,138.5110946936442,138.56065091652067,4473300
2025-11-05,142.41587829589844,144.24935254558716,140.09679241735168,140.4734015355966,6335900
2025-11-06,142.4852752685547,142.74294646403317,140.5824342065287,142.1086661100245,5554600
2025-11-07,143.3177490234375,143.81328096596755,142.05909365512946,142.68346874189643,5638000
2025-11-10,145.40890502929688,145.61701999177214,142.4753490617274,142.82222749576735,4056300
2025-11-11,144.85391235351562,146.27112656078023,144.31872934533033,145.87470702485004,2980000
2025-11-12,146.31077575683594,146.78648221848616,143.63489099426855,145.34944251567802,5826500
2025-11-13,145.51065063476562,147.0214212623232,145.36156791360023,146.0771953073856,3879200
2025-11-14,145.19261169433594,146.8027658499236,144.54655114055439,145.27212753939042,4774300
2025-11-17,144.29806518554688,146.10701647882036,143.8806183869675,145.27212288166163,10612400
2025-11-18,144.69564819335938,145.9579375813299,142.9463451106536,143.37372571346995,10007700
2025-11-19,144.9242401123047,150.08271465174462,143.78123212675956,149.58575202044747,8563300
2025-11-20,147.1705322265625,148.32347409357737,145.05346640132552,145.3615808298423,9023900
2025-11-21,150.51010131835938,151.65312451619994,147.91597083758882,148.15450320395124,10087100
2025-11-24,147.95571899414062,150.79834592476837,147.59790528377852,150.57968114809728,13003600
2025-11-25,151.4642791748047,152.09045698065805,147.5084606407477,147.96565779573837,5639100
2025-11-26,152.1997833251953,153.72048779376112,151.0269436057618,152.06063439232315,4373600
2025-11-28,150.99713134765625,152.13020559495558,150.59956728990431,151.97117390541612,2496200
2025-12-01,150.21192932128906,151.81214959572688,149.79448253223083,150.57967681415315,4598200
2025-12-02,149.1086883544922,150.8182412053332,148.5023932717393,150.76854190358017,5336400
2025-12-03,149.14842224121094,150.06283166141247,148.75085820324364,149.45653664555,4517000
2025-12-04,149.38697814941406,150.390837259595,149.1484306135854,149.17824715980188,4075400
2025-12-05,152.34886169433594,152.40849478299063,149.03908877913835,149.16830391528737,6075200
2025-12-08,152.78619384765625,153.50182125595268,151.87178441840993,152.3190477570712,5633500
2025-12-09,152.74644470214844,153.12414119866978,152.0904654793715,152.59736196199407,5108800
2025-12-10,154.72434997558594,155.4499111996945,153.92920670059613,154.13793768714336,6249200
2025-12-11,154.63490295410156,156.76190253017478,154.26715543921267,155.33064764420087,4444400
2025-12-12,155.1914825439453,156.18540775946082,154.65476960064885,155.1417832499505,4431100
2025-12-15,155.75804138183594,156.38420401169233,154.98276569031972,155.2610787288184,5709900
2025-12-16,154.1478729248047,156.8712337381825,154.06835707995094,156.08602424906232,4658900
2025-12-17,154.71441650390625,154.9231323247907,153.67079190119415,154.61501790703974,3845900
2025-12-18,153.9391632080078,155.96676425085934,153.72049841751144,154.71442376845962,5513100
2025-12-19,153.66085815429688,154.48580281093217,153.21357963435923,154.19757114568685,9330800
2025-12-22,155.62881469726562,155.67851399210093,153.21356849634802,153.5813311452529,3603000
2025-12-23,154.9728240966797,156.20529687392286,154.66470969389283,155.92699901552857,2793900
2025-12-24,156.33450317382812,156.513417613523,154.97283037111868,154.98276416428644,1402700
2025-12-26,156.15560913085938,156.80165452862238,155.7381623123837,156.04627673796597,1688200
2025-12-29,155.51950073242188,156.61282468389334,155.08217115183328,155.8872482587817,3214800
2025-12-30,154.4062957763672,155.5493037631404,154.0981662051113,154.85355911179602,2848000
2025-12-31,152.67686462402344,154.96289582754395,152.6271653262324,154.20750289975143,3040400
2026-01-02,153.34278869628906,153.41237074457663,151.12633960147915,152.31904688645733,4064700
2026-01-05,152.90545654296875,154.07829622221254,151.95129679771193,153.06448822254345,5027200
2026-01-06,152.98497009277344,153.87951190241924,151.20585059821158,152.07056069804995,5327900
2026-01-07,153.104248046875,154.59513601155908,152.39856956993867,153.4322452190371,5681800
2026-01-08,157.28868103027344,157.58686165786298,152.48801994098184,153.46206250275068,5950300
2026-01-09,156.85134887695312,158.51120230495826,156.34445243468335,156.96068126639523,4487900
2026-01-12,156.1456756591797,157.79558018338486,155.8474950264834,156.75197071809328,5529800
2026-01-13,157.17933654785156,157.1992192991205,155.3405687909124,155.92699620762912,4104000
2026-01-14,154.1876220703125,157.14951493788533,153.60119467250075,156.7917012570574,5371200
2026-01-15,155.2113800048828,155.83754263705723,153.86957477032954,154.80386698803665,4105700
2026-01-16,156.42396545410156,156.83146329275846,154.76411205606647,155.02252716912892,6270000
2026-01-20,155.13186645507812,156.64263719470046,154.40630521476018,156.24505796527518,5887600
2026-01-21,154.90325927734375,156.04626727053025,154.06835052494998,155.3902729529694,5511800
2026-01-22,152.48800659179688,155.73814633241355,151.8121447167842,154.99270241174614,5808100
2026-01-23,152.3091278076172,152.79614152829495,151.5438010329983,152.12027956241664,5651500
2026-01-26,149.16830444335938,152.8557586551226,147.98553096053485,151.80220030890456,8152500
2026-01-27,147.1108856201172,149.99327823529305,146.65368845204955,149.58576520185653,7093800
2026-01-28,146.8922119140625,147.32954146817255,145.8585362856994,146.48471407145664,6424300
2026-01-29,146.57415771484375,147.92589666041832,144.94412091277698,146.84252177863826,5950400
2026-01-30,148.8999481201172,149.0291632634428,146.19647006625138,146.81271407079944,6015900
2026-02-02,149.2577667236328,149.57583011266183,147.84639455853508,149.386981871188,8782100
2026-02-03,151.14622497558594,151.68293795500418,148.60176351309937,148.78067795030293,5637600
2026-02-04,153.00486755371094,154.24727421480563,151.7028277994592,151.95130913167813,6879000
2026-02-05,154.45599365234375,155.43998521073334,152.65699119158987,153.60121724288032,7474700
2026-02-06,154.91319274902344,155.39027263076207,153.79005234396146,154.43611286728483,4708100
2026-02-09,155.2908935546875,155.3803431913767,153.08437818644163,154.4559847806322,4337600
2026-02-10,152.35879516601562,156.20529620319135,152.13019660462243,155.65863428151565,4519400
2026-02-11,149.83424377441406,153.3229162293667,149.3571638616395,152.2494750510512,5469400
2026-02-12,153.67665100097656,155.08205151327093,151.48383624368714,152.61015207099783,6172400
2026-02-13,153.95574951171875,155.31131020187811,152.1715847105587,153.41750390338993,3754700
2026-02-17,156.45755004882812,156.4774890144611,152.90917461488613,154.85280551730105,5506700
2026-02-18,156.71669006347656,156.80640780107296,155.45084715787394,155.82959623727106,2944200
2026-02-19,155.99903869628906,156.80640707708517,154.76309663926702,156.45754363319892,3933200
2026-02-20,157.7134246826172,157.98254747626297,155.15182283094296,155.55051087347644,5643200
2026-02-23,157.17520141601562,159.9361626228559,155.2415323833901,158.48092230471286,5710000
2026-02-24,157.14529418945312,158.4310760602072,156.5073841930604,157.55395932077593,5280900
2026-02-25,155.31130981445312,162.14889972703898,154.29463549712608,157.0356577145173,8042000
2026-02-26,158.17193603515625,158.8098460544682,155.90934251912302,157.3047811425379,5987700
2026-02-27,161.13223266601562,161.13223266601562,157.8828658458459,157.91276668820558,7099900
2026-03-02,159.4178466796875,160.9727513178045,158.23172923654155,159.69693134760726,4924400
2026-03-03,159.18861389160156,159.19857577014932,155.24153510328654,158.14203870304286,5060100
2026-03-04,161.20199584960938,161.37143902557366,157.6835214564734,159.4876099164754,4741100
2026-03-05,160.4046173095703,160.6737401205264,158.45102448293528,159.7467835179748,6532400
2026-03-06,158.80984497070312,159.58729732615356,157.10542083207753,159.1586932174453,5923100
2026-03-09,157.62371826171875,158.4111324494173,154.60361154763902,157.9626046104005,4620600
2026-03-10,159.00918579101562,162.05919346378965,155.86947558880098,156.75656942309783,5804700
2026-03-11,157.3645782470703,158.4809169461083,156.63695050811424,158.09219077705228,3977100
2026-03-12,155.28138732910156,157.66358411281084,155.18172292343698,156.7366275743637,3664300
2026-03-13,154.9225616455078,157.35459823083056,154.52387360583717,155.9492130051586,3123500
2026-03-16,155.51065063476562,157.2648993424743,154.822900822791,156.06881998681047,4384700
2026-03-17,154.87274169921875,156.25820321080417,153.8859682392794,156.0887600284059,3861600
2026-03-18,152.3709259033203,155.24152853704072,152.2513225299067,154.21489235797597,3103400
2026-03-19,154.17501831054688,155.08205113904236,151.68317990850952,152.44070851647263,3889100
2026-03-20,154.4740447998047,156.16849190253893,153.7663711976449,153.7663711976449,7321800
2026-03-23,155.98907470703125,157.30477260550657,155.0920190191426,156.7864659901399,4577100
2026-03-24,157.86294555664062,158.93942153214655,154.96244211227528,156.2183231458785,4380000
2026-03-25,159.218505859375,159.38794903908905,156.25820073542715,157.03565307010294,3606700
2026-03-26,157.0555877685547,159.40786846466568,156.51734219210917,159.0590202367219,4156600
2026-03-27,154.61358642578125,157.48418917121717,153.9557526374312,156.79643932937523,4319100
2026-03-30,155.28138732910156,157.14529270181782,154.7431569533861,156.55722251878316,3868100
2026-03-31,159.1786346435547,159.80658278996177,156.30804713635374,156.82633857534958,4199500
2026-04-01,161.5010223388672,161.83990869679155,159.4776508602951,159.936155798467,4003900
2026-04-02,160.76344299316406,161.81001818555345,159.63714235415117,160.9727641152319,3856700
2026-04-06,161.29171752929688,161.62062680252222,159.37797232214137,160.29498220468318,3698100
2026-04-07,157.0655517578125,160.93288962213947,156.91603233613483,160.75346935792103,4308600
2026-04-08,161.1123046875,161.36148853013776,157.53402835737597,157.9127774560825,4938000
2026-04-09,164.46133422851562,165.27866452317122,160.0158878356021,160.30494960672647,5593300
2026-04-10,161.0724334716797,164.4114876615806,159.8962778877784,163.89318103771018,3559400
2026-04-13,158.80984497070312,160.72357501557914,156.81637427283547,160.44449033459563,5208400
2026-04-14,159.75674438476562,159.84644691819122,157.3845093299006,157.9725947588542,4537600
2026-04-15,159.70689392089844,160.74350715680654,158.43107394514522,159.17862542510878,3366700
2026-04-16,156.96588134765625,160.63387540714038,155.9093442919981,159.87634679442343,3956100
2026-04-17,160.15542602539062,160.87307668195487,157.99251217759743,158.06229095122345,5190300
2026-04-20,159.16867065429688,160.9727592063939,158.8497080416297,160.50429237464806,4062200
2026-04-21,158.7301025390625,160.16540385887984,157.96261207047073,159.54743281633736,3236600
2026-04-22,157.95265197753906,159.70690071660147,157.68352917478805,158.87960855182945,2582000
2026-04-23,157.8330535888672,160.00592941809194,156.98582243183557,158.22177977891081,3179100
2026-04-24,156.51734924316406,158.0423530968379,155.21162838103575,157.1751982178006,3981400
2026-04-27,156.96588134765625,158.2516784882023,155.95918410214654,155.95918410214654,3799500
2026-04-28,156.68679809570312,158.23174097059683,155.34121446322786,157.94269440344988,2841000
2026-04-29,155.56048583984375,156.12861705315817,154.6434759783639,155.50066894620258,3545800
2026-04-30,156.23826599121094,157.06555815614564,154.92256802992458,155.59039409780368,4613200
2026-05-01,156.31800842285156,157.7632716538793,155.49071624850373,156.59709310709246,4125500
2026-05-04,154.13514709472656,156.2980608834346,152.99886945436904,155.38106622709114,4047000
2026-05-05,154.45411682128906,156.61703070981994,154.19495589605322,154.50394142170413,6108700
2026-05-06,154.9425048828125,155.64021657596282,152.71978934285713,155.34120814245142,7664700
2026-05-07,153.97567749023438,156.9160438241437,152.91914041918,155.53058225208608,4674100
2026-05-08,152.8593292236328,154.79299817711058,152.0220752053148,154.51391350433792,4908200
2026-05-11,148.42385864257812,153.37763434933933,146.78921334275378,152.3410211100514,5770500
2026-05-12,149.76943969726562,150.55686909600433,146.62972960693412,148.51355870292772,5317800
2026-05-13,146.54998779296875,149.31094879198892,145.66289399733787,148.69296257295025,6416100
2026-05-14,147.35000610351562,148.1199951171875,146.39999389648438,146.75999450683594,7764800
2026-05-15,147.42999267578125,148.3699951171875,147.10000610351562,147.82000732421875,8988100
2026-05-18,150.25,151.66000366210938,147.8000030517578,148.19000244140625,6911700
2026-05-19,150.67999267578125,152.55999755859375,148.7100067138672,149.10000610351562,8732600
2026-05-20,159.2100067138672,160.58999633789062,152.4499969482422,152.88999938964844,9371800
2026-05-21,157.4600067138672,159.97999572753906,156.50999450683594,159.5,5855000
2026-05-22,158.27000427246094,158.4600067138672,155.8800048828125,157.5,4844800
2026-05-26,158.97000122070312,159.80999755859375,157.0,158.3000030517578,4721700
2026-05-27,157.00999450683594,160.88999938964844,156.55999755859375,160.0,5631000
2026-05-28,154.88999938964844,157.6300048828125,153.77000427246094,156.02000427246094,7647200
